date,party,polling_value,political_position,ideology,wikipedia_url
2018-06-03,Andrej Čuš and Greens of Slovenia,1.1,Centre-right,Green conservatism,https://en.wikipedia.org/wiki/Greens_of_Slovenia
2018-08-26,Andrej Čuš and Greens of Slovenia,0.6,Centre-right,Green conservatism,https://en.wikipedia.org/wiki/Greens_of_Slovenia
2018-09-23,Andrej Čuš and Greens of Slovenia,0.6,Centre-right,Green conservatism,https://en.wikipedia.org/wiki/Greens_of_Slovenia
2018-11-22,Andrej Čuš and Greens of Slovenia,1.1,Centre-right,Green conservatism,https://en.wikipedia.org/wiki/Greens_of_Slovenia
2018-12-06,Andrej Čuš and Greens of Slovenia,1.1,Centre-right,Green conservatism,https://en.wikipedia.org/wiki/Greens_of_Slovenia
2019-01-10,Andrej Čuš and Greens of Slovenia,1.3,Centre-right,Green conservatism,https://en.wikipedia.org/wiki/Greens_of_Slovenia
2019-02-06,Andrej Čuš and Greens of Slovenia,1.3,Centre-right,Green conservatism,https://en.wikipedia.org/wiki/Greens_of_Slovenia
2019-03-07,Andrej Čuš and Greens of Slovenia,0.2,Centre-right,Green conservatism,https://en.wikipedia.org/wiki/Greens_of_Slovenia
2019-05-23,Andrej Čuš and Greens of Slovenia,0.4,Centre-right,Green conservatism,https://en.wikipedia.org/wiki/Greens_of_Slovenia
2019-07-11,Andrej Čuš and Greens of Slovenia,0.4,Centre-right,Green conservatism,https://en.wikipedia.org/wiki/Greens_of_Slovenia
2019-08-08,Andrej Čuš and Greens of Slovenia,1.4,Centre-right,Green conservatism,https://en.wikipedia.org/wiki/Greens_of_Slovenia
2019-08-25,Andrej Čuš and Greens of Slovenia,0.8,Centre-right,Green conservatism,https://en.wikipedia.org/wiki/Greens_of_Slovenia
2019-09-05,Andrej Čuš and Greens of Slovenia,0.7,Centre-right,Green conservatism,https://en.wikipedia.org/wiki/Greens_of_Slovenia
2019-09-22,Andrej Čuš and Greens of Slovenia,1.1,Centre-right,Green conservatism,https://en.wikipedia.org/wiki/Greens_of_Slovenia
2019-10-10,Andrej Čuš and Greens of Slovenia,1.6,Centre-right,Green conservatism,https://en.wikipedia.org/wiki/Greens_of_Slovenia
2019-11-07,Andrej Čuš and Greens of Slovenia,1.2,Centre-right,Green conservatism,https://en.wikipedia.org/wiki/Greens_of_Slovenia
2019-11-24,Andrej Čuš and Greens of Slovenia,0.9,Centre-right,Green conservatism,https://en.wikipedia.org/wiki/Greens_of_Slovenia
2020-01-09,Andrej Čuš and Greens of Slovenia,1.3,Centre-right,Green conservatism,https://en.wikipedia.org/wiki/Greens_of_Slovenia
2020-02-03,Andrej Čuš and Greens of Slovenia,1.0,Centre-right,Green conservatism,https://en.wikipedia.org/wiki/Greens_of_Slovenia
2020-03-05,Andrej Čuš and Greens of Slovenia,1.4,Centre-right,Green conservatism,https://en.wikipedia.org/wiki/Greens_of_Slovenia
2020-03-19,Andrej Čuš and Greens of Slovenia,1.2,Centre-right,Green conservatism,https://en.wikipedia.org/wiki/Greens_of_Slovenia
2020-04-09,Andrej Čuš and Greens of Slovenia,1.1,Centre-right,Green conservatism,https://en.wikipedia.org/wiki/Greens_of_Slovenia
2020-05-21,Andrej Čuš and Greens of Slovenia,0.3,Centre-right,Green conservatism,https://en.wikipedia.org/wiki/Greens_of_Slovenia
2020-06-04,Andrej Čuš and Greens of Slovenia,0.2,Centre-right,Green conservatism,https://en.wikipedia.org/wiki/Greens_of_Slovenia
2020-07-09,Andrej Čuš and Greens of Slovenia,0.8,Centre-right,Green conservatism,https://en.wikipedia.org/wiki/Greens_of_Slovenia
2020-08-06,Andrej Čuš and Greens of Slovenia,1.1,Centre-right,Green conservatism,https://en.wikipedia.org/wiki/Greens_of_Slovenia
2020-08-24,Andrej Čuš and Greens of Slovenia,1.1,Centre-right,Green conservatism,https://en.wikipedia.org/wiki/Greens_of_Slovenia
2020-09-10,Andrej Čuš and Greens of Slovenia,1.3,Centre-right,Green conservatism,https://en.wikipedia.org/wiki/Greens_of_Slovenia
2020-09-28,Andrej Čuš and Greens of Slovenia,1.0,Centre-right,Green conservatism,https://en.wikipedia.org/wiki/Greens_of_Slovenia
2020-10-08,Andrej Čuš and Greens of Slovenia,0.7,Centre-right,Green conservatism,https://en.wikipedia.org/wiki/Greens_of_Slovenia
2020-11-23,Andrej Čuš and Greens of Slovenia,1.0,Centre-right,Green conservatism,https://en.wikipedia.org/wiki/Greens_of_Slovenia
2020-12-09,Andrej Čuš and Greens of Slovenia,1.0,Centre-right,Green conservatism,https://en.wikipedia.org/wiki/Greens_of_Slovenia
2014-07-13,Civic List,0.6,Centre to centre-right,Classical liberalism,https://en.wikipedia.org/wiki/Civic_List_(Slovenia)
2014-12-04,Civic List,0.2,Centre to centre-right,Classical liberalism,https://en.wikipedia.org/wiki/Civic_List_(Slovenia)
2015-01-08,Civic List,0.1,Centre to centre-right,Classical liberalism,https://en.wikipedia.org/wiki/Civic_List_(Slovenia)
2015-05-07,Civic List,0.1,Centre to centre-right,Classical liberalism,https://en.wikipedia.org/wiki/Civic_List_(Slovenia)
2015-06-05,Civic List,0.2,Centre to centre-right,Classical liberalism,https://en.wikipedia.org/wiki/Civic_List_(Slovenia)
2015-08-06,Civic List,0.1,Centre to centre-right,Classical liberalism,https://en.wikipedia.org/wiki/Civic_List_(Slovenia)
2015-09-03,Civic List,0.2,Centre to centre-right,Classical liberalism,https://en.wikipedia.org/wiki/Civic_List_(Slovenia)
2015-10-30,Civic List,0.3,Centre to centre-right,Classical liberalism,https://en.wikipedia.org/wiki/Civic_List_(Slovenia)
2014-07-13,Democratic Party of Pensioners of Slovenia,10.2,Centre,Pensioners' interests Single-issue politics Social liberalism Pro-Europeanism,https://en.wikipedia.org/wiki/Democratic_Party_of_Pensioners_of_Slovenia
2014-08-07,Democratic Party of Pensioners of Slovenia,3.8,Centre,Pensioners' interests Single-issue politics Social liberalism Pro-Europeanism,https://en.wikipedia.org/wiki/Democratic_Party_of_Pensioners_of_Slovenia
2014-09-11,Democratic Party of Pensioners of Slovenia,7.5,Centre,Pensioners' interests Single-issue politics Social liberalism Pro-Europeanism,https://en.wikipedia.org/wiki/Democratic_Party_of_Pensioners_of_Slovenia
2014-09-11,Democratic Party of Pensioners of Slovenia,4.5,Centre,Pensioners' interests Single-issue politics Social liberalism Pro-Europeanism,https://en.wikipedia.org/wiki/Democratic_Party_of_Pensioners_of_Slovenia
2014-09-28,Democratic Party of Pensioners of Slovenia,6.2,Centre,Pensioners' interests Single-issue politics Social liberalism Pro-Europeanism,https://en.wikipedia.org/wiki/Democratic_Party_of_Pensioners_of_Slovenia
2014-10-09,Democratic Party of Pensioners of Slovenia,4.5,Centre,Pensioners' interests Single-issue politics Social liberalism Pro-Europeanism,https://en.wikipedia.org/wiki/Democratic_Party_of_Pensioners_of_Slovenia
2014-10-26,Democratic Party of Pensioners of Slovenia,8.5,Centre,Pensioners' interests Single-issue politics Social liberalism Pro-Europeanism,https://en.wikipedia.org/wiki/Democratic_Party_of_Pensioners_of_Slovenia
2014-11-05,Democratic Party of Pensioners of Slovenia,4.0,Centre,Pensioners' interests Single-issue politics Social liberalism Pro-Europeanism,https://en.wikipedia.org/wiki/Democratic_Party_of_Pensioners_of_Slovenia
2014-11-20,Democratic Party of Pensioners of Slovenia,3.4,Centre,Pensioners' interests Single-issue politics Social liberalism Pro-Europeanism,https://en.wikipedia.org/wiki/Democratic_Party_of_Pensioners_of_Slovenia
2014-11-20,Democratic Party of Pensioners of Slovenia,5.5,Centre,Pensioners' interests Single-issue politics Social liberalism Pro-Europeanism,https://en.wikipedia.org/wiki/Democratic_Party_of_Pensioners_of_Slovenia
2014-12-04,Democratic Party of Pensioners of Slovenia,3.5,Centre,Pensioners' interests Single-issue politics Social liberalism Pro-Europeanism,https://en.wikipedia.org/wiki/Democratic_Party_of_Pensioners_of_Slovenia
2014-12-17,Democratic Party of Pensioners of Slovenia,1.6,Centre,Pensioners' interests Single-issue politics Social liberalism Pro-Europeanism,https://en.wikipedia.org/wiki/Democratic_Party_of_Pensioners_of_Slovenia
2014-12-21,Democratic Party of Pensioners of Slovenia,6.4,Centre,Pensioners' interests Single-issue politics Social liberalism Pro-Europeanism,https://en.wikipedia.org/wiki/Democratic_Party_of_Pensioners_of_Slovenia
2015-01-08,Democratic Party of Pensioners of Slovenia,2.6,Centre,Pensioners' interests Single-issue politics Social liberalism Pro-Europeanism,https://en.wikipedia.org/wiki/Democratic_Party_of_Pensioners_of_Slovenia
2015-01-21,Democratic Party of Pensioners of Slovenia,3.4,Centre,Pensioners' interests Single-issue politics Social liberalism Pro-Europeanism,https://en.wikipedia.org/wiki/Democratic_Party_of_Pensioners_of_Slovenia
2015-02-05,Democratic Party of Pensioners of Slovenia,2.9,Centre,Pensioners' interests Single-issue politics Social liberalism Pro-Europeanism,https://en.wikipedia.org/wiki/Democratic_Party_of_Pensioners_of_Slovenia
2015-02-12,Democratic Party of Pensioners of Slovenia,3.8,Centre,Pensioners' interests Single-issue politics Social liberalism Pro-Europeanism,https://en.wikipedia.org/wiki/Democratic_Party_of_Pensioners_of_Slovenia
2015-02-22,Democratic Party of Pensioners of Slovenia,4.8,Centre,Pensioners' interests Single-issue politics Social liberalism Pro-Europeanism,https://en.wikipedia.org/wiki/Democratic_Party_of_Pensioners_of_Slovenia
2015-03-05,Democratic Party of Pensioners of Slovenia,3.0,Centre,Pensioners' interests Single-issue politics Social liberalism Pro-Europeanism,https://en.wikipedia.org/wiki/Democratic_Party_of_Pensioners_of_Slovenia
2015-03-12,Democratic Party of Pensioners of Slovenia,5.0,Centre,Pensioners' interests Single-issue politics Social liberalism Pro-Europeanism,https://en.wikipedia.org/wiki/Democratic_Party_of_Pensioners_of_Slovenia
2015-03-22,Democratic Party of Pensioners of Slovenia,5.9,Centre,Pensioners' interests Single-issue politics Social liberalism Pro-Europeanism,https://en.wikipedia.org/wiki/Democratic_Party_of_Pensioners_of_Slovenia
2015-04-02,Democratic Party of Pensioners of Slovenia,3.5,Centre,Pensioners' interests Single-issue politics Social liberalism Pro-Europeanism,https://en.wikipedia.org/wiki/Democratic_Party_of_Pensioners_of_Slovenia
2015-04-16,Democratic Party of Pensioners of Slovenia,4.3,Centre,Pensioners' interests Single-issue politics Social liberalism Pro-Europeanism,https://en.wikipedia.org/wiki/Democratic_Party_of_Pensioners_of_Slovenia
2015-04-26,Democratic Party of Pensioners of Slovenia,5.4,Centre,Pensioners' interests Single-issue politics Social liberalism Pro-Europeanism,https://en.wikipedia.org/wiki/Democratic_Party_of_Pensioners_of_Slovenia
2015-05-07,Democratic Party of Pensioners of Slovenia,2.6,Centre,Pensioners' interests Single-issue politics Social liberalism Pro-Europeanism,https://en.wikipedia.org/wiki/Democratic_Party_of_Pensioners_of_Slovenia
2015-05-14,Democratic Party of Pensioners of Slovenia,4.7,Centre,Pensioners' interests Single-issue politics Social liberalism Pro-Europeanism,https://en.wikipedia.org/wiki/Democratic_Party_of_Pensioners_of_Slovenia
2015-05-24,Democratic Party of Pensioners of Slovenia,5.8,Centre,Pensioners' interests Single-issue politics Social liberalism Pro-Europeanism,https://en.wikipedia.org/wiki/Democratic_Party_of_Pensioners_of_Slovenia
2015-06-05,Democratic Party of Pensioners of Slovenia,2.6,Centre,Pensioners' interests Single-issue politics Social liberalism Pro-Europeanism,https://en.wikipedia.org/wiki/Democratic_Party_of_Pensioners_of_Slovenia
2015-06-10,Democratic Party of Pensioners of Slovenia,5.0,Centre,Pensioners' interests Single-issue politics Social liberalism Pro-Europeanism,https://en.wikipedia.org/wiki/Democratic_Party_of_Pensioners_of_Slovenia
2015-06-28,Democratic Party of Pensioners of Slovenia,4.6,Centre,Pensioners' interests Single-issue politics Social liberalism Pro-Europeanism,https://en.wikipedia.org/wiki/Democratic_Party_of_Pensioners_of_Slovenia
2015-07-02,Democratic Party of Pensioners of Slovenia,2.4,Centre,Pensioners' interests Single-issue politics Social liberalism Pro-Europeanism,https://en.wikipedia.org/wiki/Democratic_Party_of_Pensioners_of_Slovenia
2015-07-15,Democratic Party of Pensioners of Slovenia,5.7,Centre,Pensioners' interests Single-issue politics Social liberalism Pro-Europeanism,https://en.wikipedia.org/wiki/Democratic_Party_of_Pensioners_of_Slovenia
2015-07-26,Democratic Party of Pensioners of Slovenia,4.9,Centre,Pensioners' interests Single-issue politics Social liberalism Pro-Europeanism,https://en.wikipedia.org/wiki/Democratic_Party_of_Pensioners_of_Slovenia
2015-08-06,Democratic Party of Pensioners of Slovenia,1.1,Centre,Pensioners' interests Single-issue politics Social liberalism Pro-Europeanism,https://en.wikipedia.org/wiki/Democratic_Party_of_Pensioners_of_Slovenia
2015-08-13,Democratic Party of Pensioners of Slovenia,5.2,Centre,Pensioners' interests Single-issue politics Social liberalism Pro-Europeanism,https://en.wikipedia.org/wiki/Democratic_Party_of_Pensioners_of_Slovenia
2015-08-23,Democratic Party of Pensioners of Slovenia,4.0,Centre,Pensioners' interests Single-issue politics Social liberalism Pro-Europeanism,https://en.wikipedia.org/wiki/Democratic_Party_of_Pensioners_of_Slovenia
2015-09-03,Democratic Party of Pensioners of Slovenia,1.4,Centre,Pensioners' interests Single-issue politics Social liberalism Pro-Europeanism,https://en.wikipedia.org/wiki/Democratic_Party_of_Pensioners_of_Slovenia
2015-09-10,Democratic Party of Pensioners of Slovenia,5.1,Centre,Pensioners' interests Single-issue politics Social liberalism Pro-Europeanism,https://en.wikipedia.org/wiki/Democratic_Party_of_Pensioners_of_Slovenia
2015-09-27,Democratic Party of Pensioners of Slovenia,3.5,Centre,Pensioners' interests Single-issue politics Social liberalism Pro-Europeanism,https://en.wikipedia.org/wiki/Democratic_Party_of_Pensioners_of_Slovenia
2015-10-07,Democratic Party of Pensioners of Slovenia,3.1,Centre,Pensioners' interests Single-issue politics Social liberalism Pro-Europeanism,https://en.wikipedia.org/wiki/Democratic_Party_of_Pensioners_of_Slovenia
2015-10-14,Democratic Party of Pensioners of Slovenia,5.9,Centre,Pensioners' interests Single-issue politics Social liberalism Pro-Europeanism,https://en.wikipedia.org/wiki/Democratic_Party_of_Pensioners_of_Slovenia
2015-10-25,Democratic Party of Pensioners of Slovenia,3.1,Centre,Pensioners' interests Single-issue politics Social liberalism Pro-Europeanism,https://en.wikipedia.org/wiki/Democratic_Party_of_Pensioners_of_Slovenia
2015-10-30,Democratic Party of Pensioners of Slovenia,2.8,Centre,Pensioners' interests Single-issue politics Social liberalism Pro-Europeanism,https://en.wikipedia.org/wiki/Democratic_Party_of_Pensioners_of_Slovenia
2015-11-05,Democratic Party of Pensioners of Slovenia,2.2,Centre,Pensioners' interests Single-issue politics Social liberalism Pro-Europeanism,https://en.wikipedia.org/wiki/Democratic_Party_of_Pensioners_of_Slovenia
2015-11-19,Democratic Party of Pensioners of Slovenia,4.1,Centre,Pensioners' interests Single-issue politics Social liberalism Pro-Europeanism,https://en.wikipedia.org/wiki/Democratic_Party_of_Pensioners_of_Slovenia
2015-11-22,Democratic Party of Pensioners of Slovenia,4.4,Centre,Pensioners' interests Single-issue politics Social liberalism Pro-Europeanism,https://en.wikipedia.org/wiki/Democratic_Party_of_Pensioners_of_Slovenia
2015-12-06,Democratic Party of Pensioners of Slovenia,1.5,Centre,Pensioners' interests Single-issue politics Social liberalism Pro-Europeanism,https://en.wikipedia.org/wiki/Democratic_Party_of_Pensioners_of_Slovenia
2015-12-10,Democratic Party of Pensioners of Slovenia,2.6,Centre,Pensioners' interests Single-issue politics Social liberalism Pro-Europeanism,https://en.wikipedia.org/wiki/Democratic_Party_of_Pensioners_of_Slovenia
2015-12-17,Democratic Party of Pensioners of Slovenia,2.7,Centre,Pensioners' interests Single-issue politics Social liberalism Pro-Europeanism,https://en.wikipedia.org/wiki/Democratic_Party_of_Pensioners_of_Slovenia
2015-12-27,Democratic Party of Pensioners of Slovenia,4.8,Centre,Pensioners' interests Single-issue politics Social liberalism Pro-Europeanism,https://en.wikipedia.org/wiki/Democratic_Party_of_Pensioners_of_Slovenia
2016-01-07,Democratic Party of Pensioners of Slovenia,1.7,Centre,Pensioners' interests Single-issue politics Social liberalism Pro-Europeanism,https://en.wikipedia.org/wiki/Democratic_Party_of_Pensioners_of_Slovenia
2016-01-18,Democratic Party of Pensioners of Slovenia,4.8,Centre,Pensioners' interests Single-issue politics Social liberalism Pro-Europeanism,https://en.wikipedia.org/wiki/Democratic_Party_of_Pensioners_of_Slovenia
2016-01-24,Democratic Party of Pensioners of Slovenia,2.8,Centre,Pensioners' interests Single-issue politics Social liberalism Pro-Europeanism,https://en.wikipedia.org/wiki/Democratic_Party_of_Pensioners_of_Slovenia
2016-02-04,Democratic Party of Pensioners of Slovenia,2.4,Centre,Pensioners' interests Single-issue politics Social liberalism Pro-Europeanism,https://en.wikipedia.org/wiki/Democratic_Party_of_Pensioners_of_Slovenia
2016-02-18,Democratic Party of Pensioners of Slovenia,3.8,Centre,Pensioners' interests Single-issue politics Social liberalism Pro-Europeanism,https://en.wikipedia.org/wiki/Democratic_Party_of_Pensioners_of_Slovenia
2016-02-28,Democratic Party of Pensioners of Slovenia,2.5,Centre,Pensioners' interests Single-issue politics Social liberalism Pro-Europeanism,https://en.wikipedia.org/wiki/Democratic_Party_of_Pensioners_of_Slovenia
2016-03-01,Democratic Party of Pensioners of Slovenia,2.1,Centre,Pensioners' interests Single-issue politics Social liberalism Pro-Europeanism,https://en.wikipedia.org/wiki/Democratic_Party_of_Pensioners_of_Slovenia
2016-03-17,Democratic Party of Pensioners of Slovenia,3.5,Centre,Pensioners' interests Single-issue politics Social liberalism Pro-Europeanism,https://en.wikipedia.org/wiki/Democratic_Party_of_Pensioners_of_Slovenia
2016-03-27,Democratic Party of Pensioners of Slovenia,5.3,Centre,Pensioners' interests Single-issue politics Social liberalism Pro-Europeanism,https://en.wikipedia.org/wiki/Democratic_Party_of_Pensioners_of_Slovenia
2016-04-07,Democratic Party of Pensioners of Slovenia,3.1,Centre,Pensioners' interests Single-issue politics Social liberalism Pro-Europeanism,https://en.wikipedia.org/wiki/Democratic_Party_of_Pensioners_of_Slovenia
2016-04-14,Democratic Party of Pensioners of Slovenia,4.6,Centre,Pensioners' interests Single-issue politics Social liberalism Pro-Europeanism,https://en.wikipedia.org/wiki/Democratic_Party_of_Pensioners_of_Slovenia
2016-04-23,Democratic Party of Pensioners of Slovenia,3.1,Centre,Pensioners' interests Single-issue politics Social liberalism Pro-Europeanism,https://en.wikipedia.org/wiki/Democratic_Party_of_Pensioners_of_Slovenia
2016-05-06,Democratic Party of Pensioners of Slovenia,2.2,Centre,Pensioners' interests Single-issue politics Social liberalism Pro-Europeanism,https://en.wikipedia.org/wiki/Democratic_Party_of_Pensioners_of_Slovenia
2016-05-19,Democratic Party of Pensioners of Slovenia,3.4,Centre,Pensioners' interests Single-issue politics Social liberalism Pro-Europeanism,https://en.wikipedia.org/wiki/Democratic_Party_of_Pensioners_of_Slovenia
2016-05-22,Democratic Party of Pensioners of Slovenia,3.1,Centre,Pensioners' interests Single-issue politics Social liberalism Pro-Europeanism,https://en.wikipedia.org/wiki/Democratic_Party_of_Pensioners_of_Slovenia
2016-06-02,Democratic Party of Pensioners of Slovenia,1.9,Centre,Pensioners' interests Single-issue politics Social liberalism Pro-Europeanism,https://en.wikipedia.org/wiki/Democratic_Party_of_Pensioners_of_Slovenia
2016-06-15,Democratic Party of Pensioners of Slovenia,3.5,Centre,Pensioners' interests Single-issue politics Social liberalism Pro-Europeanism,https://en.wikipedia.org/wiki/Democratic_Party_of_Pensioners_of_Slovenia
2016-06-26,Democratic Party of Pensioners of Slovenia,4.2,Centre,Pensioners' interests Single-issue politics Social liberalism Pro-Europeanism,https://en.wikipedia.org/wiki/Democratic_Party_of_Pensioners_of_Slovenia
2016-07-07,Democratic Party of Pensioners of Slovenia,1.4,Centre,Pensioners' interests Single-issue politics Social liberalism Pro-Europeanism,https://en.wikipedia.org/wiki/Democratic_Party_of_Pensioners_of_Slovenia
2016-07-14,Democratic Party of Pensioners of Slovenia,4.6,Centre,Pensioners' interests Single-issue politics Social liberalism Pro-Europeanism,https://en.wikipedia.org/wiki/Democratic_Party_of_Pensioners_of_Slovenia
2016-07-22,Democratic Party of Pensioners of Slovenia,5.7,Centre,Pensioners' interests Single-issue politics Social liberalism Pro-Europeanism,https://en.wikipedia.org/wiki/Democratic_Party_of_Pensioners_of_Slovenia
2016-08-02,Democratic Party of Pensioners of Slovenia,2.0,Centre,Pensioners' interests Single-issue politics Social liberalism Pro-Europeanism,https://en.wikipedia.org/wiki/Democratic_Party_of_Pensioners_of_Slovenia
2016-08-18,Democratic Party of Pensioners of Slovenia,3.1,Centre,Pensioners' interests Single-issue politics Social liberalism Pro-Europeanism,https://en.wikipedia.org/wiki/Democratic_Party_of_Pensioners_of_Slovenia
2016-08-28,Democratic Party of Pensioners of Slovenia,3.9,Centre,Pensioners' interests Single-issue politics Social liberalism Pro-Europeanism,https://en.wikipedia.org/wiki/Democratic_Party_of_Pensioners_of_Slovenia
2016-09-08,Democratic Party of Pensioners of Slovenia,2.4,Centre,Pensioners' interests Single-issue politics Social liberalism Pro-Europeanism,https://en.wikipedia.org/wiki/Democratic_Party_of_Pensioners_of_Slovenia
2016-09-15,Democratic Party of Pensioners of Slovenia,4.4,Centre,Pensioners' interests Single-issue politics Social liberalism Pro-Europeanism,https://en.wikipedia.org/wiki/Democratic_Party_of_Pensioners_of_Slovenia
2016-09-25,Democratic Party of Pensioners of Slovenia,4.1,Centre,Pensioners' interests Single-issue politics Social liberalism Pro-Europeanism,https://en.wikipedia.org/wiki/Democratic_Party_of_Pensioners_of_Slovenia
2016-10-03,Democratic Party of Pensioners of Slovenia,2.5,Centre,Pensioners' interests Single-issue politics Social liberalism Pro-Europeanism,https://en.wikipedia.org/wiki/Democratic_Party_of_Pensioners_of_Slovenia
2016-10-13,Democratic Party of Pensioners of Slovenia,4.1,Centre,Pensioners' interests Single-issue politics Social liberalism Pro-Europeanism,https://en.wikipedia.org/wiki/Democratic_Party_of_Pensioners_of_Slovenia
2016-10-23,Democratic Party of Pensioners of Slovenia,2.9,Centre,Pensioners' interests Single-issue politics Social liberalism Pro-Europeanism,https://en.wikipedia.org/wiki/Democratic_Party_of_Pensioners_of_Slovenia
2016-10-29,Democratic Party of Pensioners of Slovenia,6.3,Centre,Pensioners' interests Single-issue politics Social liberalism Pro-Europeanism,https://en.wikipedia.org/wiki/Democratic_Party_of_Pensioners_of_Slovenia
2016-11-03,Democratic Party of Pensioners of Slovenia,3.6,Centre,Pensioners' interests Single-issue politics Social liberalism Pro-Europeanism,https://en.wikipedia.org/wiki/Democratic_Party_of_Pensioners_of_Slovenia
2016-11-10,Democratic Party of Pensioners of Slovenia,5.0,Centre,Pensioners' interests Single-issue politics Social liberalism Pro-Europeanism,https://en.wikipedia.org/wiki/Democratic_Party_of_Pensioners_of_Slovenia
2016-11-27,Democratic Party of Pensioners of Slovenia,3.2,Centre,Pensioners' interests Single-issue politics Social liberalism Pro-Europeanism,https://en.wikipedia.org/wiki/Democratic_Party_of_Pensioners_of_Slovenia
2016-12-02,Democratic Party of Pensioners of Slovenia,3.3,Centre,Pensioners' interests Single-issue politics Social liberalism Pro-Europeanism,https://en.wikipedia.org/wiki/Democratic_Party_of_Pensioners_of_Slovenia
2016-12-02,Democratic Party of Pensioners of Slovenia,3.5,Centre,Pensioners' interests Single-issue politics Social liberalism Pro-Europeanism,https://en.wikipedia.org/wiki/Democratic_Party_of_Pensioners_of_Slovenia
2016-12-15,Democratic Party of Pensioners of Slovenia,4.8,Centre,Pensioners' interests Single-issue politics Social liberalism Pro-Europeanism,https://en.wikipedia.org/wiki/Democratic_Party_of_Pensioners_of_Slovenia
2016-12-23,Democratic Party of Pensioners of Slovenia,5.7,Centre,Pensioners' interests Single-issue politics Social liberalism Pro-Europeanism,https://en.wikipedia.org/wiki/Democratic_Party_of_Pensioners_of_Slovenia
2017-01-04,Democratic Party of Pensioners of Slovenia,2.4,Centre,Pensioners' interests Single-issue politics Social liberalism Pro-Europeanism,https://en.wikipedia.org/wiki/Democratic_Party_of_Pensioners_of_Slovenia
2017-01-08,Democratic Party of Pensioners of Slovenia,3.9,Centre,Pensioners' interests Single-issue politics Social liberalism Pro-Europeanism,https://en.wikipedia.org/wiki/Democratic_Party_of_Pensioners_of_Slovenia
2017-01-12,Democratic Party of Pensioners of Slovenia,4.5,Centre,Pensioners' interests Single-issue politics Social liberalism Pro-Europeanism,https://en.wikipedia.org/wiki/Democratic_Party_of_Pensioners_of_Slovenia
2017-01-22,Democratic Party of Pensioners of Slovenia,3.5,Centre,Pensioners' interests Single-issue politics Social liberalism Pro-Europeanism,https://en.wikipedia.org/wiki/Democratic_Party_of_Pensioners_of_Slovenia
2017-02-03,Democratic Party of Pensioners of Slovenia,5.2,Centre,Pensioners' interests Single-issue politics Social liberalism Pro-Europeanism,https://en.wikipedia.org/wiki/Democratic_Party_of_Pensioners_of_Slovenia
2017-02-09,Democratic Party of Pensioners of Slovenia,3.5,Centre,Pensioners' interests Single-issue politics Social liberalism Pro-Europeanism,https://en.wikipedia.org/wiki/Democratic_Party_of_Pensioners_of_Slovenia
2017-02-16,Democratic Party of Pensioners of Slovenia,5.0,Centre,Pensioners' interests Single-issue politics Social liberalism Pro-Europeanism,https://en.wikipedia.org/wiki/Democratic_Party_of_Pensioners_of_Slovenia
2017-02-24,Democratic Party of Pensioners of Slovenia,4.8,Centre,Pensioners' interests Single-issue politics Social liberalism Pro-Europeanism,https://en.wikipedia.org/wiki/Democratic_Party_of_Pensioners_of_Slovenia
2017-03-02,Democratic Party of Pensioners of Slovenia,5.5,Centre,Pensioners' interests Single-issue politics Social liberalism Pro-Europeanism,https://en.wikipedia.org/wiki/Democratic_Party_of_Pensioners_of_Slovenia
2017-03-09,Democratic Party of Pensioners of Slovenia,4.2,Centre,Pensioners' interests Single-issue politics Social liberalism Pro-Europeanism,https://en.wikipedia.org/wiki/Democratic_Party_of_Pensioners_of_Slovenia
2017-03-16,Democratic Party of Pensioners of Slovenia,6.5,Centre,Pensioners' interests Single-issue politics Social liberalism Pro-Europeanism,https://en.wikipedia.org/wiki/Democratic_Party_of_Pensioners_of_Slovenia
2017-03-24,Democratic Party of Pensioners of Slovenia,4.0,Centre,Pensioners' interests Single-issue politics Social liberalism Pro-Europeanism,https://en.wikipedia.org/wiki/Democratic_Party_of_Pensioners_of_Slovenia
2017-04-05,Democratic Party of Pensioners of Slovenia,5.6,Centre,Pensioners' interests Single-issue politics Social liberalism Pro-Europeanism,https://en.wikipedia.org/wiki/Democratic_Party_of_Pensioners_of_Slovenia
2017-04-13,Democratic Party of Pensioners of Slovenia,2.6,Centre,Pensioners' interests Single-issue politics Social liberalism Pro-Europeanism,https://en.wikipedia.org/wiki/Democratic_Party_of_Pensioners_of_Slovenia
2017-04-20,Democratic Party of Pensioners of Slovenia,6.8,Centre,Pensioners' interests Single-issue politics Social liberalism Pro-Europeanism,https://en.wikipedia.org/wiki/Democratic_Party_of_Pensioners_of_Slovenia
2017-04-21,Democratic Party of Pensioners of Slovenia,3.6,Centre,Pensioners' interests Single-issue politics Social liberalism Pro-Europeanism,https://en.wikipedia.org/wiki/Democratic_Party_of_Pensioners_of_Slovenia
2017-05-05,Democratic Party of Pensioners of Slovenia,5.8,Centre,Pensioners' interests Single-issue politics Social liberalism Pro-Europeanism,https://en.wikipedia.org/wiki/Democratic_Party_of_Pensioners_of_Slovenia
2017-05-11,Democratic Party of Pensioners of Slovenia,5.5,Centre,Pensioners' interests Single-issue politics Social liberalism Pro-Europeanism,https://en.wikipedia.org/wiki/Democratic_Party_of_Pensioners_of_Slovenia
2017-05-12,Democratic Party of Pensioners of Slovenia,2.4,Centre,Pensioners' interests Single-issue politics Social liberalism Pro-Europeanism,https://en.wikipedia.org/wiki/Democratic_Party_of_Pensioners_of_Slovenia
2017-05-28,Democratic Party of Pensioners of Slovenia,2.7,Centre,Pensioners' interests Single-issue politics Social liberalism Pro-Europeanism,https://en.wikipedia.org/wiki/Democratic_Party_of_Pensioners_of_Slovenia
2017-06-02,Democratic Party of Pensioners of Slovenia,3.5,Centre,Pensioners' interests Single-issue politics Social liberalism Pro-Europeanism,https://en.wikipedia.org/wiki/Democratic_Party_of_Pensioners_of_Slovenia
2017-06-02,Democratic Party of Pensioners of Slovenia,4.8,Centre,Pensioners' interests Single-issue politics Social liberalism Pro-Europeanism,https://en.wikipedia.org/wiki/Democratic_Party_of_Pensioners_of_Slovenia
2017-06-15,Democratic Party of Pensioners of Slovenia,6.4,Centre,Pensioners' interests Single-issue politics Social liberalism Pro-Europeanism,https://en.wikipedia.org/wiki/Democratic_Party_of_Pensioners_of_Slovenia
2017-06-25,Democratic Party of Pensioners of Slovenia,3.8,Centre,Pensioners' interests Single-issue politics Social liberalism Pro-Europeanism,https://en.wikipedia.org/wiki/Democratic_Party_of_Pensioners_of_Slovenia
2017-07-06,Democratic Party of Pensioners of Slovenia,4.7,Centre,Pensioners' interests Single-issue politics Social liberalism Pro-Europeanism,https://en.wikipedia.org/wiki/Democratic_Party_of_Pensioners_of_Slovenia
2017-07-06,Democratic Party of Pensioners of Slovenia,2.1,Centre,Pensioners' interests Single-issue politics Social liberalism Pro-Europeanism,https://en.wikipedia.org/wiki/Democratic_Party_of_Pensioners_of_Slovenia
2017-07-13,Democratic Party of Pensioners of Slovenia,5.4,Centre,Pensioners' interests Single-issue politics Social liberalism Pro-Europeanism,https://en.wikipedia.org/wiki/Democratic_Party_of_Pensioners_of_Slovenia
2017-07-21,Democratic Party of Pensioners of Slovenia,3.6,Centre,Pensioners' interests Single-issue politics Social liberalism Pro-Europeanism,https://en.wikipedia.org/wiki/Democratic_Party_of_Pensioners_of_Slovenia
2017-08-02,Democratic Party of Pensioners of Slovenia,4.9,Centre,Pensioners' interests Single-issue politics Social liberalism Pro-Europeanism,https://en.wikipedia.org/wiki/Democratic_Party_of_Pensioners_of_Slovenia
2017-08-09,Democratic Party of Pensioners of Slovenia,5.1,Centre,Pensioners' interests Single-issue politics Social liberalism Pro-Europeanism,https://en.wikipedia.org/wiki/Democratic_Party_of_Pensioners_of_Slovenia
2017-08-11,Democratic Party of Pensioners of Slovenia,6.1,Centre,Pensioners' interests Single-issue politics Social liberalism Pro-Europeanism,https://en.wikipedia.org/wiki/Democratic_Party_of_Pensioners_of_Slovenia
2017-08-26,Democratic Party of Pensioners of Slovenia,3.0,Centre,Pensioners' interests Single-issue politics Social liberalism Pro-Europeanism,https://en.wikipedia.org/wiki/Democratic_Party_of_Pensioners_of_Slovenia
2017-09-07,Democratic Party of Pensioners of Slovenia,5.0,Centre,Pensioners' interests Single-issue politics Social liberalism Pro-Europeanism,https://en.wikipedia.org/wiki/Democratic_Party_of_Pensioners_of_Slovenia
2017-09-13,Democratic Party of Pensioners of Slovenia,7.1,Centre,Pensioners' interests Single-issue politics Social liberalism Pro-Europeanism,https://en.wikipedia.org/wiki/Democratic_Party_of_Pensioners_of_Slovenia
2017-09-14,Democratic Party of Pensioners of Slovenia,4.5,Centre,Pensioners' interests Single-issue politics Social liberalism Pro-Europeanism,https://en.wikipedia.org/wiki/Democratic_Party_of_Pensioners_of_Slovenia
2017-09-23,Democratic Party of Pensioners of Slovenia,3.3,Centre,Pensioners' interests Single-issue politics Social liberalism Pro-Europeanism,https://en.wikipedia.org/wiki/Democratic_Party_of_Pensioners_of_Slovenia
2017-10-05,Democratic Party of Pensioners of Slovenia,5.5,Centre,Pensioners' interests Single-issue politics Social liberalism Pro-Europeanism,https://en.wikipedia.org/wiki/Democratic_Party_of_Pensioners_of_Slovenia
2017-10-06,Democratic Party of Pensioners of Slovenia,4.4,Centre,Pensioners' interests Single-issue politics Social liberalism Pro-Europeanism,https://en.wikipedia.org/wiki/Democratic_Party_of_Pensioners_of_Slovenia
2017-11-08,Democratic Party of Pensioners of Slovenia,4.3,Centre,Pensioners' interests Single-issue politics Social liberalism Pro-Europeanism,https://en.wikipedia.org/wiki/Democratic_Party_of_Pensioners_of_Slovenia
2017-11-08,Democratic Party of Pensioners of Slovenia,3.6,Centre,Pensioners' interests Single-issue politics Social liberalism Pro-Europeanism,https://en.wikipedia.org/wiki/Democratic_Party_of_Pensioners_of_Slovenia
2017-11-11,Democratic Party of Pensioners of Slovenia,5.8,Centre,Pensioners' interests Single-issue politics Social liberalism Pro-Europeanism,https://en.wikipedia.org/wiki/Democratic_Party_of_Pensioners_of_Slovenia
2017-11-16,Democratic Party of Pensioners of Slovenia,5.8,Centre,Pensioners' interests Single-issue politics Social liberalism Pro-Europeanism,https://en.wikipedia.org/wiki/Democratic_Party_of_Pensioners_of_Slovenia
2017-12-07,Democratic Party of Pensioners of Slovenia,6.4,Centre,Pensioners' interests Single-issue politics Social liberalism Pro-Europeanism,https://en.wikipedia.org/wiki/Democratic_Party_of_Pensioners_of_Slovenia
2017-12-14,Democratic Party of Pensioners of Slovenia,6.3,Centre,Pensioners' interests Single-issue politics Social liberalism Pro-Europeanism,https://en.wikipedia.org/wiki/Democratic_Party_of_Pensioners_of_Slovenia
2017-12-25,Democratic Party of Pensioners of Slovenia,4.8,Centre,Pensioners' interests Single-issue politics Social liberalism Pro-Europeanism,https://en.wikipedia.org/wiki/Democratic_Party_of_Pensioners_of_Slovenia
2018-01-06,Democratic Party of Pensioners of Slovenia,4.8,Centre,Pensioners' interests Single-issue politics Social liberalism Pro-Europeanism,https://en.wikipedia.org/wiki/Democratic_Party_of_Pensioners_of_Slovenia
2018-01-11,Democratic Party of Pensioners of Slovenia,3.4,Centre,Pensioners' interests Single-issue politics Social liberalism Pro-Europeanism,https://en.wikipedia.org/wiki/Democratic_Party_of_Pensioners_of_Slovenia
2018-01-18,Democratic Party of Pensioners of Slovenia,5.2,Centre,Pensioners' interests Single-issue politics Social liberalism Pro-Europeanism,https://en.wikipedia.org/wiki/Democratic_Party_of_Pensioners_of_Slovenia
2018-01-28,Democratic Party of Pensioners of Slovenia,4.6,Centre,Pensioners' interests Single-issue politics Social liberalism Pro-Europeanism,https://en.wikipedia.org/wiki/Democratic_Party_of_Pensioners_of_Slovenia
2018-02-05,Democratic Party of Pensioners of Slovenia,5.2,Centre,Pensioners' interests Single-issue politics Social liberalism Pro-Europeanism,https://en.wikipedia.org/wiki/Democratic_Party_of_Pensioners_of_Slovenia
2018-02-06,Democratic Party of Pensioners of Slovenia,3.5,Centre,Pensioners' interests Single-issue politics Social liberalism Pro-Europeanism,https://en.wikipedia.org/wiki/Democratic_Party_of_Pensioners_of_Slovenia
2018-02-11,Democratic Party of Pensioners of Slovenia,4.3,Centre,Pensioners' interests Single-issue politics Social liberalism Pro-Europeanism,https://en.wikipedia.org/wiki/Democratic_Party_of_Pensioners_of_Slovenia
2018-02-15,Democratic Party of Pensioners of Slovenia,5.0,Centre,Pensioners' interests Single-issue politics Social liberalism Pro-Europeanism,https://en.wikipedia.org/wiki/Democratic_Party_of_Pensioners_of_Slovenia
2018-02-25,Democratic Party of Pensioners of Slovenia,2.9,Centre,Pensioners' interests Single-issue politics Social liberalism Pro-Europeanism,https://en.wikipedia.org/wiki/Democratic_Party_of_Pensioners_of_Slovenia
2018-03-08,Democratic Party of Pensioners of Slovenia,3.2,Centre,Pensioners' interests Single-issue politics Social liberalism Pro-Europeanism,https://en.wikipedia.org/wiki/Democratic_Party_of_Pensioners_of_Slovenia
2018-03-14,Democratic Party of Pensioners of Slovenia,4.9,Centre,Pensioners' interests Single-issue politics Social liberalism Pro-Europeanism,https://en.wikipedia.org/wiki/Democratic_Party_of_Pensioners_of_Slovenia
2018-03-15,Democratic Party of Pensioners of Slovenia,4.9,Centre,Pensioners' interests Single-issue politics Social liberalism Pro-Europeanism,https://en.wikipedia.org/wiki/Democratic_Party_of_Pensioners_of_Slovenia
2018-03-25,Democratic Party of Pensioners of Slovenia,3.3,Centre,Pensioners' interests Single-issue politics Social liberalism Pro-Europeanism,https://en.wikipedia.org/wiki/Democratic_Party_of_Pensioners_of_Slovenia
2018-04-03,Democratic Party of Pensioners of Slovenia,5.2,Centre,Pensioners' interests Single-issue politics Social liberalism Pro-Europeanism,https://en.wikipedia.org/wiki/Democratic_Party_of_Pensioners_of_Slovenia
2018-04-05,Democratic Party of Pensioners of Slovenia,3.2,Centre,Pensioners' interests Single-issue politics Social liberalism Pro-Europeanism,https://en.wikipedia.org/wiki/Democratic_Party_of_Pensioners_of_Slovenia
2018-04-11,Democratic Party of Pensioners of Slovenia,4.3,Centre,Pensioners' interests Single-issue politics Social liberalism Pro-Europeanism,https://en.wikipedia.org/wiki/Democratic_Party_of_Pensioners_of_Slovenia
2018-04-22,Democratic Party of Pensioners of Slovenia,5.2,Centre,Pensioners' interests Single-issue politics Social liberalism Pro-Europeanism,https://en.wikipedia.org/wiki/Democratic_Party_of_Pensioners_of_Slovenia
2018-04-22,Democratic Party of Pensioners of Slovenia,2.6,Centre,Pensioners' interests Single-issue politics Social liberalism Pro-Europeanism,https://en.wikipedia.org/wiki/Democratic_Party_of_Pensioners_of_Slovenia
2018-05-05,Democratic Party of Pensioners of Slovenia,3.6,Centre,Pensioners' interests Single-issue politics Social liberalism Pro-Europeanism,https://en.wikipedia.org/wiki/Democratic_Party_of_Pensioners_of_Slovenia
2018-05-07,Democratic Party of Pensioners of Slovenia,4.2,Centre,Pensioners' interests Single-issue politics Social liberalism Pro-Europeanism,https://en.wikipedia.org/wiki/Democratic_Party_of_Pensioners_of_Slovenia
2018-05-09,Democratic Party of Pensioners of Slovenia,3.8,Centre,Pensioners' interests Single-issue politics Social liberalism Pro-Europeanism,https://en.wikipedia.org/wiki/Democratic_Party_of_Pensioners_of_Slovenia
2018-05-10,Democratic Party of Pensioners of Slovenia,4.8,Centre,Pensioners' interests Single-issue politics Social liberalism Pro-Europeanism,https://en.wikipedia.org/wiki/Democratic_Party_of_Pensioners_of_Slovenia
2018-05-10,Democratic Party of Pensioners of Slovenia,3.8,Centre,Pensioners' interests Single-issue politics Social liberalism Pro-Europeanism,https://en.wikipedia.org/wiki/Democratic_Party_of_Pensioners_of_Slovenia
2018-05-15,Democratic Party of Pensioners of Slovenia,4.0,Centre,Pensioners' interests Single-issue politics Social liberalism Pro-Europeanism,https://en.wikipedia.org/wiki/Democratic_Party_of_Pensioners_of_Slovenia
2018-05-17,Democratic Party of Pensioners of Slovenia,3.4,Centre,Pensioners' interests Single-issue politics Social liberalism Pro-Europeanism,https://en.wikipedia.org/wiki/Democratic_Party_of_Pensioners_of_Slovenia
2018-05-17,Democratic Party of Pensioners of Slovenia,3.2,Centre,Pensioners' interests Single-issue politics Social liberalism Pro-Europeanism,https://en.wikipedia.org/wiki/Democratic_Party_of_Pensioners_of_Slovenia
2018-05-17,Democratic Party of Pensioners of Slovenia,3.4,Centre,Pensioners' interests Single-issue politics Social liberalism Pro-Europeanism,https://en.wikipedia.org/wiki/Democratic_Party_of_Pensioners_of_Slovenia
2018-05-20,Democratic Party of Pensioners of Slovenia,3.9,Centre,Pensioners' interests Single-issue politics Social liberalism Pro-Europeanism,https://en.wikipedia.org/wiki/Democratic_Party_of_Pensioners_of_Slovenia
2018-05-22,Democratic Party of Pensioners of Slovenia,3.7,Centre,Pensioners' interests Single-issue politics Social liberalism Pro-Europeanism,https://en.wikipedia.org/wiki/Democratic_Party_of_Pensioners_of_Slovenia
2018-05-22,Democratic Party of Pensioners of Slovenia,6.6,Centre,Pensioners' interests Single-issue politics Social liberalism Pro-Europeanism,https://en.wikipedia.org/wiki/Democratic_Party_of_Pensioners_of_Slovenia
2018-05-22,Democratic Party of Pensioners of Slovenia,4.9,Centre,Pensioners' interests Single-issue politics Social liberalism Pro-Europeanism,https://en.wikipedia.org/wiki/Democratic_Party_of_Pensioners_of_Slovenia
2018-05-23,Democratic Party of Pensioners of Slovenia,4.9,Centre,Pensioners' interests Single-issue politics Social liberalism Pro-Europeanism,https://en.wikipedia.org/wiki/Democratic_Party_of_Pensioners_of_Slovenia
2018-05-25,Democratic Party of Pensioners of Slovenia,4.5,Centre,Pensioners' interests Single-issue politics Social liberalism Pro-Europeanism,https://en.wikipedia.org/wiki/Democratic_Party_of_Pensioners_of_Slovenia
2018-05-25,Democratic Party of Pensioners of Slovenia,4.2,Centre,Pensioners' interests Single-issue politics Social liberalism Pro-Europeanism,https://en.wikipedia.org/wiki/Democratic_Party_of_Pensioners_of_Slovenia
2018-05-27,Democratic Party of Pensioners of Slovenia,3.8,Centre,Pensioners' interests Single-issue politics Social liberalism Pro-Europeanism,https://en.wikipedia.org/wiki/Democratic_Party_of_Pensioners_of_Slovenia
2018-05-29,Democratic Party of Pensioners of Slovenia,4.2,Centre,Pensioners' interests Single-issue politics Social liberalism Pro-Europeanism,https://en.wikipedia.org/wiki/Democratic_Party_of_Pensioners_of_Slovenia
2018-05-29,Democratic Party of Pensioners of Slovenia,3.9,Centre,Pensioners' interests Single-issue politics Social liberalism Pro-Europeanism,https://en.wikipedia.org/wiki/Democratic_Party_of_Pensioners_of_Slovenia
2018-05-29,Democratic Party of Pensioners of Slovenia,8.1,Centre,Pensioners' interests Single-issue politics Social liberalism Pro-Europeanism,https://en.wikipedia.org/wiki/Democratic_Party_of_Pensioners_of_Slovenia
2018-05-30,Democratic Party of Pensioners of Slovenia,4.7,Centre,Pensioners' interests Single-issue politics Social liberalism Pro-Europeanism,https://en.wikipedia.org/wiki/Democratic_Party_of_Pensioners_of_Slovenia
2018-05-31,Democratic Party of Pensioners of Slovenia,3.9,Centre,Pensioners' interests Single-issue politics Social liberalism Pro-Europeanism,https://en.wikipedia.org/wiki/Democratic_Party_of_Pensioners_of_Slovenia
2018-05-31,Democratic Party of Pensioners of Slovenia,4.2,Centre,Pensioners' interests Single-issue politics Social liberalism Pro-Europeanism,https://en.wikipedia.org/wiki/Democratic_Party_of_Pensioners_of_Slovenia
2018-05-31,Democratic Party of Pensioners of Slovenia,7.9,Centre,Pensioners' interests Single-issue politics Social liberalism Pro-Europeanism,https://en.wikipedia.org/wiki/Democratic_Party_of_Pensioners_of_Slovenia
2018-05-31,Democratic Party of Pensioners of Slovenia,4.5,Centre,Pensioners' interests Single-issue politics Social liberalism Pro-Europeanism,https://en.wikipedia.org/wiki/Democratic_Party_of_Pensioners_of_Slovenia
2018-06-03,Democratic Party of Pensioners of Slovenia,5.0,Centre,Pensioners' interests Single-issue politics Social liberalism Pro-Europeanism,https://en.wikipedia.org/wiki/Democratic_Party_of_Pensioners_of_Slovenia
2018-06-03,Democratic Party of Pensioners of Slovenia,4.9,Centre,Pensioners' interests Single-issue politics Social liberalism Pro-Europeanism,https://en.wikipedia.org/wiki/Democratic_Party_of_Pensioners_of_Slovenia
2018-06-03,Democratic Party of Pensioners of Slovenia,4.9,Centre,Pensioners' interests Single-issue politics Social liberalism Pro-Europeanism,https://en.wikipedia.org/wiki/Democratic_Party_of_Pensioners_of_Slovenia
2018-06-06,Democratic Party of Pensioners of Slovenia,1.2,Centre,Pensioners' interests Single-issue politics Social liberalism Pro-Europeanism,https://en.wikipedia.org/wiki/Democratic_Party_of_Pensioners_of_Slovenia
2018-06-14,Democratic Party of Pensioners of Slovenia,3.1,Centre,Pensioners' interests Single-issue politics Social liberalism Pro-Europeanism,https://en.wikipedia.org/wiki/Democratic_Party_of_Pensioners_of_Slovenia
2018-06-20,Democratic Party of Pensioners of Slovenia,3.2,Centre,Pensioners' interests Single-issue politics Social liberalism Pro-Europeanism,https://en.wikipedia.org/wiki/Democratic_Party_of_Pensioners_of_Slovenia
2018-07-12,Democratic Party of Pensioners of Slovenia,3.1,Centre,Pensioners' interests Single-issue politics Social liberalism Pro-Europeanism,https://en.wikipedia.org/wiki/Democratic_Party_of_Pensioners_of_Slovenia
2018-08-15,Democratic Party of Pensioners of Slovenia,3.2,Centre,Pensioners' interests Single-issue politics Social liberalism Pro-Europeanism,https://en.wikipedia.org/wiki/Democratic_Party_of_Pensioners_of_Slovenia
2018-08-26,Democratic Party of Pensioners of Slovenia,1.9,Centre,Pensioners' interests Single-issue politics Social liberalism Pro-Europeanism,https://en.wikipedia.org/wiki/Democratic_Party_of_Pensioners_of_Slovenia
2018-09-06,Democratic Party of Pensioners of Slovenia,4.0,Centre,Pensioners' interests Single-issue politics Social liberalism Pro-Europeanism,https://en.wikipedia.org/wiki/Democratic_Party_of_Pensioners_of_Slovenia
2018-09-13,Democratic Party of Pensioners of Slovenia,3.0,Centre,Pensioners' interests Single-issue politics Social liberalism Pro-Europeanism,https://en.wikipedia.org/wiki/Democratic_Party_of_Pensioners_of_Slovenia
2018-09-23,Democratic Party of Pensioners of Slovenia,3.0,Centre,Pensioners' interests Single-issue politics Social liberalism Pro-Europeanism,https://en.wikipedia.org/wiki/Democratic_Party_of_Pensioners_of_Slovenia
2018-10-11,Democratic Party of Pensioners of Slovenia,2.2,Centre,Pensioners' interests Single-issue politics Social liberalism Pro-Europeanism,https://en.wikipedia.org/wiki/Democratic_Party_of_Pensioners_of_Slovenia
2018-11-20,Democratic Party of Pensioners of Slovenia,3.7,Centre,Pensioners' interests Single-issue politics Social liberalism Pro-Europeanism,https://en.wikipedia.org/wiki/Democratic_Party_of_Pensioners_of_Slovenia
2018-11-22,Democratic Party of Pensioners of Slovenia,3.4,Centre,Pensioners' interests Single-issue politics Social liberalism Pro-Europeanism,https://en.wikipedia.org/wiki/Democratic_Party_of_Pensioners_of_Slovenia
2018-12-06,Democratic Party of Pensioners of Slovenia,3.5,Centre,Pensioners' interests Single-issue politics Social liberalism Pro-Europeanism,https://en.wikipedia.org/wiki/Democratic_Party_of_Pensioners_of_Slovenia
2018-12-13,Democratic Party of Pensioners of Slovenia,3.0,Centre,Pensioners' interests Single-issue politics Social liberalism Pro-Europeanism,https://en.wikipedia.org/wiki/Democratic_Party_of_Pensioners_of_Slovenia
2019-01-10,Democratic Party of Pensioners of Slovenia,2.0,Centre,Pensioners' interests Single-issue politics Social liberalism Pro-Europeanism,https://en.wikipedia.org/wiki/Democratic_Party_of_Pensioners_of_Slovenia
2019-01-10,Democratic Party of Pensioners of Slovenia,2.9,Centre,Pensioners' interests Single-issue politics Social liberalism Pro-Europeanism,https://en.wikipedia.org/wiki/Democratic_Party_of_Pensioners_of_Slovenia
2019-02-06,Democratic Party of Pensioners of Slovenia,1.7,Centre,Pensioners' interests Single-issue politics Social liberalism Pro-Europeanism,https://en.wikipedia.org/wiki/Democratic_Party_of_Pensioners_of_Slovenia
2019-02-14,Democratic Party of Pensioners of Slovenia,2.9,Centre,Pensioners' interests Single-issue politics Social liberalism Pro-Europeanism,https://en.wikipedia.org/wiki/Democratic_Party_of_Pensioners_of_Slovenia
2019-03-07,Democratic Party of Pensioners of Slovenia,2.8,Centre,Pensioners' interests Single-issue politics Social liberalism Pro-Europeanism,https://en.wikipedia.org/wiki/Democratic_Party_of_Pensioners_of_Slovenia
2019-03-14,Democratic Party of Pensioners of Slovenia,3.1,Centre,Pensioners' interests Single-issue politics Social liberalism Pro-Europeanism,https://en.wikipedia.org/wiki/Democratic_Party_of_Pensioners_of_Slovenia
2019-04-04,Democratic Party of Pensioners of Slovenia,3.0,Centre,Pensioners' interests Single-issue politics Social liberalism Pro-Europeanism,https://en.wikipedia.org/wiki/Democratic_Party_of_Pensioners_of_Slovenia
2019-04-11,Democratic Party of Pensioners of Slovenia,3.1,Centre,Pensioners' interests Single-issue politics Social liberalism Pro-Europeanism,https://en.wikipedia.org/wiki/Democratic_Party_of_Pensioners_of_Slovenia
2019-05-16,Democratic Party of Pensioners of Slovenia,3.1,Centre,Pensioners' interests Single-issue politics Social liberalism Pro-Europeanism,https://en.wikipedia.org/wiki/Democratic_Party_of_Pensioners_of_Slovenia
2019-05-23,Democratic Party of Pensioners of Slovenia,3.5,Centre,Pensioners' interests Single-issue politics Social liberalism Pro-Europeanism,https://en.wikipedia.org/wiki/Democratic_Party_of_Pensioners_of_Slovenia
2019-06-13,Democratic Party of Pensioners of Slovenia,3.3,Centre,Pensioners' interests Single-issue politics Social liberalism Pro-Europeanism,https://en.wikipedia.org/wiki/Democratic_Party_of_Pensioners_of_Slovenia
2019-07-11,Democratic Party of Pensioners of Slovenia,3.3,Centre,Pensioners' interests Single-issue politics Social liberalism Pro-Europeanism,https://en.wikipedia.org/wiki/Democratic_Party_of_Pensioners_of_Slovenia
2019-07-11,Democratic Party of Pensioners of Slovenia,3.4,Centre,Pensioners' interests Single-issue politics Social liberalism Pro-Europeanism,https://en.wikipedia.org/wiki/Democratic_Party_of_Pensioners_of_Slovenia
2019-08-08,Democratic Party of Pensioners of Slovenia,2.2,Centre,Pensioners' interests Single-issue politics Social liberalism Pro-Europeanism,https://en.wikipedia.org/wiki/Democratic_Party_of_Pensioners_of_Slovenia
2019-08-14,Democratic Party of Pensioners of Slovenia,3.3,Centre,Pensioners' interests Single-issue politics Social liberalism Pro-Europeanism,https://en.wikipedia.org/wiki/Democratic_Party_of_Pensioners_of_Slovenia
2019-08-25,Democratic Party of Pensioners of Slovenia,2.9,Centre,Pensioners' interests Single-issue politics Social liberalism Pro-Europeanism,https://en.wikipedia.org/wiki/Democratic_Party_of_Pensioners_of_Slovenia
2019-09-05,Democratic Party of Pensioners of Slovenia,2.3,Centre,Pensioners' interests Single-issue politics Social liberalism Pro-Europeanism,https://en.wikipedia.org/wiki/Democratic_Party_of_Pensioners_of_Slovenia
2019-09-12,Democratic Party of Pensioners of Slovenia,3.1,Centre,Pensioners' interests Single-issue politics Social liberalism Pro-Europeanism,https://en.wikipedia.org/wiki/Democratic_Party_of_Pensioners_of_Slovenia
2019-09-22,Democratic Party of Pensioners of Slovenia,2.2,Centre,Pensioners' interests Single-issue politics Social liberalism Pro-Europeanism,https://en.wikipedia.org/wiki/Democratic_Party_of_Pensioners_of_Slovenia
2019-10-10,Democratic Party of Pensioners of Slovenia,3.9,Centre,Pensioners' interests Single-issue politics Social liberalism Pro-Europeanism,https://en.wikipedia.org/wiki/Democratic_Party_of_Pensioners_of_Slovenia
2019-10-17,Democratic Party of Pensioners of Slovenia,3.4,Centre,Pensioners' interests Single-issue politics Social liberalism Pro-Europeanism,https://en.wikipedia.org/wiki/Democratic_Party_of_Pensioners_of_Slovenia
2019-11-07,Democratic Party of Pensioners of Slovenia,2.2,Centre,Pensioners' interests Single-issue politics Social liberalism Pro-Europeanism,https://en.wikipedia.org/wiki/Democratic_Party_of_Pensioners_of_Slovenia
2019-11-07,Democratic Party of Pensioners of Slovenia,2.1,Centre,Pensioners' interests Single-issue politics Social liberalism Pro-Europeanism,https://en.wikipedia.org/wiki/Democratic_Party_of_Pensioners_of_Slovenia
2019-11-14,Democratic Party of Pensioners of Slovenia,3.2,Centre,Pensioners' interests Single-issue politics Social liberalism Pro-Europeanism,https://en.wikipedia.org/wiki/Democratic_Party_of_Pensioners_of_Slovenia
2019-11-24,Democratic Party of Pensioners of Slovenia,1.5,Centre,Pensioners' interests Single-issue politics Social liberalism Pro-Europeanism,https://en.wikipedia.org/wiki/Democratic_Party_of_Pensioners_of_Slovenia
2019-12-05,Democratic Party of Pensioners of Slovenia,3.4,Centre,Pensioners' interests Single-issue politics Social liberalism Pro-Europeanism,https://en.wikipedia.org/wiki/Democratic_Party_of_Pensioners_of_Slovenia
2019-12-05,Democratic Party of Pensioners of Slovenia,4.6,Centre,Pensioners' interests Single-issue politics Social liberalism Pro-Europeanism,https://en.wikipedia.org/wiki/Democratic_Party_of_Pensioners_of_Slovenia
2019-12-12,Democratic Party of Pensioners of Slovenia,3.1,Centre,Pensioners' interests Single-issue politics Social liberalism Pro-Europeanism,https://en.wikipedia.org/wiki/Democratic_Party_of_Pensioners_of_Slovenia
2020-01-09,Democratic Party of Pensioners of Slovenia,3.0,Centre,Pensioners' interests Single-issue politics Social liberalism Pro-Europeanism,https://en.wikipedia.org/wiki/Democratic_Party_of_Pensioners_of_Slovenia
2020-01-16,Democratic Party of Pensioners of Slovenia,3.8,Centre,Pensioners' interests Single-issue politics Social liberalism Pro-Europeanism,https://en.wikipedia.org/wiki/Democratic_Party_of_Pensioners_of_Slovenia
2020-01-16,Democratic Party of Pensioners of Slovenia,2.9,Centre,Pensioners' interests Single-issue politics Social liberalism Pro-Europeanism,https://en.wikipedia.org/wiki/Democratic_Party_of_Pensioners_of_Slovenia
2020-01-29,Democratic Party of Pensioners of Slovenia,3.7,Centre,Pensioners' interests Single-issue politics Social liberalism Pro-Europeanism,https://en.wikipedia.org/wiki/Democratic_Party_of_Pensioners_of_Slovenia
2020-02-03,Democratic Party of Pensioners of Slovenia,2.2,Centre,Pensioners' interests Single-issue politics Social liberalism Pro-Europeanism,https://en.wikipedia.org/wiki/Democratic_Party_of_Pensioners_of_Slovenia
2020-02-05,Democratic Party of Pensioners of Slovenia,4.0,Centre,Pensioners' interests Single-issue politics Social liberalism Pro-Europeanism,https://en.wikipedia.org/wiki/Democratic_Party_of_Pensioners_of_Slovenia
2020-02-13,Democratic Party of Pensioners of Slovenia,2.9,Centre,Pensioners' interests Single-issue politics Social liberalism Pro-Europeanism,https://en.wikipedia.org/wiki/Democratic_Party_of_Pensioners_of_Slovenia
2020-02-13,Democratic Party of Pensioners of Slovenia,3.9,Centre,Pensioners' interests Single-issue politics Social liberalism Pro-Europeanism,https://en.wikipedia.org/wiki/Democratic_Party_of_Pensioners_of_Slovenia
2020-02-20,Democratic Party of Pensioners of Slovenia,4.1,Centre,Pensioners' interests Single-issue politics Social liberalism Pro-Europeanism,https://en.wikipedia.org/wiki/Democratic_Party_of_Pensioners_of_Slovenia
2020-02-28,Democratic Party of Pensioners of Slovenia,4.1,Centre,Pensioners' interests Single-issue politics Social liberalism Pro-Europeanism,https://en.wikipedia.org/wiki/Democratic_Party_of_Pensioners_of_Slovenia
2020-03-05,Democratic Party of Pensioners of Slovenia,3.0,Centre,Pensioners' interests Single-issue politics Social liberalism Pro-Europeanism,https://en.wikipedia.org/wiki/Democratic_Party_of_Pensioners_of_Slovenia
2020-03-12,Democratic Party of Pensioners of Slovenia,2.6,Centre,Pensioners' interests Single-issue politics Social liberalism Pro-Europeanism,https://en.wikipedia.org/wiki/Democratic_Party_of_Pensioners_of_Slovenia
2020-03-19,Democratic Party of Pensioners of Slovenia,2.5,Centre,Pensioners' interests Single-issue politics Social liberalism Pro-Europeanism,https://en.wikipedia.org/wiki/Democratic_Party_of_Pensioners_of_Slovenia
2020-04-09,Democratic Party of Pensioners of Slovenia,3.1,Centre,Pensioners' interests Single-issue politics Social liberalism Pro-Europeanism,https://en.wikipedia.org/wiki/Democratic_Party_of_Pensioners_of_Slovenia
2020-04-16,Democratic Party of Pensioners of Slovenia,2.6,Centre,Pensioners' interests Single-issue politics Social liberalism Pro-Europeanism,https://en.wikipedia.org/wiki/Democratic_Party_of_Pensioners_of_Slovenia
2020-05-08,Democratic Party of Pensioners of Slovenia,3.4,Centre,Pensioners' interests Single-issue politics Social liberalism Pro-Europeanism,https://en.wikipedia.org/wiki/Democratic_Party_of_Pensioners_of_Slovenia
2020-05-08,Democratic Party of Pensioners of Slovenia,6.4,Centre,Pensioners' interests Single-issue politics Social liberalism Pro-Europeanism,https://en.wikipedia.org/wiki/Democratic_Party_of_Pensioners_of_Slovenia
2020-05-13,Democratic Party of Pensioners of Slovenia,3.7,Centre,Pensioners' interests Single-issue politics Social liberalism Pro-Europeanism,https://en.wikipedia.org/wiki/Democratic_Party_of_Pensioners_of_Slovenia
2020-05-21,Democratic Party of Pensioners of Slovenia,2.6,Centre,Pensioners' interests Single-issue politics Social liberalism Pro-Europeanism,https://en.wikipedia.org/wiki/Democratic_Party_of_Pensioners_of_Slovenia
2020-05-22,Democratic Party of Pensioners of Slovenia,4.3,Centre,Pensioners' interests Single-issue politics Social liberalism Pro-Europeanism,https://en.wikipedia.org/wiki/Democratic_Party_of_Pensioners_of_Slovenia
2020-06-04,Democratic Party of Pensioners of Slovenia,2.3,Centre,Pensioners' interests Single-issue politics Social liberalism Pro-Europeanism,https://en.wikipedia.org/wiki/Democratic_Party_of_Pensioners_of_Slovenia
2020-06-11,Democratic Party of Pensioners of Slovenia,2.9,Centre,Pensioners' interests Single-issue politics Social liberalism Pro-Europeanism,https://en.wikipedia.org/wiki/Democratic_Party_of_Pensioners_of_Slovenia
2020-06-17,Democratic Party of Pensioners of Slovenia,4.1,Centre,Pensioners' interests Single-issue politics Social liberalism Pro-Europeanism,https://en.wikipedia.org/wiki/Democratic_Party_of_Pensioners_of_Slovenia
2020-07-02,Democratic Party of Pensioners of Slovenia,4.1,Centre,Pensioners' interests Single-issue politics Social liberalism Pro-Europeanism,https://en.wikipedia.org/wiki/Democratic_Party_of_Pensioners_of_Slovenia
2020-07-09,Democratic Party of Pensioners of Slovenia,2.6,Centre,Pensioners' interests Single-issue politics Social liberalism Pro-Europeanism,https://en.wikipedia.org/wiki/Democratic_Party_of_Pensioners_of_Slovenia
2020-07-16,Democratic Party of Pensioners of Slovenia,2.8,Centre,Pensioners' interests Single-issue politics Social liberalism Pro-Europeanism,https://en.wikipedia.org/wiki/Democratic_Party_of_Pensioners_of_Slovenia
2020-08-06,Democratic Party of Pensioners of Slovenia,1.5,Centre,Pensioners' interests Single-issue politics Social liberalism Pro-Europeanism,https://en.wikipedia.org/wiki/Democratic_Party_of_Pensioners_of_Slovenia
2020-08-13,Democratic Party of Pensioners of Slovenia,1.8,Centre,Pensioners' interests Single-issue politics Social liberalism Pro-Europeanism,https://en.wikipedia.org/wiki/Democratic_Party_of_Pensioners_of_Slovenia
2020-08-24,Democratic Party of Pensioners of Slovenia,2.6,Centre,Pensioners' interests Single-issue politics Social liberalism Pro-Europeanism,https://en.wikipedia.org/wiki/Democratic_Party_of_Pensioners_of_Slovenia
2020-08-24,Democratic Party of Pensioners of Slovenia,3.7,Centre,Pensioners' interests Single-issue politics Social liberalism Pro-Europeanism,https://en.wikipedia.org/wiki/Democratic_Party_of_Pensioners_of_Slovenia
2020-09-10,Democratic Party of Pensioners of Slovenia,3.0,Centre,Pensioners' interests Single-issue politics Social liberalism Pro-Europeanism,https://en.wikipedia.org/wiki/Democratic_Party_of_Pensioners_of_Slovenia
2020-09-17,Democratic Party of Pensioners of Slovenia,1.3,Centre,Pensioners' interests Single-issue politics Social liberalism Pro-Europeanism,https://en.wikipedia.org/wiki/Democratic_Party_of_Pensioners_of_Slovenia
2020-09-18,Democratic Party of Pensioners of Slovenia,3.6,Centre,Pensioners' interests Single-issue politics Social liberalism Pro-Europeanism,https://en.wikipedia.org/wiki/Democratic_Party_of_Pensioners_of_Slovenia
2020-09-28,Democratic Party of Pensioners of Slovenia,1.0,Centre,Pensioners' interests Single-issue politics Social liberalism Pro-Europeanism,https://en.wikipedia.org/wiki/Democratic_Party_of_Pensioners_of_Slovenia
2020-10-08,Democratic Party of Pensioners of Slovenia,2.8,Centre,Pensioners' interests Single-issue politics Social liberalism Pro-Europeanism,https://en.wikipedia.org/wiki/Democratic_Party_of_Pensioners_of_Slovenia
2020-10-15,Democratic Party of Pensioners of Slovenia,1.2,Centre,Pensioners' interests Single-issue politics Social liberalism Pro-Europeanism,https://en.wikipedia.org/wiki/Democratic_Party_of_Pensioners_of_Slovenia
2020-11-04,Democratic Party of Pensioners of Slovenia,4.7,Centre,Pensioners' interests Single-issue politics Social liberalism Pro-Europeanism,https://en.wikipedia.org/wiki/Democratic_Party_of_Pensioners_of_Slovenia
2020-11-05,Democratic Party of Pensioners of Slovenia,3.9,Centre,Pensioners' interests Single-issue politics Social liberalism Pro-Europeanism,https://en.wikipedia.org/wiki/Democratic_Party_of_Pensioners_of_Slovenia
2020-11-12,Democratic Party of Pensioners of Slovenia,2.5,Centre,Pensioners' interests Single-issue politics Social liberalism Pro-Europeanism,https://en.wikipedia.org/wiki/Democratic_Party_of_Pensioners_of_Slovenia
2020-11-23,Democratic Party of Pensioners of Slovenia,3.9,Centre,Pensioners' interests Single-issue politics Social liberalism Pro-Europeanism,https://en.wikipedia.org/wiki/Democratic_Party_of_Pensioners_of_Slovenia
2020-12-09,Democratic Party of Pensioners of Slovenia,7.1,Centre,Pensioners' interests Single-issue politics Social liberalism Pro-Europeanism,https://en.wikipedia.org/wiki/Democratic_Party_of_Pensioners_of_Slovenia
2020-12-09,Democratic Party of Pensioners of Slovenia,3.6,Centre,Pensioners' interests Single-issue politics Social liberalism Pro-Europeanism,https://en.wikipedia.org/wiki/Democratic_Party_of_Pensioners_of_Slovenia
2020-12-17,Democratic Party of Pensioners of Slovenia,3.7,Centre,Pensioners' interests Single-issue politics Social liberalism Pro-Europeanism,https://en.wikipedia.org/wiki/Democratic_Party_of_Pensioners_of_Slovenia
2020-12-23,Democratic Party of Pensioners of Slovenia,6.4,Centre,Pensioners' interests Single-issue politics Social liberalism Pro-Europeanism,https://en.wikipedia.org/wiki/Democratic_Party_of_Pensioners_of_Slovenia
2021-01-07,Democratic Party of Pensioners of Slovenia,2.1,Centre,Pensioners' interests Single-issue politics Social liberalism Pro-Europeanism,https://en.wikipedia.org/wiki/Democratic_Party_of_Pensioners_of_Slovenia
2021-01-14,Democratic Party of Pensioners of Slovenia,3.2,Centre,Pensioners' interests Single-issue politics Social liberalism Pro-Europeanism,https://en.wikipedia.org/wiki/Democratic_Party_of_Pensioners_of_Slovenia
2021-01-25,Democratic Party of Pensioners of Slovenia,2.5,Centre,Pensioners' interests Single-issue politics Social liberalism Pro-Europeanism,https://en.wikipedia.org/wiki/Democratic_Party_of_Pensioners_of_Slovenia
2021-01-28,Democratic Party of Pensioners of Slovenia,3.6,Centre,Pensioners' interests Single-issue politics Social liberalism Pro-Europeanism,https://en.wikipedia.org/wiki/Democratic_Party_of_Pensioners_of_Slovenia
2021-02-11,Democratic Party of Pensioners of Slovenia,3.1,Centre,Pensioners' interests Single-issue politics Social liberalism Pro-Europeanism,https://en.wikipedia.org/wiki/Democratic_Party_of_Pensioners_of_Slovenia
2021-02-11,Democratic Party of Pensioners of Slovenia,2.1,Centre,Pensioners' interests Single-issue politics Social liberalism Pro-Europeanism,https://en.wikipedia.org/wiki/Democratic_Party_of_Pensioners_of_Slovenia
2021-03-01,Democratic Party of Pensioners of Slovenia,1.2,Centre,Pensioners' interests Single-issue politics Social liberalism Pro-Europeanism,https://en.wikipedia.org/wiki/Democratic_Party_of_Pensioners_of_Slovenia
2021-03-04,Democratic Party of Pensioners of Slovenia,2.1,Centre,Pensioners' interests Single-issue politics Social liberalism Pro-Europeanism,https://en.wikipedia.org/wiki/Democratic_Party_of_Pensioners_of_Slovenia
2021-03-11,Democratic Party of Pensioners of Slovenia,3.1,Centre,Pensioners' interests Single-issue politics Social liberalism Pro-Europeanism,https://en.wikipedia.org/wiki/Democratic_Party_of_Pensioners_of_Slovenia
2021-03-12,Democratic Party of Pensioners of Slovenia,2.3,Centre,Pensioners' interests Single-issue politics Social liberalism Pro-Europeanism,https://en.wikipedia.org/wiki/Democratic_Party_of_Pensioners_of_Slovenia
2021-03-25,Democratic Party of Pensioners of Slovenia,1.0,Centre,Pensioners' interests Single-issue politics Social liberalism Pro-Europeanism,https://en.wikipedia.org/wiki/Democratic_Party_of_Pensioners_of_Slovenia
2021-03-29,Democratic Party of Pensioners of Slovenia,1.4,Centre,Pensioners' interests Single-issue politics Social liberalism Pro-Europeanism,https://en.wikipedia.org/wiki/Democratic_Party_of_Pensioners_of_Slovenia
2021-04-08,Democratic Party of Pensioners of Slovenia,2.6,Centre,Pensioners' interests Single-issue politics Social liberalism Pro-Europeanism,https://en.wikipedia.org/wiki/Democratic_Party_of_Pensioners_of_Slovenia
2021-04-14,Democratic Party of Pensioners of Slovenia,1.6,Centre,Pensioners' interests Single-issue politics Social liberalism Pro-Europeanism,https://en.wikipedia.org/wiki/Democratic_Party_of_Pensioners_of_Slovenia
2021-04-15,Democratic Party of Pensioners of Slovenia,0.3,Centre,Pensioners' interests Single-issue politics Social liberalism Pro-Europeanism,https://en.wikipedia.org/wiki/Democratic_Party_of_Pensioners_of_Slovenia
2021-04-26,Democratic Party of Pensioners of Slovenia,1.1,Centre,Pensioners' interests Single-issue politics Social liberalism Pro-Europeanism,https://en.wikipedia.org/wiki/Democratic_Party_of_Pensioners_of_Slovenia
2021-05-05,Democratic Party of Pensioners of Slovenia,1.2,Centre,Pensioners' interests Single-issue politics Social liberalism Pro-Europeanism,https://en.wikipedia.org/wiki/Democratic_Party_of_Pensioners_of_Slovenia
2021-05-13,Democratic Party of Pensioners of Slovenia,2.3,Centre,Pensioners' interests Single-issue politics Social liberalism Pro-Europeanism,https://en.wikipedia.org/wiki/Democratic_Party_of_Pensioners_of_Slovenia
2021-05-13,Democratic Party of Pensioners of Slovenia,0.5,Centre,Pensioners' interests Single-issue politics Social liberalism Pro-Europeanism,https://en.wikipedia.org/wiki/Democratic_Party_of_Pensioners_of_Slovenia
2021-05-24,Democratic Party of Pensioners of Slovenia,2.5,Centre,Pensioners' interests Single-issue politics Social liberalism Pro-Europeanism,https://en.wikipedia.org/wiki/Democratic_Party_of_Pensioners_of_Slovenia
2021-05-26,Democratic Party of Pensioners of Slovenia,2.3,Centre,Pensioners' interests Single-issue politics Social liberalism Pro-Europeanism,https://en.wikipedia.org/wiki/Democratic_Party_of_Pensioners_of_Slovenia
2021-06-18,Democratic Party of Pensioners of Slovenia,3.8,Centre,Pensioners' interests Single-issue politics Social liberalism Pro-Europeanism,https://en.wikipedia.org/wiki/Democratic_Party_of_Pensioners_of_Slovenia
2021-09-02,Democratic Party of Pensioners of Slovenia,2.7,Centre,Pensioners' interests Single-issue politics Social liberalism Pro-Europeanism,https://en.wikipedia.org/wiki/Democratic_Party_of_Pensioners_of_Slovenia
2021-09-30,Democratic Party of Pensioners of Slovenia,1.6,Centre,Pensioners' interests Single-issue politics Social liberalism Pro-Europeanism,https://en.wikipedia.org/wiki/Democratic_Party_of_Pensioners_of_Slovenia
2021-10-15,Democratic Party of Pensioners of Slovenia,3.0,Centre,Pensioners' interests Single-issue politics Social liberalism Pro-Europeanism,https://en.wikipedia.org/wiki/Democratic_Party_of_Pensioners_of_Slovenia
2021-11-04,Democratic Party of Pensioners of Slovenia,2.8,Centre,Pensioners' interests Single-issue politics Social liberalism Pro-Europeanism,https://en.wikipedia.org/wiki/Democratic_Party_of_Pensioners_of_Slovenia
2021-11-16,Democratic Party of Pensioners of Slovenia,1.8,Centre,Pensioners' interests Single-issue politics Social liberalism Pro-Europeanism,https://en.wikipedia.org/wiki/Democratic_Party_of_Pensioners_of_Slovenia
2021-12-02,Democratic Party of Pensioners of Slovenia,1.8,Centre,Pensioners' interests Single-issue politics Social liberalism Pro-Europeanism,https://en.wikipedia.org/wiki/Democratic_Party_of_Pensioners_of_Slovenia
2021-12-07,Democratic Party of Pensioners of Slovenia,0.7,Centre,Pensioners' interests Single-issue politics Social liberalism Pro-Europeanism,https://en.wikipedia.org/wiki/Democratic_Party_of_Pensioners_of_Slovenia
2021-12-16,Democratic Party of Pensioners of Slovenia,0.8,Centre,Pensioners' interests Single-issue politics Social liberalism Pro-Europeanism,https://en.wikipedia.org/wiki/Democratic_Party_of_Pensioners_of_Slovenia
2021-12-29,Democratic Party of Pensioners of Slovenia,0.8,Centre,Pensioners' interests Single-issue politics Social liberalism Pro-Europeanism,https://en.wikipedia.org/wiki/Democratic_Party_of_Pensioners_of_Slovenia
2022-01-06,Democratic Party of Pensioners of Slovenia,2.2,Centre,Pensioners' interests Single-issue politics Social liberalism Pro-Europeanism,https://en.wikipedia.org/wiki/Democratic_Party_of_Pensioners_of_Slovenia
2022-01-13,Democratic Party of Pensioners of Slovenia,0.9,Centre,Pensioners' interests Single-issue politics Social liberalism Pro-Europeanism,https://en.wikipedia.org/wiki/Democratic_Party_of_Pensioners_of_Slovenia
2022-01-27,Democratic Party of Pensioners of Slovenia,1.0,Centre,Pensioners' interests Single-issue politics Social liberalism Pro-Europeanism,https://en.wikipedia.org/wiki/Democratic_Party_of_Pensioners_of_Slovenia
2022-01-28,Democratic Party of Pensioners of Slovenia,1.1,Centre,Pensioners' interests Single-issue politics Social liberalism Pro-Europeanism,https://en.wikipedia.org/wiki/Democratic_Party_of_Pensioners_of_Slovenia
2022-02-03,Democratic Party of Pensioners of Slovenia,0.5,Centre,Pensioners' interests Single-issue politics Social liberalism Pro-Europeanism,https://en.wikipedia.org/wiki/Democratic_Party_of_Pensioners_of_Slovenia
2022-02-10,Democratic Party of Pensioners of Slovenia,0.9,Centre,Pensioners' interests Single-issue politics Social liberalism Pro-Europeanism,https://en.wikipedia.org/wiki/Democratic_Party_of_Pensioners_of_Slovenia
2022-02-10,Democratic Party of Pensioners of Slovenia,0.9,Centre,Pensioners' interests Single-issue politics Social liberalism Pro-Europeanism,https://en.wikipedia.org/wiki/Democratic_Party_of_Pensioners_of_Slovenia
2022-02-16,Democratic Party of Pensioners of Slovenia,0.5,Centre,Pensioners' interests Single-issue politics Social liberalism Pro-Europeanism,https://en.wikipedia.org/wiki/Democratic_Party_of_Pensioners_of_Slovenia
2022-02-23,Democratic Party of Pensioners of Slovenia,0.6,Centre,Pensioners' interests Single-issue politics Social liberalism Pro-Europeanism,https://en.wikipedia.org/wiki/Democratic_Party_of_Pensioners_of_Slovenia
2022-02-24,Democratic Party of Pensioners of Slovenia,1.0,Centre,Pensioners' interests Single-issue politics Social liberalism Pro-Europeanism,https://en.wikipedia.org/wiki/Democratic_Party_of_Pensioners_of_Slovenia
2022-02-25,Democratic Party of Pensioners of Slovenia,0.8,Centre,Pensioners' interests Single-issue politics Social liberalism Pro-Europeanism,https://en.wikipedia.org/wiki/Democratic_Party_of_Pensioners_of_Slovenia
2022-03-03,Democratic Party of Pensioners of Slovenia,0.9,Centre,Pensioners' interests Single-issue politics Social liberalism Pro-Europeanism,https://en.wikipedia.org/wiki/Democratic_Party_of_Pensioners_of_Slovenia
2022-03-10,Democratic Party of Pensioners of Slovenia,1.0,Centre,Pensioners' interests Single-issue politics Social liberalism Pro-Europeanism,https://en.wikipedia.org/wiki/Democratic_Party_of_Pensioners_of_Slovenia
2022-03-10,Democratic Party of Pensioners of Slovenia,0.4,Centre,Pensioners' interests Single-issue politics Social liberalism Pro-Europeanism,https://en.wikipedia.org/wiki/Democratic_Party_of_Pensioners_of_Slovenia
2022-03-17,Democratic Party of Pensioners of Slovenia,0.5,Centre,Pensioners' interests Single-issue politics Social liberalism Pro-Europeanism,https://en.wikipedia.org/wiki/Democratic_Party_of_Pensioners_of_Slovenia
2022-03-23,Democratic Party of Pensioners of Slovenia,2.0,Centre,Pensioners' interests Single-issue politics Social liberalism Pro-Europeanism,https://en.wikipedia.org/wiki/Democratic_Party_of_Pensioners_of_Slovenia
2022-03-24,Democratic Party of Pensioners of Slovenia,0.5,Centre,Pensioners' interests Single-issue politics Social liberalism Pro-Europeanism,https://en.wikipedia.org/wiki/Democratic_Party_of_Pensioners_of_Slovenia
2022-03-24,Democratic Party of Pensioners of Slovenia,2.8,Centre,Pensioners' interests Single-issue politics Social liberalism Pro-Europeanism,https://en.wikipedia.org/wiki/Democratic_Party_of_Pensioners_of_Slovenia
2022-03-31,Democratic Party of Pensioners of Slovenia,1.2,Centre,Pensioners' interests Single-issue politics Social liberalism Pro-Europeanism,https://en.wikipedia.org/wiki/Democratic_Party_of_Pensioners_of_Slovenia
2022-03-31,Democratic Party of Pensioners of Slovenia,1.1,Centre,Pensioners' interests Single-issue politics Social liberalism Pro-Europeanism,https://en.wikipedia.org/wiki/Democratic_Party_of_Pensioners_of_Slovenia
2022-04-01,Democratic Party of Pensioners of Slovenia,2.8,Centre,Pensioners' interests Single-issue politics Social liberalism Pro-Europeanism,https://en.wikipedia.org/wiki/Democratic_Party_of_Pensioners_of_Slovenia
2022-04-06,Democratic Party of Pensioners of Slovenia,0.7,Centre,Pensioners' interests Single-issue politics Social liberalism Pro-Europeanism,https://en.wikipedia.org/wiki/Democratic_Party_of_Pensioners_of_Slovenia
2022-04-07,Democratic Party of Pensioners of Slovenia,0.9,Centre,Pensioners' interests Single-issue politics Social liberalism Pro-Europeanism,https://en.wikipedia.org/wiki/Democratic_Party_of_Pensioners_of_Slovenia
2022-04-07,Democratic Party of Pensioners of Slovenia,0.3,Centre,Pensioners' interests Single-issue politics Social liberalism Pro-Europeanism,https://en.wikipedia.org/wiki/Democratic_Party_of_Pensioners_of_Slovenia
2022-04-13,Democratic Party of Pensioners of Slovenia,1.5,Centre,Pensioners' interests Single-issue politics Social liberalism Pro-Europeanism,https://en.wikipedia.org/wiki/Democratic_Party_of_Pensioners_of_Slovenia
2022-04-13,Democratic Party of Pensioners of Slovenia,0.4,Centre,Pensioners' interests Single-issue politics Social liberalism Pro-Europeanism,https://en.wikipedia.org/wiki/Democratic_Party_of_Pensioners_of_Slovenia
2022-04-14,Democratic Party of Pensioners of Slovenia,1.7,Centre,Pensioners' interests Single-issue politics Social liberalism Pro-Europeanism,https://en.wikipedia.org/wiki/Democratic_Party_of_Pensioners_of_Slovenia
2022-04-14,Democratic Party of Pensioners of Slovenia,0.4,Centre,Pensioners' interests Single-issue politics Social liberalism Pro-Europeanism,https://en.wikipedia.org/wiki/Democratic_Party_of_Pensioners_of_Slovenia
2022-04-15,Democratic Party of Pensioners of Slovenia,0.2,Centre,Pensioners' interests Single-issue politics Social liberalism Pro-Europeanism,https://en.wikipedia.org/wiki/Democratic_Party_of_Pensioners_of_Slovenia
2022-04-15,Democratic Party of Pensioners of Slovenia,1.2,Centre,Pensioners' interests Single-issue politics Social liberalism Pro-Europeanism,https://en.wikipedia.org/wiki/Democratic_Party_of_Pensioners_of_Slovenia
2022-04-16,Democratic Party of Pensioners of Slovenia,0.8,Centre,Pensioners' interests Single-issue politics Social liberalism Pro-Europeanism,https://en.wikipedia.org/wiki/Democratic_Party_of_Pensioners_of_Slovenia
2022-04-19,Democratic Party of Pensioners of Slovenia,0.9,Centre,Pensioners' interests Single-issue politics Social liberalism Pro-Europeanism,https://en.wikipedia.org/wiki/Democratic_Party_of_Pensioners_of_Slovenia
2022-04-19,Democratic Party of Pensioners of Slovenia,0.5,Centre,Pensioners' interests Single-issue politics Social liberalism Pro-Europeanism,https://en.wikipedia.org/wiki/Democratic_Party_of_Pensioners_of_Slovenia
2022-04-20,Democratic Party of Pensioners of Slovenia,0.9,Centre,Pensioners' interests Single-issue politics Social liberalism Pro-Europeanism,https://en.wikipedia.org/wiki/Democratic_Party_of_Pensioners_of_Slovenia
2022-04-21,Democratic Party of Pensioners of Slovenia,0.6,Centre,Pensioners' interests Single-issue politics Social liberalism Pro-Europeanism,https://en.wikipedia.org/wiki/Democratic_Party_of_Pensioners_of_Slovenia
2022-04-21,Democratic Party of Pensioners of Slovenia,1.1,Centre,Pensioners' interests Single-issue politics Social liberalism Pro-Europeanism,https://en.wikipedia.org/wiki/Democratic_Party_of_Pensioners_of_Slovenia
2022-04-21,Democratic Party of Pensioners of Slovenia,0.7,Centre,Pensioners' interests Single-issue politics Social liberalism Pro-Europeanism,https://en.wikipedia.org/wiki/Democratic_Party_of_Pensioners_of_Slovenia
2022-04-22,Democratic Party of Pensioners of Slovenia,0.7,Centre,Pensioners' interests Single-issue politics Social liberalism Pro-Europeanism,https://en.wikipedia.org/wiki/Democratic_Party_of_Pensioners_of_Slovenia
2022-04-24,Democratic Party of Pensioners of Slovenia,0.5,Centre,Pensioners' interests Single-issue politics Social liberalism Pro-Europeanism,https://en.wikipedia.org/wiki/Democratic_Party_of_Pensioners_of_Slovenia
2022-04-24,Democratic Party of Pensioners of Slovenia,0.7,Centre,Pensioners' interests Single-issue politics Social liberalism Pro-Europeanism,https://en.wikipedia.org/wiki/Democratic_Party_of_Pensioners_of_Slovenia
2026-03-22,Democrats. of Anže Logar,6.7,Centre-right,Conservative liberalism,https://en.wikipedia.org/wiki/Democrats._of_An%C5%BEe_Logar
2026-04-09,Democrats. of Anže Logar,6.8,Centre-right,Conservative liberalism,https://en.wikipedia.org/wiki/Democrats._of_An%C5%BEe_Logar
2026-04-10,Democrats. of Anže Logar,6.2,Centre-right,Conservative liberalism,https://en.wikipedia.org/wiki/Democrats._of_An%C5%BEe_Logar
2026-04-15,Democrats. of Anže Logar,5.2,Centre-right,Conservative liberalism,https://en.wikipedia.org/wiki/Democrats._of_An%C5%BEe_Logar
2026-04-23,Democrats. of Anže Logar,4.9,Centre-right,Conservative liberalism,https://en.wikipedia.org/wiki/Democrats._of_An%C5%BEe_Logar
2026-05-07,Democrats. of Anže Logar,5.5,Centre-right,Conservative liberalism,https://en.wikipedia.org/wiki/Democrats._of_An%C5%BEe_Logar
2026-05-12,Democrats. of Anže Logar,4.7,Centre-right,Conservative liberalism,https://en.wikipedia.org/wiki/Democrats._of_An%C5%BEe_Logar
2026-05-13,Democrats. of Anže Logar,3.2,Centre-right,Conservative liberalism,https://en.wikipedia.org/wiki/Democrats._of_An%C5%BEe_Logar
2026-05-20,Democrats. of Anže Logar,4.5,Centre-right,Conservative liberalism,https://en.wikipedia.org/wiki/Democrats._of_An%C5%BEe_Logar
2026-05-21,Democrats. of Anže Logar,4.6,Centre-right,Conservative liberalism,https://en.wikipedia.org/wiki/Democrats._of_An%C5%BEe_Logar
2022-04-07,For a Healthy Society,1.1,,Vaccine hesitancy Anti-5G Antiglobalism Anti-immigration,https://en.wikipedia.org/wiki/For_a_Healthy_Society
2022-04-13,For a Healthy Society,0.9,,Vaccine hesitancy Anti-5G Antiglobalism Anti-immigration,https://en.wikipedia.org/wiki/For_a_Healthy_Society
2022-04-14,For a Healthy Society,0.9,,Vaccine hesitancy Anti-5G Antiglobalism Anti-immigration,https://en.wikipedia.org/wiki/For_a_Healthy_Society
2022-04-15,For a Healthy Society,0.8,,Vaccine hesitancy Anti-5G Antiglobalism Anti-immigration,https://en.wikipedia.org/wiki/For_a_Healthy_Society
2022-04-16,For a Healthy Society,0.9,,Vaccine hesitancy Anti-5G Antiglobalism Anti-immigration,https://en.wikipedia.org/wiki/For_a_Healthy_Society
2022-04-19,For a Healthy Society,0.3,,Vaccine hesitancy Anti-5G Antiglobalism Anti-immigration,https://en.wikipedia.org/wiki/For_a_Healthy_Society
2022-04-19,For a Healthy Society,0.9,,Vaccine hesitancy Anti-5G Antiglobalism Anti-immigration,https://en.wikipedia.org/wiki/For_a_Healthy_Society
2022-04-20,For a Healthy Society,0.7,,Vaccine hesitancy Anti-5G Antiglobalism Anti-immigration,https://en.wikipedia.org/wiki/For_a_Healthy_Society
2022-04-21,For a Healthy Society,0.5,,Vaccine hesitancy Anti-5G Antiglobalism Anti-immigration,https://en.wikipedia.org/wiki/For_a_Healthy_Society
2022-04-21,For a Healthy Society,1.4,,Vaccine hesitancy Anti-5G Antiglobalism Anti-immigration,https://en.wikipedia.org/wiki/For_a_Healthy_Society
2022-04-21,For a Healthy Society,0.4,,Vaccine hesitancy Anti-5G Antiglobalism Anti-immigration,https://en.wikipedia.org/wiki/For_a_Healthy_Society
2022-04-22,For a Healthy Society,0.5,,Vaccine hesitancy Anti-5G Antiglobalism Anti-immigration,https://en.wikipedia.org/wiki/For_a_Healthy_Society
2022-04-24,For a Healthy Society,1.5,,Vaccine hesitancy Anti-5G Antiglobalism Anti-immigration,https://en.wikipedia.org/wiki/For_a_Healthy_Society
2022-04-24,For a Healthy Society,1.8,,Vaccine hesitancy Anti-5G Antiglobalism Anti-immigration,https://en.wikipedia.org/wiki/For_a_Healthy_Society
2021-05-26,Freedom Movement,0.7,Centre to centre-left,Social liberalism Pro-Europeanism,https://en.wikipedia.org/wiki/Freedom_Movement_(Slovenia)
2021-06-15,Freedom Movement,1.0,Centre to centre-left,Social liberalism Pro-Europeanism,https://en.wikipedia.org/wiki/Freedom_Movement_(Slovenia)
2021-06-18,Freedom Movement,0.4,Centre to centre-left,Social liberalism Pro-Europeanism,https://en.wikipedia.org/wiki/Freedom_Movement_(Slovenia)
2021-09-02,Freedom Movement,0.6,Centre to centre-left,Social liberalism Pro-Europeanism,https://en.wikipedia.org/wiki/Freedom_Movement_(Slovenia)
2021-09-30,Freedom Movement,0.5,Centre to centre-left,Social liberalism Pro-Europeanism,https://en.wikipedia.org/wiki/Freedom_Movement_(Slovenia)
2021-10-15,Freedom Movement,1.0,Centre to centre-left,Social liberalism Pro-Europeanism,https://en.wikipedia.org/wiki/Freedom_Movement_(Slovenia)
2021-11-04,Freedom Movement,0.3,Centre to centre-left,Social liberalism Pro-Europeanism,https://en.wikipedia.org/wiki/Freedom_Movement_(Slovenia)
2021-11-16,Freedom Movement,0.7,Centre to centre-left,Social liberalism Pro-Europeanism,https://en.wikipedia.org/wiki/Freedom_Movement_(Slovenia)
2021-12-02,Freedom Movement,4.5,Centre to centre-left,Social liberalism Pro-Europeanism,https://en.wikipedia.org/wiki/Freedom_Movement_(Slovenia)
2021-12-07,Freedom Movement,9.0,Centre to centre-left,Social liberalism Pro-Europeanism,https://en.wikipedia.org/wiki/Freedom_Movement_(Slovenia)
2021-12-16,Freedom Movement,0.6,Centre to centre-left,Social liberalism Pro-Europeanism,https://en.wikipedia.org/wiki/Freedom_Movement_(Slovenia)
2021-12-29,Freedom Movement,15.3,Centre to centre-left,Social liberalism Pro-Europeanism,https://en.wikipedia.org/wiki/Freedom_Movement_(Slovenia)
2022-01-06,Freedom Movement,8.5,Centre to centre-left,Social liberalism Pro-Europeanism,https://en.wikipedia.org/wiki/Freedom_Movement_(Slovenia)
2022-01-13,Freedom Movement,15.4,Centre to centre-left,Social liberalism Pro-Europeanism,https://en.wikipedia.org/wiki/Freedom_Movement_(Slovenia)
2022-01-27,Freedom Movement,16.2,Centre to centre-left,Social liberalism Pro-Europeanism,https://en.wikipedia.org/wiki/Freedom_Movement_(Slovenia)
2022-01-28,Freedom Movement,13.2,Centre to centre-left,Social liberalism Pro-Europeanism,https://en.wikipedia.org/wiki/Freedom_Movement_(Slovenia)
2022-02-03,Freedom Movement,20.2,Centre to centre-left,Social liberalism Pro-Europeanism,https://en.wikipedia.org/wiki/Freedom_Movement_(Slovenia)
2022-02-10,Freedom Movement,19.9,Centre to centre-left,Social liberalism Pro-Europeanism,https://en.wikipedia.org/wiki/Freedom_Movement_(Slovenia)
2022-02-10,Freedom Movement,23.9,Centre to centre-left,Social liberalism Pro-Europeanism,https://en.wikipedia.org/wiki/Freedom_Movement_(Slovenia)
2022-02-16,Freedom Movement,13.2,Centre to centre-left,Social liberalism Pro-Europeanism,https://en.wikipedia.org/wiki/Freedom_Movement_(Slovenia)
2022-02-23,Freedom Movement,21.2,Centre to centre-left,Social liberalism Pro-Europeanism,https://en.wikipedia.org/wiki/Freedom_Movement_(Slovenia)
2022-02-24,Freedom Movement,17.4,Centre to centre-left,Social liberalism Pro-Europeanism,https://en.wikipedia.org/wiki/Freedom_Movement_(Slovenia)
2022-02-25,Freedom Movement,12.0,Centre to centre-left,Social liberalism Pro-Europeanism,https://en.wikipedia.org/wiki/Freedom_Movement_(Slovenia)
2022-03-03,Freedom Movement,18.0,Centre to centre-left,Social liberalism Pro-Europeanism,https://en.wikipedia.org/wiki/Freedom_Movement_(Slovenia)
2022-03-10,Freedom Movement,18.8,Centre to centre-left,Social liberalism Pro-Europeanism,https://en.wikipedia.org/wiki/Freedom_Movement_(Slovenia)
2022-03-10,Freedom Movement,21.0,Centre to centre-left,Social liberalism Pro-Europeanism,https://en.wikipedia.org/wiki/Freedom_Movement_(Slovenia)
2022-03-17,Freedom Movement,18.3,Centre to centre-left,Social liberalism Pro-Europeanism,https://en.wikipedia.org/wiki/Freedom_Movement_(Slovenia)
2022-03-23,Freedom Movement,16.2,Centre to centre-left,Social liberalism Pro-Europeanism,https://en.wikipedia.org/wiki/Freedom_Movement_(Slovenia)
2022-03-24,Freedom Movement,20.7,Centre to centre-left,Social liberalism Pro-Europeanism,https://en.wikipedia.org/wiki/Freedom_Movement_(Slovenia)
2022-03-24,Freedom Movement,16.7,Centre to centre-left,Social liberalism Pro-Europeanism,https://en.wikipedia.org/wiki/Freedom_Movement_(Slovenia)
2022-03-31,Freedom Movement,13.8,Centre to centre-left,Social liberalism Pro-Europeanism,https://en.wikipedia.org/wiki/Freedom_Movement_(Slovenia)
2022-03-31,Freedom Movement,19.7,Centre to centre-left,Social liberalism Pro-Europeanism,https://en.wikipedia.org/wiki/Freedom_Movement_(Slovenia)
2022-04-01,Freedom Movement,21.3,Centre to centre-left,Social liberalism Pro-Europeanism,https://en.wikipedia.org/wiki/Freedom_Movement_(Slovenia)
2022-04-06,Freedom Movement,18.6,Centre to centre-left,Social liberalism Pro-Europeanism,https://en.wikipedia.org/wiki/Freedom_Movement_(Slovenia)
2022-04-07,Freedom Movement,19.8,Centre to centre-left,Social liberalism Pro-Europeanism,https://en.wikipedia.org/wiki/Freedom_Movement_(Slovenia)
2022-04-07,Freedom Movement,23.0,Centre to centre-left,Social liberalism Pro-Europeanism,https://en.wikipedia.org/wiki/Freedom_Movement_(Slovenia)
2022-04-13,Freedom Movement,15.7,Centre to centre-left,Social liberalism Pro-Europeanism,https://en.wikipedia.org/wiki/Freedom_Movement_(Slovenia)
2022-04-13,Freedom Movement,24.4,Centre to centre-left,Social liberalism Pro-Europeanism,https://en.wikipedia.org/wiki/Freedom_Movement_(Slovenia)
2022-04-14,Freedom Movement,17.1,Centre to centre-left,Social liberalism Pro-Europeanism,https://en.wikipedia.org/wiki/Freedom_Movement_(Slovenia)
2022-04-14,Freedom Movement,24.2,Centre to centre-left,Social liberalism Pro-Europeanism,https://en.wikipedia.org/wiki/Freedom_Movement_(Slovenia)
2022-04-15,Freedom Movement,24.5,Centre to centre-left,Social liberalism Pro-Europeanism,https://en.wikipedia.org/wiki/Freedom_Movement_(Slovenia)
2022-04-15,Freedom Movement,20.0,Centre to centre-left,Social liberalism Pro-Europeanism,https://en.wikipedia.org/wiki/Freedom_Movement_(Slovenia)
2022-04-16,Freedom Movement,24.1,Centre to centre-left,Social liberalism Pro-Europeanism,https://en.wikipedia.org/wiki/Freedom_Movement_(Slovenia)
2022-04-19,Freedom Movement,21.1,Centre to centre-left,Social liberalism Pro-Europeanism,https://en.wikipedia.org/wiki/Freedom_Movement_(Slovenia)
2022-04-19,Freedom Movement,23.5,Centre to centre-left,Social liberalism Pro-Europeanism,https://en.wikipedia.org/wiki/Freedom_Movement_(Slovenia)
2022-04-20,Freedom Movement,24.7,Centre to centre-left,Social liberalism Pro-Europeanism,https://en.wikipedia.org/wiki/Freedom_Movement_(Slovenia)
2022-04-21,Freedom Movement,25.7,Centre to centre-left,Social liberalism Pro-Europeanism,https://en.wikipedia.org/wiki/Freedom_Movement_(Slovenia)
2022-04-21,Freedom Movement,24.2,Centre to centre-left,Social liberalism Pro-Europeanism,https://en.wikipedia.org/wiki/Freedom_Movement_(Slovenia)
2022-04-21,Freedom Movement,18.5,Centre to centre-left,Social liberalism Pro-Europeanism,https://en.wikipedia.org/wiki/Freedom_Movement_(Slovenia)
2022-04-22,Freedom Movement,27.1,Centre to centre-left,Social liberalism Pro-Europeanism,https://en.wikipedia.org/wiki/Freedom_Movement_(Slovenia)
2022-04-24,Freedom Movement,35.8,Centre to centre-left,Social liberalism Pro-Europeanism,https://en.wikipedia.org/wiki/Freedom_Movement_(Slovenia)
2022-04-24,Freedom Movement,34.5,Centre to centre-left,Social liberalism Pro-Europeanism,https://en.wikipedia.org/wiki/Freedom_Movement_(Slovenia)
2026-03-22,Freedom Movement,28.7,Centre to centre-left,Social liberalism Pro-Europeanism,https://en.wikipedia.org/wiki/Freedom_Movement_(Slovenia)
2026-04-09,Freedom Movement,27.6,Centre to centre-left,Social liberalism Pro-Europeanism,https://en.wikipedia.org/wiki/Freedom_Movement_(Slovenia)
2026-04-10,Freedom Movement,26.4,Centre to centre-left,Social liberalism Pro-Europeanism,https://en.wikipedia.org/wiki/Freedom_Movement_(Slovenia)
2026-04-15,Freedom Movement,29.3,Centre to centre-left,Social liberalism Pro-Europeanism,https://en.wikipedia.org/wiki/Freedom_Movement_(Slovenia)
2026-04-23,Freedom Movement,28.0,Centre to centre-left,Social liberalism Pro-Europeanism,https://en.wikipedia.org/wiki/Freedom_Movement_(Slovenia)
2026-05-07,Freedom Movement,29.7,Centre to centre-left,Social liberalism Pro-Europeanism,https://en.wikipedia.org/wiki/Freedom_Movement_(Slovenia)
2026-05-12,Freedom Movement,25.4,Centre to centre-left,Social liberalism Pro-Europeanism,https://en.wikipedia.org/wiki/Freedom_Movement_(Slovenia)
2026-05-13,Freedom Movement,28.9,Centre to centre-left,Social liberalism Pro-Europeanism,https://en.wikipedia.org/wiki/Freedom_Movement_(Slovenia)
2026-05-20,Freedom Movement,24.4,Centre to centre-left,Social liberalism Pro-Europeanism,https://en.wikipedia.org/wiki/Freedom_Movement_(Slovenia)
2026-05-21,Freedom Movement,26.6,Centre to centre-left,Social liberalism Pro-Europeanism,https://en.wikipedia.org/wiki/Freedom_Movement_(Slovenia)
2018-06-03,Good State,1.5,,,
2018-08-26,Good State,1.0,,,
2018-09-23,Good State,0.8,,,
2018-11-22,Good State,0.6,,,
2018-12-06,Good State,1.2,,,
2019-01-10,Good State,0.7,,,
2019-02-06,Good State,1.2,,,
2019-03-07,Good State,1.1,,,
2019-05-23,Good State,1.1,,,
2019-07-11,Good State,1.2,,,
2019-08-08,Good State,1.7,,,
2019-08-25,Good State,0.8,,,
2019-09-05,Good State,0.5,,,
2019-09-22,Good State,0.9,,,
2019-10-10,Good State,1.3,,,
2019-11-07,Good State,0.8,,,
2019-11-24,Good State,1.3,,,
2020-01-09,Good State,0.9,,,
2020-02-03,Good State,0.9,,,
2020-02-05,Good State,0.5,,,
2020-02-13,Good State,0.7,,,
2020-02-20,Good State,0.5,,,
2020-02-28,Good State,0.1,,,
2020-03-05,Good State,1.3,,,
2020-03-19,Good State,1.2,,,
2020-04-09,Good State,1.1,,,
2020-05-08,Good State,0.8,,,
2020-05-21,Good State,1.5,,,
2020-05-22,Good State,0.2,,,
2020-06-04,Good State,1.5,,,
2020-06-17,Good State,1.7,,,
2020-07-02,Good State,0.4,,,
2020-07-09,Good State,0.5,,,
2020-08-06,Good State,0.8,,,
2020-08-24,Good State,0.9,,,
2020-08-24,Good State,1.2,,,
2020-09-10,Good State,1.3,,,
2020-09-18,Good State,1.3,,,
2020-09-28,Good State,1.5,,,
2020-10-08,Good State,1.5,,,
2020-11-04,Good State,0.4,,,
2020-11-05,Good State,1.2,,,
2020-11-23,Good State,1.7,,,
2020-12-09,Good State,1.3,,,
2020-12-09,Good State,0.8,,,
2020-12-23,Good State,0.6,,,
2021-01-07,Good State,1.4,,,
2021-01-25,Good State,1.1,,,
2021-01-28,Good State,0.8,,,
2021-02-11,Good State,1.2,,,
2021-03-01,Good State,1.6,,,
2021-03-04,Good State,1.9,,,
2021-03-12,Good State,1.2,,,
2021-03-29,Good State,1.8,,,
2021-04-08,Good State,0.6,,,
2021-04-14,Good State,0.1,,,
2021-04-26,Good State,1.1,,,
2021-05-05,Good State,1.5,,,
2021-05-13,Good State,1.2,,,
2021-05-24,Good State,1.1,,,
2021-05-26,Good State,0.2,,,
2021-06-15,Good State,2.0,,,
2021-06-18,Good State,1.6,,,
2021-09-02,Good State,0.8,,,
2021-09-30,Good State,0.7,,,
2021-10-15,Good State,0.5,,,
2021-11-04,Good State,1.0,,,
2021-11-16,Good State,0.7,,,
2021-12-02,Good State,2.3,,,
2021-12-07,Good State,1.3,,,
2021-12-16,Good State,0.4,,,
2021-12-29,Good State,1.1,,,
2021-01-07,Let's Connect Slovenia,4.3,Centre to centre-right,Big tent,https://en.wikipedia.org/wiki/Let%27s_Connect_Slovenia
2021-01-14,Let's Connect Slovenia,1.8,Centre to centre-right,Big tent,https://en.wikipedia.org/wiki/Let%27s_Connect_Slovenia
2021-01-25,Let's Connect Slovenia,5.1,Centre to centre-right,Big tent,https://en.wikipedia.org/wiki/Let%27s_Connect_Slovenia
2021-01-28,Let's Connect Slovenia,3.2,Centre to centre-right,Big tent,https://en.wikipedia.org/wiki/Let%27s_Connect_Slovenia
2021-02-11,Let's Connect Slovenia,3.1,Centre to centre-right,Big tent,https://en.wikipedia.org/wiki/Let%27s_Connect_Slovenia
2021-02-11,Let's Connect Slovenia,3.6,Centre to centre-right,Big tent,https://en.wikipedia.org/wiki/Let%27s_Connect_Slovenia
2021-03-01,Let's Connect Slovenia,4.8,Centre to centre-right,Big tent,https://en.wikipedia.org/wiki/Let%27s_Connect_Slovenia
2021-03-04,Let's Connect Slovenia,2.6,Centre to centre-right,Big tent,https://en.wikipedia.org/wiki/Let%27s_Connect_Slovenia
2021-03-11,Let's Connect Slovenia,2.8,Centre to centre-right,Big tent,https://en.wikipedia.org/wiki/Let%27s_Connect_Slovenia
2021-03-12,Let's Connect Slovenia,4.9,Centre to centre-right,Big tent,https://en.wikipedia.org/wiki/Let%27s_Connect_Slovenia
2021-03-25,Let's Connect Slovenia,6.0,Centre to centre-right,Big tent,https://en.wikipedia.org/wiki/Let%27s_Connect_Slovenia
2021-03-29,Let's Connect Slovenia,4.1,Centre to centre-right,Big tent,https://en.wikipedia.org/wiki/Let%27s_Connect_Slovenia
2021-04-08,Let's Connect Slovenia,4.3,Centre to centre-right,Big tent,https://en.wikipedia.org/wiki/Let%27s_Connect_Slovenia
2021-04-14,Let's Connect Slovenia,3.3,Centre to centre-right,Big tent,https://en.wikipedia.org/wiki/Let%27s_Connect_Slovenia
2021-04-15,Let's Connect Slovenia,1.5,Centre to centre-right,Big tent,https://en.wikipedia.org/wiki/Let%27s_Connect_Slovenia
2021-04-26,Let's Connect Slovenia,3.4,Centre to centre-right,Big tent,https://en.wikipedia.org/wiki/Let%27s_Connect_Slovenia
2021-05-05,Let's Connect Slovenia,5.3,Centre to centre-right,Big tent,https://en.wikipedia.org/wiki/Let%27s_Connect_Slovenia
2021-05-13,Let's Connect Slovenia,4.6,Centre to centre-right,Big tent,https://en.wikipedia.org/wiki/Let%27s_Connect_Slovenia
2021-05-13,Let's Connect Slovenia,2.5,Centre to centre-right,Big tent,https://en.wikipedia.org/wiki/Let%27s_Connect_Slovenia
2021-05-24,Let's Connect Slovenia,4.8,Centre to centre-right,Big tent,https://en.wikipedia.org/wiki/Let%27s_Connect_Slovenia
2021-05-26,Let's Connect Slovenia,2.7,Centre to centre-right,Big tent,https://en.wikipedia.org/wiki/Let%27s_Connect_Slovenia
2021-06-15,Let's Connect Slovenia,2.0,Centre to centre-right,Big tent,https://en.wikipedia.org/wiki/Let%27s_Connect_Slovenia
2021-06-18,Let's Connect Slovenia,1.7,Centre to centre-right,Big tent,https://en.wikipedia.org/wiki/Let%27s_Connect_Slovenia
2021-09-02,Let's Connect Slovenia,5.7,Centre to centre-right,Big tent,https://en.wikipedia.org/wiki/Let%27s_Connect_Slovenia
2021-09-30,Let's Connect Slovenia,4.0,Centre to centre-right,Big tent,https://en.wikipedia.org/wiki/Let%27s_Connect_Slovenia
2021-10-15,Let's Connect Slovenia,4.0,Centre to centre-right,Big tent,https://en.wikipedia.org/wiki/Let%27s_Connect_Slovenia
2021-11-04,Let's Connect Slovenia,6.0,Centre to centre-right,Big tent,https://en.wikipedia.org/wiki/Let%27s_Connect_Slovenia
2021-11-16,Let's Connect Slovenia,4.6,Centre to centre-right,Big tent,https://en.wikipedia.org/wiki/Let%27s_Connect_Slovenia
2021-12-02,Let's Connect Slovenia,6.6,Centre to centre-right,Big tent,https://en.wikipedia.org/wiki/Let%27s_Connect_Slovenia
2021-12-07,Let's Connect Slovenia,3.3,Centre to centre-right,Big tent,https://en.wikipedia.org/wiki/Let%27s_Connect_Slovenia
2021-12-16,Let's Connect Slovenia,4.0,Centre to centre-right,Big tent,https://en.wikipedia.org/wiki/Let%27s_Connect_Slovenia
2021-12-29,Let's Connect Slovenia,3.9,Centre to centre-right,Big tent,https://en.wikipedia.org/wiki/Let%27s_Connect_Slovenia
2022-01-06,Let's Connect Slovenia,3.1,Centre to centre-right,Big tent,https://en.wikipedia.org/wiki/Let%27s_Connect_Slovenia
2022-01-13,Let's Connect Slovenia,5.4,Centre to centre-right,Big tent,https://en.wikipedia.org/wiki/Let%27s_Connect_Slovenia
2022-01-27,Let's Connect Slovenia,2.6,Centre to centre-right,Big tent,https://en.wikipedia.org/wiki/Let%27s_Connect_Slovenia
2022-01-28,Let's Connect Slovenia,3.9,Centre to centre-right,Big tent,https://en.wikipedia.org/wiki/Let%27s_Connect_Slovenia
2022-02-03,Let's Connect Slovenia,2.3,Centre to centre-right,Big tent,https://en.wikipedia.org/wiki/Let%27s_Connect_Slovenia
2022-02-10,Let's Connect Slovenia,3.7,Centre to centre-right,Big tent,https://en.wikipedia.org/wiki/Let%27s_Connect_Slovenia
2022-02-10,Let's Connect Slovenia,3.4,Centre to centre-right,Big tent,https://en.wikipedia.org/wiki/Let%27s_Connect_Slovenia
2022-02-16,Let's Connect Slovenia,3.3,Centre to centre-right,Big tent,https://en.wikipedia.org/wiki/Let%27s_Connect_Slovenia
2022-02-23,Let's Connect Slovenia,3.1,Centre to centre-right,Big tent,https://en.wikipedia.org/wiki/Let%27s_Connect_Slovenia
2022-02-24,Let's Connect Slovenia,4.8,Centre to centre-right,Big tent,https://en.wikipedia.org/wiki/Let%27s_Connect_Slovenia
2022-02-25,Let's Connect Slovenia,4.0,Centre to centre-right,Big tent,https://en.wikipedia.org/wiki/Let%27s_Connect_Slovenia
2022-03-03,Let's Connect Slovenia,2.0,Centre to centre-right,Big tent,https://en.wikipedia.org/wiki/Let%27s_Connect_Slovenia
2022-03-10,Let's Connect Slovenia,3.6,Centre to centre-right,Big tent,https://en.wikipedia.org/wiki/Let%27s_Connect_Slovenia
2022-03-10,Let's Connect Slovenia,3.3,Centre to centre-right,Big tent,https://en.wikipedia.org/wiki/Let%27s_Connect_Slovenia
2022-03-17,Let's Connect Slovenia,5.1,Centre to centre-right,Big tent,https://en.wikipedia.org/wiki/Let%27s_Connect_Slovenia
2022-03-23,Let's Connect Slovenia,3.5,Centre to centre-right,Big tent,https://en.wikipedia.org/wiki/Let%27s_Connect_Slovenia
2022-03-24,Let's Connect Slovenia,3.3,Centre to centre-right,Big tent,https://en.wikipedia.org/wiki/Let%27s_Connect_Slovenia
2022-03-24,Let's Connect Slovenia,1.9,Centre to centre-right,Big tent,https://en.wikipedia.org/wiki/Let%27s_Connect_Slovenia
2022-03-31,Let's Connect Slovenia,3.8,Centre to centre-right,Big tent,https://en.wikipedia.org/wiki/Let%27s_Connect_Slovenia
2022-03-31,Let's Connect Slovenia,3.7,Centre to centre-right,Big tent,https://en.wikipedia.org/wiki/Let%27s_Connect_Slovenia
2022-04-01,Let's Connect Slovenia,6.0,Centre to centre-right,Big tent,https://en.wikipedia.org/wiki/Let%27s_Connect_Slovenia
2022-04-06,Let's Connect Slovenia,3.3,Centre to centre-right,Big tent,https://en.wikipedia.org/wiki/Let%27s_Connect_Slovenia
2022-04-07,Let's Connect Slovenia,2.8,Centre to centre-right,Big tent,https://en.wikipedia.org/wiki/Let%27s_Connect_Slovenia
2022-04-07,Let's Connect Slovenia,2.8,Centre to centre-right,Big tent,https://en.wikipedia.org/wiki/Let%27s_Connect_Slovenia
2022-04-13,Let's Connect Slovenia,4.2,Centre to centre-right,Big tent,https://en.wikipedia.org/wiki/Let%27s_Connect_Slovenia
2022-04-13,Let's Connect Slovenia,3.7,Centre to centre-right,Big tent,https://en.wikipedia.org/wiki/Let%27s_Connect_Slovenia
2022-04-14,Let's Connect Slovenia,3.1,Centre to centre-right,Big tent,https://en.wikipedia.org/wiki/Let%27s_Connect_Slovenia
2022-04-14,Let's Connect Slovenia,3.2,Centre to centre-right,Big tent,https://en.wikipedia.org/wiki/Let%27s_Connect_Slovenia
2022-04-15,Let's Connect Slovenia,3.2,Centre to centre-right,Big tent,https://en.wikipedia.org/wiki/Let%27s_Connect_Slovenia
2022-04-15,Let's Connect Slovenia,3.0,Centre to centre-right,Big tent,https://en.wikipedia.org/wiki/Let%27s_Connect_Slovenia
2022-04-16,Let's Connect Slovenia,3.7,Centre to centre-right,Big tent,https://en.wikipedia.org/wiki/Let%27s_Connect_Slovenia
2022-04-19,Let's Connect Slovenia,3.7,Centre to centre-right,Big tent,https://en.wikipedia.org/wiki/Let%27s_Connect_Slovenia
2022-04-19,Let's Connect Slovenia,4.2,Centre to centre-right,Big tent,https://en.wikipedia.org/wiki/Let%27s_Connect_Slovenia
2022-04-20,Let's Connect Slovenia,4.3,Centre to centre-right,Big tent,https://en.wikipedia.org/wiki/Let%27s_Connect_Slovenia
2022-04-21,Let's Connect Slovenia,3.1,Centre to centre-right,Big tent,https://en.wikipedia.org/wiki/Let%27s_Connect_Slovenia
2022-04-21,Let's Connect Slovenia,2.9,Centre to centre-right,Big tent,https://en.wikipedia.org/wiki/Let%27s_Connect_Slovenia
2022-04-21,Let's Connect Slovenia,2.9,Centre to centre-right,Big tent,https://en.wikipedia.org/wiki/Let%27s_Connect_Slovenia
2022-04-22,Let's Connect Slovenia,3.5,Centre to centre-right,Big tent,https://en.wikipedia.org/wiki/Let%27s_Connect_Slovenia
2022-04-24,Let's Connect Slovenia,3.2,Centre to centre-right,Big tent,https://en.wikipedia.org/wiki/Let%27s_Connect_Slovenia
2022-04-24,Let's Connect Slovenia,3.4,Centre to centre-right,Big tent,https://en.wikipedia.org/wiki/Let%27s_Connect_Slovenia
2026-03-22,Levica and Vesna,5.7,Centre-left to Left-wing,Progressivism Green politics Democratic socialism,https://en.wikipedia.org/wiki/Levica_and_Vesna
2026-04-09,Levica and Vesna,6.4,Centre-left to Left-wing,Progressivism Green politics Democratic socialism,https://en.wikipedia.org/wiki/Levica_and_Vesna
2026-04-10,Levica and Vesna,7.7,Centre-left to Left-wing,Progressivism Green politics Democratic socialism,https://en.wikipedia.org/wiki/Levica_and_Vesna
2026-04-15,Levica and Vesna,5.8,Centre-left to Left-wing,Progressivism Green politics Democratic socialism,https://en.wikipedia.org/wiki/Levica_and_Vesna
2026-04-23,Levica and Vesna,6.9,Centre-left to Left-wing,Progressivism Green politics Democratic socialism,https://en.wikipedia.org/wiki/Levica_and_Vesna
2026-05-07,Levica and Vesna,6.4,Centre-left to Left-wing,Progressivism Green politics Democratic socialism,https://en.wikipedia.org/wiki/Levica_and_Vesna
2026-05-12,Levica and Vesna,6.1,Centre-left to Left-wing,Progressivism Green politics Democratic socialism,https://en.wikipedia.org/wiki/Levica_and_Vesna
2026-05-13,Levica and Vesna,9.3,Centre-left to Left-wing,Progressivism Green politics Democratic socialism,https://en.wikipedia.org/wiki/Levica_and_Vesna
2026-05-20,Levica and Vesna,7.8,Centre-left to Left-wing,Progressivism Green politics Democratic socialism,https://en.wikipedia.org/wiki/Levica_and_Vesna
2026-05-21,Levica and Vesna,6.8,Centre-left to Left-wing,Progressivism Green politics Democratic socialism,https://en.wikipedia.org/wiki/Levica_and_Vesna
2017-11-16,List of Marjan Šarec,3.0,Centre to centre-left,Social liberalism Populism,https://en.wikipedia.org/wiki/List_of_Marjan_%C5%A0arec
2017-12-07,List of Marjan Šarec,15.7,Centre to centre-left,Social liberalism Populism,https://en.wikipedia.org/wiki/List_of_Marjan_%C5%A0arec
2017-12-14,List of Marjan Šarec,5.5,Centre to centre-left,Social liberalism Populism,https://en.wikipedia.org/wiki/List_of_Marjan_%C5%A0arec
2017-12-25,List of Marjan Šarec,8.1,Centre to centre-left,Social liberalism Populism,https://en.wikipedia.org/wiki/List_of_Marjan_%C5%A0arec
2018-01-06,List of Marjan Šarec,12.9,Centre to centre-left,Social liberalism Populism,https://en.wikipedia.org/wiki/List_of_Marjan_%C5%A0arec
2018-01-11,List of Marjan Šarec,13.9,Centre to centre-left,Social liberalism Populism,https://en.wikipedia.org/wiki/List_of_Marjan_%C5%A0arec
2018-01-18,List of Marjan Šarec,8.8,Centre to centre-left,Social liberalism Populism,https://en.wikipedia.org/wiki/List_of_Marjan_%C5%A0arec
2018-01-28,List of Marjan Šarec,12.3,Centre to centre-left,Social liberalism Populism,https://en.wikipedia.org/wiki/List_of_Marjan_%C5%A0arec
2018-02-05,List of Marjan Šarec,15.4,Centre to centre-left,Social liberalism Populism,https://en.wikipedia.org/wiki/List_of_Marjan_%C5%A0arec
2018-02-06,List of Marjan Šarec,19.5,Centre to centre-left,Social liberalism Populism,https://en.wikipedia.org/wiki/List_of_Marjan_%C5%A0arec
2018-02-11,List of Marjan Šarec,16.6,Centre to centre-left,Social liberalism Populism,https://en.wikipedia.org/wiki/List_of_Marjan_%C5%A0arec
2018-02-15,List of Marjan Šarec,13.0,Centre to centre-left,Social liberalism Populism,https://en.wikipedia.org/wiki/List_of_Marjan_%C5%A0arec
2018-02-25,List of Marjan Šarec,14.6,Centre to centre-left,Social liberalism Populism,https://en.wikipedia.org/wiki/List_of_Marjan_%C5%A0arec
2018-03-08,List of Marjan Šarec,19.2,Centre to centre-left,Social liberalism Populism,https://en.wikipedia.org/wiki/List_of_Marjan_%C5%A0arec
2018-03-14,List of Marjan Šarec,16.4,Centre to centre-left,Social liberalism Populism,https://en.wikipedia.org/wiki/List_of_Marjan_%C5%A0arec
2018-03-15,List of Marjan Šarec,12.4,Centre to centre-left,Social liberalism Populism,https://en.wikipedia.org/wiki/List_of_Marjan_%C5%A0arec
2018-03-25,List of Marjan Šarec,14.6,Centre to centre-left,Social liberalism Populism,https://en.wikipedia.org/wiki/List_of_Marjan_%C5%A0arec
2018-04-03,List of Marjan Šarec,15.9,Centre to centre-left,Social liberalism Populism,https://en.wikipedia.org/wiki/List_of_Marjan_%C5%A0arec
2018-04-05,List of Marjan Šarec,15.1,Centre to centre-left,Social liberalism Populism,https://en.wikipedia.org/wiki/List_of_Marjan_%C5%A0arec
2018-04-11,List of Marjan Šarec,11.9,Centre to centre-left,Social liberalism Populism,https://en.wikipedia.org/wiki/List_of_Marjan_%C5%A0arec
2018-04-22,List of Marjan Šarec,11.5,Centre to centre-left,Social liberalism Populism,https://en.wikipedia.org/wiki/List_of_Marjan_%C5%A0arec
2018-04-22,List of Marjan Šarec,13.3,Centre to centre-left,Social liberalism Populism,https://en.wikipedia.org/wiki/List_of_Marjan_%C5%A0arec
2018-05-05,List of Marjan Šarec,15.3,Centre to centre-left,Social liberalism Populism,https://en.wikipedia.org/wiki/List_of_Marjan_%C5%A0arec
2018-05-07,List of Marjan Šarec,13.6,Centre to centre-left,Social liberalism Populism,https://en.wikipedia.org/wiki/List_of_Marjan_%C5%A0arec
2018-05-09,List of Marjan Šarec,12.4,Centre to centre-left,Social liberalism Populism,https://en.wikipedia.org/wiki/List_of_Marjan_%C5%A0arec
2018-05-10,List of Marjan Šarec,11.9,Centre to centre-left,Social liberalism Populism,https://en.wikipedia.org/wiki/List_of_Marjan_%C5%A0arec
2018-05-10,List of Marjan Šarec,10.3,Centre to centre-left,Social liberalism Populism,https://en.wikipedia.org/wiki/List_of_Marjan_%C5%A0arec
2018-05-15,List of Marjan Šarec,8.6,Centre to centre-left,Social liberalism Populism,https://en.wikipedia.org/wiki/List_of_Marjan_%C5%A0arec
2018-05-17,List of Marjan Šarec,10.6,Centre to centre-left,Social liberalism Populism,https://en.wikipedia.org/wiki/List_of_Marjan_%C5%A0arec
2018-05-17,List of Marjan Šarec,12.2,Centre to centre-left,Social liberalism Populism,https://en.wikipedia.org/wiki/List_of_Marjan_%C5%A0arec
2018-05-17,List of Marjan Šarec,10.6,Centre to centre-left,Social liberalism Populism,https://en.wikipedia.org/wiki/List_of_Marjan_%C5%A0arec
2018-05-20,List of Marjan Šarec,9.7,Centre to centre-left,Social liberalism Populism,https://en.wikipedia.org/wiki/List_of_Marjan_%C5%A0arec
2018-05-22,List of Marjan Šarec,9.8,Centre to centre-left,Social liberalism Populism,https://en.wikipedia.org/wiki/List_of_Marjan_%C5%A0arec
2018-05-22,List of Marjan Šarec,10.2,Centre to centre-left,Social liberalism Populism,https://en.wikipedia.org/wiki/List_of_Marjan_%C5%A0arec
2018-05-22,List of Marjan Šarec,14.7,Centre to centre-left,Social liberalism Populism,https://en.wikipedia.org/wiki/List_of_Marjan_%C5%A0arec
2018-05-23,List of Marjan Šarec,9.5,Centre to centre-left,Social liberalism Populism,https://en.wikipedia.org/wiki/List_of_Marjan_%C5%A0arec
2018-05-25,List of Marjan Šarec,7.7,Centre to centre-left,Social liberalism Populism,https://en.wikipedia.org/wiki/List_of_Marjan_%C5%A0arec
2018-05-25,List of Marjan Šarec,10.3,Centre to centre-left,Social liberalism Populism,https://en.wikipedia.org/wiki/List_of_Marjan_%C5%A0arec
2018-05-27,List of Marjan Šarec,11.0,Centre to centre-left,Social liberalism Populism,https://en.wikipedia.org/wiki/List_of_Marjan_%C5%A0arec
2018-05-29,List of Marjan Šarec,8.9,Centre to centre-left,Social liberalism Populism,https://en.wikipedia.org/wiki/List_of_Marjan_%C5%A0arec
2018-05-29,List of Marjan Šarec,9.3,Centre to centre-left,Social liberalism Populism,https://en.wikipedia.org/wiki/List_of_Marjan_%C5%A0arec
2018-05-29,List of Marjan Šarec,13.7,Centre to centre-left,Social liberalism Populism,https://en.wikipedia.org/wiki/List_of_Marjan_%C5%A0arec
2018-05-30,List of Marjan Šarec,7.6,Centre to centre-left,Social liberalism Populism,https://en.wikipedia.org/wiki/List_of_Marjan_%C5%A0arec
2018-05-31,List of Marjan Šarec,8.3,Centre to centre-left,Social liberalism Populism,https://en.wikipedia.org/wiki/List_of_Marjan_%C5%A0arec
2018-05-31,List of Marjan Šarec,10.7,Centre to centre-left,Social liberalism Populism,https://en.wikipedia.org/wiki/List_of_Marjan_%C5%A0arec
2018-05-31,List of Marjan Šarec,11.5,Centre to centre-left,Social liberalism Populism,https://en.wikipedia.org/wiki/List_of_Marjan_%C5%A0arec
2018-05-31,List of Marjan Šarec,11.2,Centre to centre-left,Social liberalism Populism,https://en.wikipedia.org/wiki/List_of_Marjan_%C5%A0arec
2018-06-03,List of Marjan Šarec,12.6,Centre to centre-left,Social liberalism Populism,https://en.wikipedia.org/wiki/List_of_Marjan_%C5%A0arec
2018-06-03,List of Marjan Šarec,12.6,Centre to centre-left,Social liberalism Populism,https://en.wikipedia.org/wiki/List_of_Marjan_%C5%A0arec
2018-06-03,List of Marjan Šarec,12.6,Centre to centre-left,Social liberalism Populism,https://en.wikipedia.org/wiki/List_of_Marjan_%C5%A0arec
2018-06-06,List of Marjan Šarec,12.2,Centre to centre-left,Social liberalism Populism,https://en.wikipedia.org/wiki/List_of_Marjan_%C5%A0arec
2018-06-14,List of Marjan Šarec,11.6,Centre to centre-left,Social liberalism Populism,https://en.wikipedia.org/wiki/List_of_Marjan_%C5%A0arec
2018-06-20,List of Marjan Šarec,12.7,Centre to centre-left,Social liberalism Populism,https://en.wikipedia.org/wiki/List_of_Marjan_%C5%A0arec
2018-07-12,List of Marjan Šarec,10.7,Centre to centre-left,Social liberalism Populism,https://en.wikipedia.org/wiki/List_of_Marjan_%C5%A0arec
2018-08-15,List of Marjan Šarec,10.1,Centre to centre-left,Social liberalism Populism,https://en.wikipedia.org/wiki/List_of_Marjan_%C5%A0arec
2018-08-26,List of Marjan Šarec,9.1,Centre to centre-left,Social liberalism Populism,https://en.wikipedia.org/wiki/List_of_Marjan_%C5%A0arec
2018-09-06,List of Marjan Šarec,7.2,Centre to centre-left,Social liberalism Populism,https://en.wikipedia.org/wiki/List_of_Marjan_%C5%A0arec
2018-09-13,List of Marjan Šarec,10.2,Centre to centre-left,Social liberalism Populism,https://en.wikipedia.org/wiki/List_of_Marjan_%C5%A0arec
2018-09-23,List of Marjan Šarec,7.7,Centre to centre-left,Social liberalism Populism,https://en.wikipedia.org/wiki/List_of_Marjan_%C5%A0arec
2018-10-11,List of Marjan Šarec,8.9,Centre to centre-left,Social liberalism Populism,https://en.wikipedia.org/wiki/List_of_Marjan_%C5%A0arec
2018-11-20,List of Marjan Šarec,12.2,Centre to centre-left,Social liberalism Populism,https://en.wikipedia.org/wiki/List_of_Marjan_%C5%A0arec
2018-11-22,List of Marjan Šarec,7.0,Centre to centre-left,Social liberalism Populism,https://en.wikipedia.org/wiki/List_of_Marjan_%C5%A0arec
2018-12-06,List of Marjan Šarec,8.5,Centre to centre-left,Social liberalism Populism,https://en.wikipedia.org/wiki/List_of_Marjan_%C5%A0arec
2018-12-13,List of Marjan Šarec,12.8,Centre to centre-left,Social liberalism Populism,https://en.wikipedia.org/wiki/List_of_Marjan_%C5%A0arec
2019-01-10,List of Marjan Šarec,13.9,Centre to centre-left,Social liberalism Populism,https://en.wikipedia.org/wiki/List_of_Marjan_%C5%A0arec
2019-01-10,List of Marjan Šarec,18.0,Centre to centre-left,Social liberalism Populism,https://en.wikipedia.org/wiki/List_of_Marjan_%C5%A0arec
2019-02-06,List of Marjan Šarec,22.4,Centre to centre-left,Social liberalism Populism,https://en.wikipedia.org/wiki/List_of_Marjan_%C5%A0arec
2019-02-14,List of Marjan Šarec,31.3,Centre to centre-left,Social liberalism Populism,https://en.wikipedia.org/wiki/List_of_Marjan_%C5%A0arec
2019-03-07,List of Marjan Šarec,19.4,Centre to centre-left,Social liberalism Populism,https://en.wikipedia.org/wiki/List_of_Marjan_%C5%A0arec
2019-03-14,List of Marjan Šarec,28.0,Centre to centre-left,Social liberalism Populism,https://en.wikipedia.org/wiki/List_of_Marjan_%C5%A0arec
2019-04-04,List of Marjan Šarec,16.8,Centre to centre-left,Social liberalism Populism,https://en.wikipedia.org/wiki/List_of_Marjan_%C5%A0arec
2019-04-11,List of Marjan Šarec,26.2,Centre to centre-left,Social liberalism Populism,https://en.wikipedia.org/wiki/List_of_Marjan_%C5%A0arec
2019-05-16,List of Marjan Šarec,23.3,Centre to centre-left,Social liberalism Populism,https://en.wikipedia.org/wiki/List_of_Marjan_%C5%A0arec
2019-05-23,List of Marjan Šarec,16.8,Centre to centre-left,Social liberalism Populism,https://en.wikipedia.org/wiki/List_of_Marjan_%C5%A0arec
2019-06-13,List of Marjan Šarec,24.0,Centre to centre-left,Social liberalism Populism,https://en.wikipedia.org/wiki/List_of_Marjan_%C5%A0arec
2019-07-11,List of Marjan Šarec,14.6,Centre to centre-left,Social liberalism Populism,https://en.wikipedia.org/wiki/List_of_Marjan_%C5%A0arec
2019-07-11,List of Marjan Šarec,21.2,Centre to centre-left,Social liberalism Populism,https://en.wikipedia.org/wiki/List_of_Marjan_%C5%A0arec
2019-08-08,List of Marjan Šarec,16.8,Centre to centre-left,Social liberalism Populism,https://en.wikipedia.org/wiki/List_of_Marjan_%C5%A0arec
2019-08-14,List of Marjan Šarec,22.2,Centre to centre-left,Social liberalism Populism,https://en.wikipedia.org/wiki/List_of_Marjan_%C5%A0arec
2019-08-25,List of Marjan Šarec,18.8,Centre to centre-left,Social liberalism Populism,https://en.wikipedia.org/wiki/List_of_Marjan_%C5%A0arec
2019-09-05,List of Marjan Šarec,18.9,Centre to centre-left,Social liberalism Populism,https://en.wikipedia.org/wiki/List_of_Marjan_%C5%A0arec
2019-09-12,List of Marjan Šarec,23.3,Centre to centre-left,Social liberalism Populism,https://en.wikipedia.org/wiki/List_of_Marjan_%C5%A0arec
2019-09-22,List of Marjan Šarec,16.1,Centre to centre-left,Social liberalism Populism,https://en.wikipedia.org/wiki/List_of_Marjan_%C5%A0arec
2019-10-10,List of Marjan Šarec,16.8,Centre to centre-left,Social liberalism Populism,https://en.wikipedia.org/wiki/List_of_Marjan_%C5%A0arec
2019-10-17,List of Marjan Šarec,20.1,Centre to centre-left,Social liberalism Populism,https://en.wikipedia.org/wiki/List_of_Marjan_%C5%A0arec
2019-11-07,List of Marjan Šarec,15.4,Centre to centre-left,Social liberalism Populism,https://en.wikipedia.org/wiki/List_of_Marjan_%C5%A0arec
2019-11-07,List of Marjan Šarec,25.9,Centre to centre-left,Social liberalism Populism,https://en.wikipedia.org/wiki/List_of_Marjan_%C5%A0arec
2019-11-14,List of Marjan Šarec,21.3,Centre to centre-left,Social liberalism Populism,https://en.wikipedia.org/wiki/List_of_Marjan_%C5%A0arec
2019-11-24,List of Marjan Šarec,15.4,Centre to centre-left,Social liberalism Populism,https://en.wikipedia.org/wiki/List_of_Marjan_%C5%A0arec
2019-12-05,List of Marjan Šarec,16.1,Centre to centre-left,Social liberalism Populism,https://en.wikipedia.org/wiki/List_of_Marjan_%C5%A0arec
2019-12-05,List of Marjan Šarec,16.6,Centre to centre-left,Social liberalism Populism,https://en.wikipedia.org/wiki/List_of_Marjan_%C5%A0arec
2019-12-12,List of Marjan Šarec,20.2,Centre to centre-left,Social liberalism Populism,https://en.wikipedia.org/wiki/List_of_Marjan_%C5%A0arec
2020-01-09,List of Marjan Šarec,14.0,Centre to centre-left,Social liberalism Populism,https://en.wikipedia.org/wiki/List_of_Marjan_%C5%A0arec
2020-01-16,List of Marjan Šarec,19.3,Centre to centre-left,Social liberalism Populism,https://en.wikipedia.org/wiki/List_of_Marjan_%C5%A0arec
2020-01-16,List of Marjan Šarec,19.4,Centre to centre-left,Social liberalism Populism,https://en.wikipedia.org/wiki/List_of_Marjan_%C5%A0arec
2020-01-29,List of Marjan Šarec,17.3,Centre to centre-left,Social liberalism Populism,https://en.wikipedia.org/wiki/List_of_Marjan_%C5%A0arec
2020-02-03,List of Marjan Šarec,16.3,Centre to centre-left,Social liberalism Populism,https://en.wikipedia.org/wiki/List_of_Marjan_%C5%A0arec
2020-02-05,List of Marjan Šarec,17.2,Centre to centre-left,Social liberalism Populism,https://en.wikipedia.org/wiki/List_of_Marjan_%C5%A0arec
2020-02-13,List of Marjan Šarec,17.1,Centre to centre-left,Social liberalism Populism,https://en.wikipedia.org/wiki/List_of_Marjan_%C5%A0arec
2020-02-13,List of Marjan Šarec,12.8,Centre to centre-left,Social liberalism Populism,https://en.wikipedia.org/wiki/List_of_Marjan_%C5%A0arec
2020-02-20,List of Marjan Šarec,16.2,Centre to centre-left,Social liberalism Populism,https://en.wikipedia.org/wiki/List_of_Marjan_%C5%A0arec
2020-02-28,List of Marjan Šarec,13.2,Centre to centre-left,Social liberalism Populism,https://en.wikipedia.org/wiki/List_of_Marjan_%C5%A0arec
2020-03-05,List of Marjan Šarec,13.8,Centre to centre-left,Social liberalism Populism,https://en.wikipedia.org/wiki/List_of_Marjan_%C5%A0arec
2020-03-12,List of Marjan Šarec,15.0,Centre to centre-left,Social liberalism Populism,https://en.wikipedia.org/wiki/List_of_Marjan_%C5%A0arec
2020-03-19,List of Marjan Šarec,13.2,Centre to centre-left,Social liberalism Populism,https://en.wikipedia.org/wiki/List_of_Marjan_%C5%A0arec
2020-04-09,List of Marjan Šarec,11.5,Centre to centre-left,Social liberalism Populism,https://en.wikipedia.org/wiki/List_of_Marjan_%C5%A0arec
2020-04-16,List of Marjan Šarec,9.8,Centre to centre-left,Social liberalism Populism,https://en.wikipedia.org/wiki/List_of_Marjan_%C5%A0arec
2020-05-08,List of Marjan Šarec,14.0,Centre to centre-left,Social liberalism Populism,https://en.wikipedia.org/wiki/List_of_Marjan_%C5%A0arec
2020-05-08,List of Marjan Šarec,17.9,Centre to centre-left,Social liberalism Populism,https://en.wikipedia.org/wiki/List_of_Marjan_%C5%A0arec
2020-05-13,List of Marjan Šarec,12.2,Centre to centre-left,Social liberalism Populism,https://en.wikipedia.org/wiki/List_of_Marjan_%C5%A0arec
2020-05-21,List of Marjan Šarec,14.0,Centre to centre-left,Social liberalism Populism,https://en.wikipedia.org/wiki/List_of_Marjan_%C5%A0arec
2020-05-22,List of Marjan Šarec,15.7,Centre to centre-left,Social liberalism Populism,https://en.wikipedia.org/wiki/List_of_Marjan_%C5%A0arec
2020-06-04,List of Marjan Šarec,11.8,Centre to centre-left,Social liberalism Populism,https://en.wikipedia.org/wiki/List_of_Marjan_%C5%A0arec
2020-06-11,List of Marjan Šarec,10.9,Centre to centre-left,Social liberalism Populism,https://en.wikipedia.org/wiki/List_of_Marjan_%C5%A0arec
2020-06-17,List of Marjan Šarec,12.5,Centre to centre-left,Social liberalism Populism,https://en.wikipedia.org/wiki/List_of_Marjan_%C5%A0arec
2020-07-02,List of Marjan Šarec,14.9,Centre to centre-left,Social liberalism Populism,https://en.wikipedia.org/wiki/List_of_Marjan_%C5%A0arec
2020-07-09,List of Marjan Šarec,12.5,Centre to centre-left,Social liberalism Populism,https://en.wikipedia.org/wiki/List_of_Marjan_%C5%A0arec
2020-07-16,List of Marjan Šarec,10.8,Centre to centre-left,Social liberalism Populism,https://en.wikipedia.org/wiki/List_of_Marjan_%C5%A0arec
2020-08-06,List of Marjan Šarec,9.7,Centre to centre-left,Social liberalism Populism,https://en.wikipedia.org/wiki/List_of_Marjan_%C5%A0arec
2020-08-13,List of Marjan Šarec,9.4,Centre to centre-left,Social liberalism Populism,https://en.wikipedia.org/wiki/List_of_Marjan_%C5%A0arec
2020-08-24,List of Marjan Šarec,10.2,Centre to centre-left,Social liberalism Populism,https://en.wikipedia.org/wiki/List_of_Marjan_%C5%A0arec
2020-08-24,List of Marjan Šarec,9.5,Centre to centre-left,Social liberalism Populism,https://en.wikipedia.org/wiki/List_of_Marjan_%C5%A0arec
2020-09-10,List of Marjan Šarec,8.0,Centre to centre-left,Social liberalism Populism,https://en.wikipedia.org/wiki/List_of_Marjan_%C5%A0arec
2020-09-17,List of Marjan Šarec,9.0,Centre to centre-left,Social liberalism Populism,https://en.wikipedia.org/wiki/List_of_Marjan_%C5%A0arec
2020-09-18,List of Marjan Šarec,10.0,Centre to centre-left,Social liberalism Populism,https://en.wikipedia.org/wiki/List_of_Marjan_%C5%A0arec
2020-09-28,List of Marjan Šarec,11.5,Centre to centre-left,Social liberalism Populism,https://en.wikipedia.org/wiki/List_of_Marjan_%C5%A0arec
2020-10-08,List of Marjan Šarec,10.4,Centre to centre-left,Social liberalism Populism,https://en.wikipedia.org/wiki/List_of_Marjan_%C5%A0arec
2020-10-15,List of Marjan Šarec,13.1,Centre to centre-left,Social liberalism Populism,https://en.wikipedia.org/wiki/List_of_Marjan_%C5%A0arec
2020-11-04,List of Marjan Šarec,10.1,Centre to centre-left,Social liberalism Populism,https://en.wikipedia.org/wiki/List_of_Marjan_%C5%A0arec
2020-11-05,List of Marjan Šarec,9.9,Centre to centre-left,Social liberalism Populism,https://en.wikipedia.org/wiki/List_of_Marjan_%C5%A0arec
2020-11-12,List of Marjan Šarec,12.7,Centre to centre-left,Social liberalism Populism,https://en.wikipedia.org/wiki/List_of_Marjan_%C5%A0arec
2020-11-23,List of Marjan Šarec,10.8,Centre to centre-left,Social liberalism Populism,https://en.wikipedia.org/wiki/List_of_Marjan_%C5%A0arec
2020-12-09,List of Marjan Šarec,10.8,Centre to centre-left,Social liberalism Populism,https://en.wikipedia.org/wiki/List_of_Marjan_%C5%A0arec
2020-12-09,List of Marjan Šarec,10.1,Centre to centre-left,Social liberalism Populism,https://en.wikipedia.org/wiki/List_of_Marjan_%C5%A0arec
2020-12-17,List of Marjan Šarec,11.7,Centre to centre-left,Social liberalism Populism,https://en.wikipedia.org/wiki/List_of_Marjan_%C5%A0arec
2020-12-23,List of Marjan Šarec,9.9,Centre to centre-left,Social liberalism Populism,https://en.wikipedia.org/wiki/List_of_Marjan_%C5%A0arec
2021-01-07,List of Marjan Šarec,7.5,Centre to centre-left,Social liberalism Populism,https://en.wikipedia.org/wiki/List_of_Marjan_%C5%A0arec
2021-01-14,List of Marjan Šarec,10.7,Centre to centre-left,Social liberalism Populism,https://en.wikipedia.org/wiki/List_of_Marjan_%C5%A0arec
2021-01-25,List of Marjan Šarec,8.8,Centre to centre-left,Social liberalism Populism,https://en.wikipedia.org/wiki/List_of_Marjan_%C5%A0arec
2021-01-28,List of Marjan Šarec,7.7,Centre to centre-left,Social liberalism Populism,https://en.wikipedia.org/wiki/List_of_Marjan_%C5%A0arec
2021-02-11,List of Marjan Šarec,10.2,Centre to centre-left,Social liberalism Populism,https://en.wikipedia.org/wiki/List_of_Marjan_%C5%A0arec
2021-02-11,List of Marjan Šarec,7.1,Centre to centre-left,Social liberalism Populism,https://en.wikipedia.org/wiki/List_of_Marjan_%C5%A0arec
2021-03-01,List of Marjan Šarec,7.9,Centre to centre-left,Social liberalism Populism,https://en.wikipedia.org/wiki/List_of_Marjan_%C5%A0arec
2021-03-04,List of Marjan Šarec,8.2,Centre to centre-left,Social liberalism Populism,https://en.wikipedia.org/wiki/List_of_Marjan_%C5%A0arec
2021-03-11,List of Marjan Šarec,8.8,Centre to centre-left,Social liberalism Populism,https://en.wikipedia.org/wiki/List_of_Marjan_%C5%A0arec
2021-03-12,List of Marjan Šarec,8.8,Centre to centre-left,Social liberalism Populism,https://en.wikipedia.org/wiki/List_of_Marjan_%C5%A0arec
2021-03-25,List of Marjan Šarec,17.0,Centre to centre-left,Social liberalism Populism,https://en.wikipedia.org/wiki/List_of_Marjan_%C5%A0arec
2021-03-29,List of Marjan Šarec,9.6,Centre to centre-left,Social liberalism Populism,https://en.wikipedia.org/wiki/List_of_Marjan_%C5%A0arec
2021-04-08,List of Marjan Šarec,7.5,Centre to centre-left,Social liberalism Populism,https://en.wikipedia.org/wiki/List_of_Marjan_%C5%A0arec
2021-04-14,List of Marjan Šarec,10.8,Centre to centre-left,Social liberalism Populism,https://en.wikipedia.org/wiki/List_of_Marjan_%C5%A0arec
2021-04-15,List of Marjan Šarec,10.1,Centre to centre-left,Social liberalism Populism,https://en.wikipedia.org/wiki/List_of_Marjan_%C5%A0arec
2021-04-26,List of Marjan Šarec,8.5,Centre to centre-left,Social liberalism Populism,https://en.wikipedia.org/wiki/List_of_Marjan_%C5%A0arec
2021-05-05,List of Marjan Šarec,7.0,Centre to centre-left,Social liberalism Populism,https://en.wikipedia.org/wiki/List_of_Marjan_%C5%A0arec
2021-05-13,List of Marjan Šarec,7.9,Centre to centre-left,Social liberalism Populism,https://en.wikipedia.org/wiki/List_of_Marjan_%C5%A0arec
2021-05-13,List of Marjan Šarec,8.2,Centre to centre-left,Social liberalism Populism,https://en.wikipedia.org/wiki/List_of_Marjan_%C5%A0arec
2021-05-24,List of Marjan Šarec,9.0,Centre to centre-left,Social liberalism Populism,https://en.wikipedia.org/wiki/List_of_Marjan_%C5%A0arec
2021-05-26,List of Marjan Šarec,9.4,Centre to centre-left,Social liberalism Populism,https://en.wikipedia.org/wiki/List_of_Marjan_%C5%A0arec
2021-06-15,List of Marjan Šarec,20.0,Centre to centre-left,Social liberalism Populism,https://en.wikipedia.org/wiki/List_of_Marjan_%C5%A0arec
2021-06-18,List of Marjan Šarec,11.6,Centre to centre-left,Social liberalism Populism,https://en.wikipedia.org/wiki/List_of_Marjan_%C5%A0arec
2021-09-02,List of Marjan Šarec,7.7,Centre to centre-left,Social liberalism Populism,https://en.wikipedia.org/wiki/List_of_Marjan_%C5%A0arec
2021-09-30,List of Marjan Šarec,7.3,Centre to centre-left,Social liberalism Populism,https://en.wikipedia.org/wiki/List_of_Marjan_%C5%A0arec
2021-10-15,List of Marjan Šarec,6.3,Centre to centre-left,Social liberalism Populism,https://en.wikipedia.org/wiki/List_of_Marjan_%C5%A0arec
2021-11-04,List of Marjan Šarec,7.3,Centre to centre-left,Social liberalism Populism,https://en.wikipedia.org/wiki/List_of_Marjan_%C5%A0arec
2021-11-16,List of Marjan Šarec,6.5,Centre to centre-left,Social liberalism Populism,https://en.wikipedia.org/wiki/List_of_Marjan_%C5%A0arec
2021-12-02,List of Marjan Šarec,6.3,Centre to centre-left,Social liberalism Populism,https://en.wikipedia.org/wiki/List_of_Marjan_%C5%A0arec
2021-12-07,List of Marjan Šarec,8.0,Centre to centre-left,Social liberalism Populism,https://en.wikipedia.org/wiki/List_of_Marjan_%C5%A0arec
2021-12-16,List of Marjan Šarec,6.1,Centre to centre-left,Social liberalism Populism,https://en.wikipedia.org/wiki/List_of_Marjan_%C5%A0arec
2021-12-29,List of Marjan Šarec,4.0,Centre to centre-left,Social liberalism Populism,https://en.wikipedia.org/wiki/List_of_Marjan_%C5%A0arec
2022-01-06,List of Marjan Šarec,3.3,Centre to centre-left,Social liberalism Populism,https://en.wikipedia.org/wiki/List_of_Marjan_%C5%A0arec
2022-01-13,List of Marjan Šarec,4.3,Centre to centre-left,Social liberalism Populism,https://en.wikipedia.org/wiki/List_of_Marjan_%C5%A0arec
2022-01-27,List of Marjan Šarec,3.9,Centre to centre-left,Social liberalism Populism,https://en.wikipedia.org/wiki/List_of_Marjan_%C5%A0arec
2022-01-28,List of Marjan Šarec,3.1,Centre to centre-left,Social liberalism Populism,https://en.wikipedia.org/wiki/List_of_Marjan_%C5%A0arec
2022-02-03,List of Marjan Šarec,5.2,Centre to centre-left,Social liberalism Populism,https://en.wikipedia.org/wiki/List_of_Marjan_%C5%A0arec
2022-02-10,List of Marjan Šarec,3.7,Centre to centre-left,Social liberalism Populism,https://en.wikipedia.org/wiki/List_of_Marjan_%C5%A0arec
2022-02-10,List of Marjan Šarec,6.7,Centre to centre-left,Social liberalism Populism,https://en.wikipedia.org/wiki/List_of_Marjan_%C5%A0arec
2022-02-16,List of Marjan Šarec,4.5,Centre to centre-left,Social liberalism Populism,https://en.wikipedia.org/wiki/List_of_Marjan_%C5%A0arec
2022-02-23,List of Marjan Šarec,5.5,Centre to centre-left,Social liberalism Populism,https://en.wikipedia.org/wiki/List_of_Marjan_%C5%A0arec
2022-02-24,List of Marjan Šarec,4.3,Centre to centre-left,Social liberalism Populism,https://en.wikipedia.org/wiki/List_of_Marjan_%C5%A0arec
2022-02-25,List of Marjan Šarec,4.9,Centre to centre-left,Social liberalism Populism,https://en.wikipedia.org/wiki/List_of_Marjan_%C5%A0arec
2022-03-03,List of Marjan Šarec,5.7,Centre to centre-left,Social liberalism Populism,https://en.wikipedia.org/wiki/List_of_Marjan_%C5%A0arec
2022-03-10,List of Marjan Šarec,3.8,Centre to centre-left,Social liberalism Populism,https://en.wikipedia.org/wiki/List_of_Marjan_%C5%A0arec
2022-03-10,List of Marjan Šarec,5.4,Centre to centre-left,Social liberalism Populism,https://en.wikipedia.org/wiki/List_of_Marjan_%C5%A0arec
2022-03-17,List of Marjan Šarec,3.0,Centre to centre-left,Social liberalism Populism,https://en.wikipedia.org/wiki/List_of_Marjan_%C5%A0arec
2022-03-23,List of Marjan Šarec,2.7,Centre to centre-left,Social liberalism Populism,https://en.wikipedia.org/wiki/List_of_Marjan_%C5%A0arec
2022-03-24,List of Marjan Šarec,4.9,Centre to centre-left,Social liberalism Populism,https://en.wikipedia.org/wiki/List_of_Marjan_%C5%A0arec
2022-03-24,List of Marjan Šarec,3.8,Centre to centre-left,Social liberalism Populism,https://en.wikipedia.org/wiki/List_of_Marjan_%C5%A0arec
2022-03-31,List of Marjan Šarec,3.5,Centre to centre-left,Social liberalism Populism,https://en.wikipedia.org/wiki/List_of_Marjan_%C5%A0arec
2022-03-31,List of Marjan Šarec,3.3,Centre to centre-left,Social liberalism Populism,https://en.wikipedia.org/wiki/List_of_Marjan_%C5%A0arec
2022-04-01,List of Marjan Šarec,2.2,Centre to centre-left,Social liberalism Populism,https://en.wikipedia.org/wiki/List_of_Marjan_%C5%A0arec
2022-04-06,List of Marjan Šarec,2.9,Centre to centre-left,Social liberalism Populism,https://en.wikipedia.org/wiki/List_of_Marjan_%C5%A0arec
2022-04-07,List of Marjan Šarec,4.6,Centre to centre-left,Social liberalism Populism,https://en.wikipedia.org/wiki/List_of_Marjan_%C5%A0arec
2022-04-07,List of Marjan Šarec,4.8,Centre to centre-left,Social liberalism Populism,https://en.wikipedia.org/wiki/List_of_Marjan_%C5%A0arec
2022-04-13,List of Marjan Šarec,2.4,Centre to centre-left,Social liberalism Populism,https://en.wikipedia.org/wiki/List_of_Marjan_%C5%A0arec
2022-04-13,List of Marjan Šarec,3.9,Centre to centre-left,Social liberalism Populism,https://en.wikipedia.org/wiki/List_of_Marjan_%C5%A0arec
2022-04-14,List of Marjan Šarec,3.7,Centre to centre-left,Social liberalism Populism,https://en.wikipedia.org/wiki/List_of_Marjan_%C5%A0arec
2022-04-14,List of Marjan Šarec,3.6,Centre to centre-left,Social liberalism Populism,https://en.wikipedia.org/wiki/List_of_Marjan_%C5%A0arec
2022-04-15,List of Marjan Šarec,3.6,Centre to centre-left,Social liberalism Populism,https://en.wikipedia.org/wiki/List_of_Marjan_%C5%A0arec
2022-04-15,List of Marjan Šarec,3.4,Centre to centre-left,Social liberalism Populism,https://en.wikipedia.org/wiki/List_of_Marjan_%C5%A0arec
2022-04-16,List of Marjan Šarec,3.0,Centre to centre-left,Social liberalism Populism,https://en.wikipedia.org/wiki/List_of_Marjan_%C5%A0arec
2022-04-19,List of Marjan Šarec,3.7,Centre to centre-left,Social liberalism Populism,https://en.wikipedia.org/wiki/List_of_Marjan_%C5%A0arec
2022-04-19,List of Marjan Šarec,3.1,Centre to centre-left,Social liberalism Populism,https://en.wikipedia.org/wiki/List_of_Marjan_%C5%A0arec
2022-04-20,List of Marjan Šarec,3.5,Centre to centre-left,Social liberalism Populism,https://en.wikipedia.org/wiki/List_of_Marjan_%C5%A0arec
2022-04-21,List of Marjan Šarec,3.8,Centre to centre-left,Social liberalism Populism,https://en.wikipedia.org/wiki/List_of_Marjan_%C5%A0arec
2022-04-21,List of Marjan Šarec,2.5,Centre to centre-left,Social liberalism Populism,https://en.wikipedia.org/wiki/List_of_Marjan_%C5%A0arec
2022-04-21,List of Marjan Šarec,2.6,Centre to centre-left,Social liberalism Populism,https://en.wikipedia.org/wiki/List_of_Marjan_%C5%A0arec
2022-04-22,List of Marjan Šarec,4.2,Centre to centre-left,Social liberalism Populism,https://en.wikipedia.org/wiki/List_of_Marjan_%C5%A0arec
2022-04-24,List of Marjan Šarec,3.8,Centre to centre-left,Social liberalism Populism,https://en.wikipedia.org/wiki/List_of_Marjan_%C5%A0arec
2022-04-24,List of Marjan Šarec,3.7,Centre to centre-left,Social liberalism Populism,https://en.wikipedia.org/wiki/List_of_Marjan_%C5%A0arec
2014-07-13,Modern Centre Party,34.5,Centre to centre-left,Social liberalism Liberalism Pro-Europeanism,https://en.wikipedia.org/wiki/Modern_Centre_Party
2014-08-07,Modern Centre Party,28.6,Centre to centre-left,Social liberalism Liberalism Pro-Europeanism,https://en.wikipedia.org/wiki/Modern_Centre_Party
2014-09-11,Modern Centre Party,28.1,Centre to centre-left,Social liberalism Liberalism Pro-Europeanism,https://en.wikipedia.org/wiki/Modern_Centre_Party
2014-09-11,Modern Centre Party,23.3,Centre to centre-left,Social liberalism Liberalism Pro-Europeanism,https://en.wikipedia.org/wiki/Modern_Centre_Party
2014-09-28,Modern Centre Party,23.3,Centre to centre-left,Social liberalism Liberalism Pro-Europeanism,https://en.wikipedia.org/wiki/Modern_Centre_Party
2014-10-09,Modern Centre Party,24.7,Centre to centre-left,Social liberalism Liberalism Pro-Europeanism,https://en.wikipedia.org/wiki/Modern_Centre_Party
2014-10-26,Modern Centre Party,18.5,Centre to centre-left,Social liberalism Liberalism Pro-Europeanism,https://en.wikipedia.org/wiki/Modern_Centre_Party
2014-11-05,Modern Centre Party,16.4,Centre to centre-left,Social liberalism Liberalism Pro-Europeanism,https://en.wikipedia.org/wiki/Modern_Centre_Party
2014-11-20,Modern Centre Party,10.9,Centre to centre-left,Social liberalism Liberalism Pro-Europeanism,https://en.wikipedia.org/wiki/Modern_Centre_Party
2014-11-20,Modern Centre Party,13.8,Centre to centre-left,Social liberalism Liberalism Pro-Europeanism,https://en.wikipedia.org/wiki/Modern_Centre_Party
2014-12-04,Modern Centre Party,12.4,Centre to centre-left,Social liberalism Liberalism Pro-Europeanism,https://en.wikipedia.org/wiki/Modern_Centre_Party
2014-12-17,Modern Centre Party,11.3,Centre to centre-left,Social liberalism Liberalism Pro-Europeanism,https://en.wikipedia.org/wiki/Modern_Centre_Party
2014-12-21,Modern Centre Party,14.2,Centre to centre-left,Social liberalism Liberalism Pro-Europeanism,https://en.wikipedia.org/wiki/Modern_Centre_Party
2015-01-08,Modern Centre Party,15.5,Centre to centre-left,Social liberalism Liberalism Pro-Europeanism,https://en.wikipedia.org/wiki/Modern_Centre_Party
2015-01-21,Modern Centre Party,15.7,Centre to centre-left,Social liberalism Liberalism Pro-Europeanism,https://en.wikipedia.org/wiki/Modern_Centre_Party
2015-02-05,Modern Centre Party,16.8,Centre to centre-left,Social liberalism Liberalism Pro-Europeanism,https://en.wikipedia.org/wiki/Modern_Centre_Party
2015-02-12,Modern Centre Party,17.9,Centre to centre-left,Social liberalism Liberalism Pro-Europeanism,https://en.wikipedia.org/wiki/Modern_Centre_Party
2015-02-22,Modern Centre Party,20.1,Centre to centre-left,Social liberalism Liberalism Pro-Europeanism,https://en.wikipedia.org/wiki/Modern_Centre_Party
2015-03-05,Modern Centre Party,15.2,Centre to centre-left,Social liberalism Liberalism Pro-Europeanism,https://en.wikipedia.org/wiki/Modern_Centre_Party
2015-03-12,Modern Centre Party,16.2,Centre to centre-left,Social liberalism Liberalism Pro-Europeanism,https://en.wikipedia.org/wiki/Modern_Centre_Party
2015-03-22,Modern Centre Party,12.5,Centre to centre-left,Social liberalism Liberalism Pro-Europeanism,https://en.wikipedia.org/wiki/Modern_Centre_Party
2015-04-02,Modern Centre Party,10.1,Centre to centre-left,Social liberalism Liberalism Pro-Europeanism,https://en.wikipedia.org/wiki/Modern_Centre_Party
2015-04-16,Modern Centre Party,13.3,Centre to centre-left,Social liberalism Liberalism Pro-Europeanism,https://en.wikipedia.org/wiki/Modern_Centre_Party
2015-04-26,Modern Centre Party,11.3,Centre to centre-left,Social liberalism Liberalism Pro-Europeanism,https://en.wikipedia.org/wiki/Modern_Centre_Party
2015-05-07,Modern Centre Party,9.1,Centre to centre-left,Social liberalism Liberalism Pro-Europeanism,https://en.wikipedia.org/wiki/Modern_Centre_Party
2015-05-14,Modern Centre Party,11.1,Centre to centre-left,Social liberalism Liberalism Pro-Europeanism,https://en.wikipedia.org/wiki/Modern_Centre_Party
2015-05-24,Modern Centre Party,12.4,Centre to centre-left,Social liberalism Liberalism Pro-Europeanism,https://en.wikipedia.org/wiki/Modern_Centre_Party
2015-06-05,Modern Centre Party,7.6,Centre to centre-left,Social liberalism Liberalism Pro-Europeanism,https://en.wikipedia.org/wiki/Modern_Centre_Party
2015-06-10,Modern Centre Party,11.7,Centre to centre-left,Social liberalism Liberalism Pro-Europeanism,https://en.wikipedia.org/wiki/Modern_Centre_Party
2015-06-28,Modern Centre Party,11.0,Centre to centre-left,Social liberalism Liberalism Pro-Europeanism,https://en.wikipedia.org/wiki/Modern_Centre_Party
2015-07-02,Modern Centre Party,11.3,Centre to centre-left,Social liberalism Liberalism Pro-Europeanism,https://en.wikipedia.org/wiki/Modern_Centre_Party
2015-07-15,Modern Centre Party,11.3,Centre to centre-left,Social liberalism Liberalism Pro-Europeanism,https://en.wikipedia.org/wiki/Modern_Centre_Party
2015-07-26,Modern Centre Party,9.4,Centre to centre-left,Social liberalism Liberalism Pro-Europeanism,https://en.wikipedia.org/wiki/Modern_Centre_Party
2015-08-06,Modern Centre Party,9.2,Centre to centre-left,Social liberalism Liberalism Pro-Europeanism,https://en.wikipedia.org/wiki/Modern_Centre_Party
2015-08-13,Modern Centre Party,13.1,Centre to centre-left,Social liberalism Liberalism Pro-Europeanism,https://en.wikipedia.org/wiki/Modern_Centre_Party
2015-08-23,Modern Centre Party,9.6,Centre to centre-left,Social liberalism Liberalism Pro-Europeanism,https://en.wikipedia.org/wiki/Modern_Centre_Party
2015-09-03,Modern Centre Party,13.4,Centre to centre-left,Social liberalism Liberalism Pro-Europeanism,https://en.wikipedia.org/wiki/Modern_Centre_Party
2015-09-10,Modern Centre Party,15.4,Centre to centre-left,Social liberalism Liberalism Pro-Europeanism,https://en.wikipedia.org/wiki/Modern_Centre_Party
2015-09-27,Modern Centre Party,12.6,Centre to centre-left,Social liberalism Liberalism Pro-Europeanism,https://en.wikipedia.org/wiki/Modern_Centre_Party
2015-10-07,Modern Centre Party,10.6,Centre to centre-left,Social liberalism Liberalism Pro-Europeanism,https://en.wikipedia.org/wiki/Modern_Centre_Party
2015-10-14,Modern Centre Party,16.3,Centre to centre-left,Social liberalism Liberalism Pro-Europeanism,https://en.wikipedia.org/wiki/Modern_Centre_Party
2015-10-25,Modern Centre Party,9.1,Centre to centre-left,Social liberalism Liberalism Pro-Europeanism,https://en.wikipedia.org/wiki/Modern_Centre_Party
2015-10-30,Modern Centre Party,7.9,Centre to centre-left,Social liberalism Liberalism Pro-Europeanism,https://en.wikipedia.org/wiki/Modern_Centre_Party
2015-11-05,Modern Centre Party,11.5,Centre to centre-left,Social liberalism Liberalism Pro-Europeanism,https://en.wikipedia.org/wiki/Modern_Centre_Party
2015-11-19,Modern Centre Party,14.4,Centre to centre-left,Social liberalism Liberalism Pro-Europeanism,https://en.wikipedia.org/wiki/Modern_Centre_Party
2015-11-22,Modern Centre Party,8.6,Centre to centre-left,Social liberalism Liberalism Pro-Europeanism,https://en.wikipedia.org/wiki/Modern_Centre_Party
2015-12-06,Modern Centre Party,9.4,Centre to centre-left,Social liberalism Liberalism Pro-Europeanism,https://en.wikipedia.org/wiki/Modern_Centre_Party
2015-12-10,Modern Centre Party,7.6,Centre to centre-left,Social liberalism Liberalism Pro-Europeanism,https://en.wikipedia.org/wiki/Modern_Centre_Party
2015-12-17,Modern Centre Party,10.4,Centre to centre-left,Social liberalism Liberalism Pro-Europeanism,https://en.wikipedia.org/wiki/Modern_Centre_Party
2015-12-27,Modern Centre Party,8.9,Centre to centre-left,Social liberalism Liberalism Pro-Europeanism,https://en.wikipedia.org/wiki/Modern_Centre_Party
2016-01-07,Modern Centre Party,10.3,Centre to centre-left,Social liberalism Liberalism Pro-Europeanism,https://en.wikipedia.org/wiki/Modern_Centre_Party
2016-01-18,Modern Centre Party,11.5,Centre to centre-left,Social liberalism Liberalism Pro-Europeanism,https://en.wikipedia.org/wiki/Modern_Centre_Party
2016-01-24,Modern Centre Party,6.5,Centre to centre-left,Social liberalism Liberalism Pro-Europeanism,https://en.wikipedia.org/wiki/Modern_Centre_Party
2016-02-04,Modern Centre Party,9.0,Centre to centre-left,Social liberalism Liberalism Pro-Europeanism,https://en.wikipedia.org/wiki/Modern_Centre_Party
2016-02-18,Modern Centre Party,8.5,Centre to centre-left,Social liberalism Liberalism Pro-Europeanism,https://en.wikipedia.org/wiki/Modern_Centre_Party
2016-02-28,Modern Centre Party,8.6,Centre to centre-left,Social liberalism Liberalism Pro-Europeanism,https://en.wikipedia.org/wiki/Modern_Centre_Party
2016-03-01,Modern Centre Party,7.9,Centre to centre-left,Social liberalism Liberalism Pro-Europeanism,https://en.wikipedia.org/wiki/Modern_Centre_Party
2016-03-17,Modern Centre Party,9.8,Centre to centre-left,Social liberalism Liberalism Pro-Europeanism,https://en.wikipedia.org/wiki/Modern_Centre_Party
2016-03-27,Modern Centre Party,7.0,Centre to centre-left,Social liberalism Liberalism Pro-Europeanism,https://en.wikipedia.org/wiki/Modern_Centre_Party
2016-04-07,Modern Centre Party,7.4,Centre to centre-left,Social liberalism Liberalism Pro-Europeanism,https://en.wikipedia.org/wiki/Modern_Centre_Party
2016-04-14,Modern Centre Party,10.0,Centre to centre-left,Social liberalism Liberalism Pro-Europeanism,https://en.wikipedia.org/wiki/Modern_Centre_Party
2016-04-23,Modern Centre Party,6.5,Centre to centre-left,Social liberalism Liberalism Pro-Europeanism,https://en.wikipedia.org/wiki/Modern_Centre_Party
2016-05-06,Modern Centre Party,7.2,Centre to centre-left,Social liberalism Liberalism Pro-Europeanism,https://en.wikipedia.org/wiki/Modern_Centre_Party
2016-05-19,Modern Centre Party,9.4,Centre to centre-left,Social liberalism Liberalism Pro-Europeanism,https://en.wikipedia.org/wiki/Modern_Centre_Party
2016-05-22,Modern Centre Party,4.6,Centre to centre-left,Social liberalism Liberalism Pro-Europeanism,https://en.wikipedia.org/wiki/Modern_Centre_Party
2016-06-02,Modern Centre Party,3.4,Centre to centre-left,Social liberalism Liberalism Pro-Europeanism,https://en.wikipedia.org/wiki/Modern_Centre_Party
2016-06-15,Modern Centre Party,8.4,Centre to centre-left,Social liberalism Liberalism Pro-Europeanism,https://en.wikipedia.org/wiki/Modern_Centre_Party
2016-06-26,Modern Centre Party,4.8,Centre to centre-left,Social liberalism Liberalism Pro-Europeanism,https://en.wikipedia.org/wiki/Modern_Centre_Party
2016-07-07,Modern Centre Party,3.7,Centre to centre-left,Social liberalism Liberalism Pro-Europeanism,https://en.wikipedia.org/wiki/Modern_Centre_Party
2016-07-14,Modern Centre Party,10.9,Centre to centre-left,Social liberalism Liberalism Pro-Europeanism,https://en.wikipedia.org/wiki/Modern_Centre_Party
2016-07-22,Modern Centre Party,5.1,Centre to centre-left,Social liberalism Liberalism Pro-Europeanism,https://en.wikipedia.org/wiki/Modern_Centre_Party
2016-08-02,Modern Centre Party,8.3,Centre to centre-left,Social liberalism Liberalism Pro-Europeanism,https://en.wikipedia.org/wiki/Modern_Centre_Party
2016-08-18,Modern Centre Party,9.3,Centre to centre-left,Social liberalism Liberalism Pro-Europeanism,https://en.wikipedia.org/wiki/Modern_Centre_Party
2016-08-28,Modern Centre Party,4.2,Centre to centre-left,Social liberalism Liberalism Pro-Europeanism,https://en.wikipedia.org/wiki/Modern_Centre_Party
2016-09-08,Modern Centre Party,10.0,Centre to centre-left,Social liberalism Liberalism Pro-Europeanism,https://en.wikipedia.org/wiki/Modern_Centre_Party
2016-09-15,Modern Centre Party,14.1,Centre to centre-left,Social liberalism Liberalism Pro-Europeanism,https://en.wikipedia.org/wiki/Modern_Centre_Party
2016-09-25,Modern Centre Party,4.8,Centre to centre-left,Social liberalism Liberalism Pro-Europeanism,https://en.wikipedia.org/wiki/Modern_Centre_Party
2016-10-03,Modern Centre Party,9.4,Centre to centre-left,Social liberalism Liberalism Pro-Europeanism,https://en.wikipedia.org/wiki/Modern_Centre_Party
2016-10-13,Modern Centre Party,10.1,Centre to centre-left,Social liberalism Liberalism Pro-Europeanism,https://en.wikipedia.org/wiki/Modern_Centre_Party
2016-10-23,Modern Centre Party,6.2,Centre to centre-left,Social liberalism Liberalism Pro-Europeanism,https://en.wikipedia.org/wiki/Modern_Centre_Party
2016-10-29,Modern Centre Party,3.1,Centre to centre-left,Social liberalism Liberalism Pro-Europeanism,https://en.wikipedia.org/wiki/Modern_Centre_Party
2016-11-03,Modern Centre Party,9.5,Centre to centre-left,Social liberalism Liberalism Pro-Europeanism,https://en.wikipedia.org/wiki/Modern_Centre_Party
2016-11-10,Modern Centre Party,10.4,Centre to centre-left,Social liberalism Liberalism Pro-Europeanism,https://en.wikipedia.org/wiki/Modern_Centre_Party
2016-11-27,Modern Centre Party,7.5,Centre to centre-left,Social liberalism Liberalism Pro-Europeanism,https://en.wikipedia.org/wiki/Modern_Centre_Party
2016-12-02,Modern Centre Party,9.0,Centre to centre-left,Social liberalism Liberalism Pro-Europeanism,https://en.wikipedia.org/wiki/Modern_Centre_Party
2016-12-02,Modern Centre Party,8.5,Centre to centre-left,Social liberalism Liberalism Pro-Europeanism,https://en.wikipedia.org/wiki/Modern_Centre_Party
2016-12-15,Modern Centre Party,10.3,Centre to centre-left,Social liberalism Liberalism Pro-Europeanism,https://en.wikipedia.org/wiki/Modern_Centre_Party
2016-12-23,Modern Centre Party,5.1,Centre to centre-left,Social liberalism Liberalism Pro-Europeanism,https://en.wikipedia.org/wiki/Modern_Centre_Party
2017-01-04,Modern Centre Party,11.0,Centre to centre-left,Social liberalism Liberalism Pro-Europeanism,https://en.wikipedia.org/wiki/Modern_Centre_Party
2017-01-08,Modern Centre Party,7.0,Centre to centre-left,Social liberalism Liberalism Pro-Europeanism,https://en.wikipedia.org/wiki/Modern_Centre_Party
2017-01-12,Modern Centre Party,10.6,Centre to centre-left,Social liberalism Liberalism Pro-Europeanism,https://en.wikipedia.org/wiki/Modern_Centre_Party
2017-01-22,Modern Centre Party,6.5,Centre to centre-left,Social liberalism Liberalism Pro-Europeanism,https://en.wikipedia.org/wiki/Modern_Centre_Party
2017-02-03,Modern Centre Party,10.5,Centre to centre-left,Social liberalism Liberalism Pro-Europeanism,https://en.wikipedia.org/wiki/Modern_Centre_Party
2017-02-09,Modern Centre Party,7.6,Centre to centre-left,Social liberalism Liberalism Pro-Europeanism,https://en.wikipedia.org/wiki/Modern_Centre_Party
2017-02-16,Modern Centre Party,9.7,Centre to centre-left,Social liberalism Liberalism Pro-Europeanism,https://en.wikipedia.org/wiki/Modern_Centre_Party
2017-02-24,Modern Centre Party,5.1,Centre to centre-left,Social liberalism Liberalism Pro-Europeanism,https://en.wikipedia.org/wiki/Modern_Centre_Party
2017-03-02,Modern Centre Party,6.7,Centre to centre-left,Social liberalism Liberalism Pro-Europeanism,https://en.wikipedia.org/wiki/Modern_Centre_Party
2017-03-09,Modern Centre Party,7.1,Centre to centre-left,Social liberalism Liberalism Pro-Europeanism,https://en.wikipedia.org/wiki/Modern_Centre_Party
2017-03-16,Modern Centre Party,6.3,Centre to centre-left,Social liberalism Liberalism Pro-Europeanism,https://en.wikipedia.org/wiki/Modern_Centre_Party
2017-03-24,Modern Centre Party,6.4,Centre to centre-left,Social liberalism Liberalism Pro-Europeanism,https://en.wikipedia.org/wiki/Modern_Centre_Party
2017-04-05,Modern Centre Party,7.7,Centre to centre-left,Social liberalism Liberalism Pro-Europeanism,https://en.wikipedia.org/wiki/Modern_Centre_Party
2017-04-13,Modern Centre Party,8.8,Centre to centre-left,Social liberalism Liberalism Pro-Europeanism,https://en.wikipedia.org/wiki/Modern_Centre_Party
2017-04-20,Modern Centre Party,7.9,Centre to centre-left,Social liberalism Liberalism Pro-Europeanism,https://en.wikipedia.org/wiki/Modern_Centre_Party
2017-04-21,Modern Centre Party,4.1,Centre to centre-left,Social liberalism Liberalism Pro-Europeanism,https://en.wikipedia.org/wiki/Modern_Centre_Party
2017-05-05,Modern Centre Party,7.3,Centre to centre-left,Social liberalism Liberalism Pro-Europeanism,https://en.wikipedia.org/wiki/Modern_Centre_Party
2017-05-11,Modern Centre Party,8.1,Centre to centre-left,Social liberalism Liberalism Pro-Europeanism,https://en.wikipedia.org/wiki/Modern_Centre_Party
2017-05-12,Modern Centre Party,4.4,Centre to centre-left,Social liberalism Liberalism Pro-Europeanism,https://en.wikipedia.org/wiki/Modern_Centre_Party
2017-05-28,Modern Centre Party,5.1,Centre to centre-left,Social liberalism Liberalism Pro-Europeanism,https://en.wikipedia.org/wiki/Modern_Centre_Party
2017-06-02,Modern Centre Party,5.4,Centre to centre-left,Social liberalism Liberalism Pro-Europeanism,https://en.wikipedia.org/wiki/Modern_Centre_Party
2017-06-02,Modern Centre Party,5.3,Centre to centre-left,Social liberalism Liberalism Pro-Europeanism,https://en.wikipedia.org/wiki/Modern_Centre_Party
2017-06-15,Modern Centre Party,9.8,Centre to centre-left,Social liberalism Liberalism Pro-Europeanism,https://en.wikipedia.org/wiki/Modern_Centre_Party
2017-06-25,Modern Centre Party,4.3,Centre to centre-left,Social liberalism Liberalism Pro-Europeanism,https://en.wikipedia.org/wiki/Modern_Centre_Party
2017-07-06,Modern Centre Party,10.4,Centre to centre-left,Social liberalism Liberalism Pro-Europeanism,https://en.wikipedia.org/wiki/Modern_Centre_Party
2017-07-06,Modern Centre Party,8.5,Centre to centre-left,Social liberalism Liberalism Pro-Europeanism,https://en.wikipedia.org/wiki/Modern_Centre_Party
2017-07-13,Modern Centre Party,8.8,Centre to centre-left,Social liberalism Liberalism Pro-Europeanism,https://en.wikipedia.org/wiki/Modern_Centre_Party
2017-07-21,Modern Centre Party,7.4,Centre to centre-left,Social liberalism Liberalism Pro-Europeanism,https://en.wikipedia.org/wiki/Modern_Centre_Party
2017-08-02,Modern Centre Party,9.3,Centre to centre-left,Social liberalism Liberalism Pro-Europeanism,https://en.wikipedia.org/wiki/Modern_Centre_Party
2017-08-09,Modern Centre Party,10.2,Centre to centre-left,Social liberalism Liberalism Pro-Europeanism,https://en.wikipedia.org/wiki/Modern_Centre_Party
2017-08-11,Modern Centre Party,6.5,Centre to centre-left,Social liberalism Liberalism Pro-Europeanism,https://en.wikipedia.org/wiki/Modern_Centre_Party
2017-08-26,Modern Centre Party,5.1,Centre to centre-left,Social liberalism Liberalism Pro-Europeanism,https://en.wikipedia.org/wiki/Modern_Centre_Party
2017-09-07,Modern Centre Party,9.0,Centre to centre-left,Social liberalism Liberalism Pro-Europeanism,https://en.wikipedia.org/wiki/Modern_Centre_Party
2017-09-13,Modern Centre Party,6.9,Centre to centre-left,Social liberalism Liberalism Pro-Europeanism,https://en.wikipedia.org/wiki/Modern_Centre_Party
2017-09-14,Modern Centre Party,10.1,Centre to centre-left,Social liberalism Liberalism Pro-Europeanism,https://en.wikipedia.org/wiki/Modern_Centre_Party
2017-09-23,Modern Centre Party,6.3,Centre to centre-left,Social liberalism Liberalism Pro-Europeanism,https://en.wikipedia.org/wiki/Modern_Centre_Party
2017-10-05,Modern Centre Party,11.9,Centre to centre-left,Social liberalism Liberalism Pro-Europeanism,https://en.wikipedia.org/wiki/Modern_Centre_Party
2017-10-06,Modern Centre Party,6.5,Centre to centre-left,Social liberalism Liberalism Pro-Europeanism,https://en.wikipedia.org/wiki/Modern_Centre_Party
2017-11-08,Modern Centre Party,7.0,Centre to centre-left,Social liberalism Liberalism Pro-Europeanism,https://en.wikipedia.org/wiki/Modern_Centre_Party
2017-11-08,Modern Centre Party,4.9,Centre to centre-left,Social liberalism Liberalism Pro-Europeanism,https://en.wikipedia.org/wiki/Modern_Centre_Party
2017-11-11,Modern Centre Party,5.2,Centre to centre-left,Social liberalism Liberalism Pro-Europeanism,https://en.wikipedia.org/wiki/Modern_Centre_Party
2017-11-16,Modern Centre Party,8.1,Centre to centre-left,Social liberalism Liberalism Pro-Europeanism,https://en.wikipedia.org/wiki/Modern_Centre_Party
2017-12-07,Modern Centre Party,5.5,Centre to centre-left,Social liberalism Liberalism Pro-Europeanism,https://en.wikipedia.org/wiki/Modern_Centre_Party
2017-12-14,Modern Centre Party,8.0,Centre to centre-left,Social liberalism Liberalism Pro-Europeanism,https://en.wikipedia.org/wiki/Modern_Centre_Party
2017-12-25,Modern Centre Party,5.4,Centre to centre-left,Social liberalism Liberalism Pro-Europeanism,https://en.wikipedia.org/wiki/Modern_Centre_Party
2018-01-06,Modern Centre Party,8.0,Centre to centre-left,Social liberalism Liberalism Pro-Europeanism,https://en.wikipedia.org/wiki/Modern_Centre_Party
2018-01-11,Modern Centre Party,6.6,Centre to centre-left,Social liberalism Liberalism Pro-Europeanism,https://en.wikipedia.org/wiki/Modern_Centre_Party
2018-01-18,Modern Centre Party,8.3,Centre to centre-left,Social liberalism Liberalism Pro-Europeanism,https://en.wikipedia.org/wiki/Modern_Centre_Party
2018-01-28,Modern Centre Party,6.0,Centre to centre-left,Social liberalism Liberalism Pro-Europeanism,https://en.wikipedia.org/wiki/Modern_Centre_Party
2018-02-05,Modern Centre Party,7.2,Centre to centre-left,Social liberalism Liberalism Pro-Europeanism,https://en.wikipedia.org/wiki/Modern_Centre_Party
2018-02-06,Modern Centre Party,7.8,Centre to centre-left,Social liberalism Liberalism Pro-Europeanism,https://en.wikipedia.org/wiki/Modern_Centre_Party
2018-02-11,Modern Centre Party,4.5,Centre to centre-left,Social liberalism Liberalism Pro-Europeanism,https://en.wikipedia.org/wiki/Modern_Centre_Party
2018-02-15,Modern Centre Party,5.2,Centre to centre-left,Social liberalism Liberalism Pro-Europeanism,https://en.wikipedia.org/wiki/Modern_Centre_Party
2018-02-25,Modern Centre Party,5.0,Centre to centre-left,Social liberalism Liberalism Pro-Europeanism,https://en.wikipedia.org/wiki/Modern_Centre_Party
2018-03-08,Modern Centre Party,5.9,Centre to centre-left,Social liberalism Liberalism Pro-Europeanism,https://en.wikipedia.org/wiki/Modern_Centre_Party
2018-03-14,Modern Centre Party,4.1,Centre to centre-left,Social liberalism Liberalism Pro-Europeanism,https://en.wikipedia.org/wiki/Modern_Centre_Party
2018-03-15,Modern Centre Party,7.6,Centre to centre-left,Social liberalism Liberalism Pro-Europeanism,https://en.wikipedia.org/wiki/Modern_Centre_Party
2018-03-25,Modern Centre Party,5.8,Centre to centre-left,Social liberalism Liberalism Pro-Europeanism,https://en.wikipedia.org/wiki/Modern_Centre_Party
2018-04-03,Modern Centre Party,8.8,Centre to centre-left,Social liberalism Liberalism Pro-Europeanism,https://en.wikipedia.org/wiki/Modern_Centre_Party
2018-04-05,Modern Centre Party,8.4,Centre to centre-left,Social liberalism Liberalism Pro-Europeanism,https://en.wikipedia.org/wiki/Modern_Centre_Party
2018-04-11,Modern Centre Party,7.0,Centre to centre-left,Social liberalism Liberalism Pro-Europeanism,https://en.wikipedia.org/wiki/Modern_Centre_Party
2018-04-22,Modern Centre Party,10.8,Centre to centre-left,Social liberalism Liberalism Pro-Europeanism,https://en.wikipedia.org/wiki/Modern_Centre_Party
2018-04-22,Modern Centre Party,4.4,Centre to centre-left,Social liberalism Liberalism Pro-Europeanism,https://en.wikipedia.org/wiki/Modern_Centre_Party
2018-05-05,Modern Centre Party,4.7,Centre to centre-left,Social liberalism Liberalism Pro-Europeanism,https://en.wikipedia.org/wiki/Modern_Centre_Party
2018-05-07,Modern Centre Party,5.8,Centre to centre-left,Social liberalism Liberalism Pro-Europeanism,https://en.wikipedia.org/wiki/Modern_Centre_Party
2018-05-09,Modern Centre Party,4.9,Centre to centre-left,Social liberalism Liberalism Pro-Europeanism,https://en.wikipedia.org/wiki/Modern_Centre_Party
2018-05-10,Modern Centre Party,6.7,Centre to centre-left,Social liberalism Liberalism Pro-Europeanism,https://en.wikipedia.org/wiki/Modern_Centre_Party
2018-05-10,Modern Centre Party,4.2,Centre to centre-left,Social liberalism Liberalism Pro-Europeanism,https://en.wikipedia.org/wiki/Modern_Centre_Party
2018-05-15,Modern Centre Party,4.8,Centre to centre-left,Social liberalism Liberalism Pro-Europeanism,https://en.wikipedia.org/wiki/Modern_Centre_Party
2018-05-17,Modern Centre Party,4.6,Centre to centre-left,Social liberalism Liberalism Pro-Europeanism,https://en.wikipedia.org/wiki/Modern_Centre_Party
2018-05-17,Modern Centre Party,4.3,Centre to centre-left,Social liberalism Liberalism Pro-Europeanism,https://en.wikipedia.org/wiki/Modern_Centre_Party
2018-05-17,Modern Centre Party,4.6,Centre to centre-left,Social liberalism Liberalism Pro-Europeanism,https://en.wikipedia.org/wiki/Modern_Centre_Party
2018-05-20,Modern Centre Party,4.5,Centre to centre-left,Social liberalism Liberalism Pro-Europeanism,https://en.wikipedia.org/wiki/Modern_Centre_Party
2018-05-22,Modern Centre Party,4.7,Centre to centre-left,Social liberalism Liberalism Pro-Europeanism,https://en.wikipedia.org/wiki/Modern_Centre_Party
2018-05-22,Modern Centre Party,7.3,Centre to centre-left,Social liberalism Liberalism Pro-Europeanism,https://en.wikipedia.org/wiki/Modern_Centre_Party
2018-05-22,Modern Centre Party,5.6,Centre to centre-left,Social liberalism Liberalism Pro-Europeanism,https://en.wikipedia.org/wiki/Modern_Centre_Party
2018-05-23,Modern Centre Party,5.5,Centre to centre-left,Social liberalism Liberalism Pro-Europeanism,https://en.wikipedia.org/wiki/Modern_Centre_Party
2018-05-25,Modern Centre Party,5.2,Centre to centre-left,Social liberalism Liberalism Pro-Europeanism,https://en.wikipedia.org/wiki/Modern_Centre_Party
2018-05-25,Modern Centre Party,4.3,Centre to centre-left,Social liberalism Liberalism Pro-Europeanism,https://en.wikipedia.org/wiki/Modern_Centre_Party
2018-05-27,Modern Centre Party,4.4,Centre to centre-left,Social liberalism Liberalism Pro-Europeanism,https://en.wikipedia.org/wiki/Modern_Centre_Party
2018-05-29,Modern Centre Party,4.0,Centre to centre-left,Social liberalism Liberalism Pro-Europeanism,https://en.wikipedia.org/wiki/Modern_Centre_Party
2018-05-29,Modern Centre Party,4.7,Centre to centre-left,Social liberalism Liberalism Pro-Europeanism,https://en.wikipedia.org/wiki/Modern_Centre_Party
2018-05-29,Modern Centre Party,8.8,Centre to centre-left,Social liberalism Liberalism Pro-Europeanism,https://en.wikipedia.org/wiki/Modern_Centre_Party
2018-05-30,Modern Centre Party,4.8,Centre to centre-left,Social liberalism Liberalism Pro-Europeanism,https://en.wikipedia.org/wiki/Modern_Centre_Party
2018-05-31,Modern Centre Party,4.4,Centre to centre-left,Social liberalism Liberalism Pro-Europeanism,https://en.wikipedia.org/wiki/Modern_Centre_Party
2018-05-31,Modern Centre Party,7.1,Centre to centre-left,Social liberalism Liberalism Pro-Europeanism,https://en.wikipedia.org/wiki/Modern_Centre_Party
2018-05-31,Modern Centre Party,9.8,Centre to centre-left,Social liberalism Liberalism Pro-Europeanism,https://en.wikipedia.org/wiki/Modern_Centre_Party
2018-05-31,Modern Centre Party,7.7,Centre to centre-left,Social liberalism Liberalism Pro-Europeanism,https://en.wikipedia.org/wiki/Modern_Centre_Party
2018-06-03,Modern Centre Party,9.8,Centre to centre-left,Social liberalism Liberalism Pro-Europeanism,https://en.wikipedia.org/wiki/Modern_Centre_Party
2018-06-03,Modern Centre Party,9.8,Centre to centre-left,Social liberalism Liberalism Pro-Europeanism,https://en.wikipedia.org/wiki/Modern_Centre_Party
2018-06-03,Modern Centre Party,9.8,Centre to centre-left,Social liberalism Liberalism Pro-Europeanism,https://en.wikipedia.org/wiki/Modern_Centre_Party
2018-06-06,Modern Centre Party,5.5,Centre to centre-left,Social liberalism Liberalism Pro-Europeanism,https://en.wikipedia.org/wiki/Modern_Centre_Party
2018-06-14,Modern Centre Party,9.2,Centre to centre-left,Social liberalism Liberalism Pro-Europeanism,https://en.wikipedia.org/wiki/Modern_Centre_Party
2018-06-20,Modern Centre Party,4.3,Centre to centre-left,Social liberalism Liberalism Pro-Europeanism,https://en.wikipedia.org/wiki/Modern_Centre_Party
2018-07-12,Modern Centre Party,8.9,Centre to centre-left,Social liberalism Liberalism Pro-Europeanism,https://en.wikipedia.org/wiki/Modern_Centre_Party
2018-08-15,Modern Centre Party,3.1,Centre to centre-left,Social liberalism Liberalism Pro-Europeanism,https://en.wikipedia.org/wiki/Modern_Centre_Party
2018-08-26,Modern Centre Party,4.3,Centre to centre-left,Social liberalism Liberalism Pro-Europeanism,https://en.wikipedia.org/wiki/Modern_Centre_Party
2018-09-06,Modern Centre Party,4.4,Centre to centre-left,Social liberalism Liberalism Pro-Europeanism,https://en.wikipedia.org/wiki/Modern_Centre_Party
2018-09-13,Modern Centre Party,7.1,Centre to centre-left,Social liberalism Liberalism Pro-Europeanism,https://en.wikipedia.org/wiki/Modern_Centre_Party
2018-09-23,Modern Centre Party,3.7,Centre to centre-left,Social liberalism Liberalism Pro-Europeanism,https://en.wikipedia.org/wiki/Modern_Centre_Party
2018-10-11,Modern Centre Party,4.8,Centre to centre-left,Social liberalism Liberalism Pro-Europeanism,https://en.wikipedia.org/wiki/Modern_Centre_Party
2018-11-20,Modern Centre Party,5.0,Centre to centre-left,Social liberalism Liberalism Pro-Europeanism,https://en.wikipedia.org/wiki/Modern_Centre_Party
2018-11-22,Modern Centre Party,3.7,Centre to centre-left,Social liberalism Liberalism Pro-Europeanism,https://en.wikipedia.org/wiki/Modern_Centre_Party
2018-12-06,Modern Centre Party,4.9,Centre to centre-left,Social liberalism Liberalism Pro-Europeanism,https://en.wikipedia.org/wiki/Modern_Centre_Party
2018-12-13,Modern Centre Party,3.1,Centre to centre-left,Social liberalism Liberalism Pro-Europeanism,https://en.wikipedia.org/wiki/Modern_Centre_Party
2019-01-10,Modern Centre Party,3.7,Centre to centre-left,Social liberalism Liberalism Pro-Europeanism,https://en.wikipedia.org/wiki/Modern_Centre_Party
2019-01-10,Modern Centre Party,3.1,Centre to centre-left,Social liberalism Liberalism Pro-Europeanism,https://en.wikipedia.org/wiki/Modern_Centre_Party
2019-02-06,Modern Centre Party,2.7,Centre to centre-left,Social liberalism Liberalism Pro-Europeanism,https://en.wikipedia.org/wiki/Modern_Centre_Party
2019-02-14,Modern Centre Party,2.7,Centre to centre-left,Social liberalism Liberalism Pro-Europeanism,https://en.wikipedia.org/wiki/Modern_Centre_Party
2019-03-07,Modern Centre Party,0.8,Centre to centre-left,Social liberalism Liberalism Pro-Europeanism,https://en.wikipedia.org/wiki/Modern_Centre_Party
2019-03-14,Modern Centre Party,0.4,Centre to centre-left,Social liberalism Liberalism Pro-Europeanism,https://en.wikipedia.org/wiki/Modern_Centre_Party
2019-04-04,Modern Centre Party,1.8,Centre to centre-left,Social liberalism Liberalism Pro-Europeanism,https://en.wikipedia.org/wiki/Modern_Centre_Party
2019-04-11,Modern Centre Party,0.5,Centre to centre-left,Social liberalism Liberalism Pro-Europeanism,https://en.wikipedia.org/wiki/Modern_Centre_Party
2019-05-16,Modern Centre Party,0.3,Centre to centre-left,Social liberalism Liberalism Pro-Europeanism,https://en.wikipedia.org/wiki/Modern_Centre_Party
2019-05-23,Modern Centre Party,1.2,Centre to centre-left,Social liberalism Liberalism Pro-Europeanism,https://en.wikipedia.org/wiki/Modern_Centre_Party
2019-06-13,Modern Centre Party,0.6,Centre to centre-left,Social liberalism Liberalism Pro-Europeanism,https://en.wikipedia.org/wiki/Modern_Centre_Party
2019-07-11,Modern Centre Party,1.5,Centre to centre-left,Social liberalism Liberalism Pro-Europeanism,https://en.wikipedia.org/wiki/Modern_Centre_Party
2019-07-11,Modern Centre Party,1.0,Centre to centre-left,Social liberalism Liberalism Pro-Europeanism,https://en.wikipedia.org/wiki/Modern_Centre_Party
2019-08-08,Modern Centre Party,2.9,Centre to centre-left,Social liberalism Liberalism Pro-Europeanism,https://en.wikipedia.org/wiki/Modern_Centre_Party
2019-08-14,Modern Centre Party,0.5,Centre to centre-left,Social liberalism Liberalism Pro-Europeanism,https://en.wikipedia.org/wiki/Modern_Centre_Party
2019-08-25,Modern Centre Party,1.8,Centre to centre-left,Social liberalism Liberalism Pro-Europeanism,https://en.wikipedia.org/wiki/Modern_Centre_Party
2019-09-05,Modern Centre Party,1.5,Centre to centre-left,Social liberalism Liberalism Pro-Europeanism,https://en.wikipedia.org/wiki/Modern_Centre_Party
2019-09-12,Modern Centre Party,0.9,Centre to centre-left,Social liberalism Liberalism Pro-Europeanism,https://en.wikipedia.org/wiki/Modern_Centre_Party
2019-09-22,Modern Centre Party,0.4,Centre to centre-left,Social liberalism Liberalism Pro-Europeanism,https://en.wikipedia.org/wiki/Modern_Centre_Party
2019-10-10,Modern Centre Party,0.4,Centre to centre-left,Social liberalism Liberalism Pro-Europeanism,https://en.wikipedia.org/wiki/Modern_Centre_Party
2019-10-17,Modern Centre Party,1.3,Centre to centre-left,Social liberalism Liberalism Pro-Europeanism,https://en.wikipedia.org/wiki/Modern_Centre_Party
2019-11-07,Modern Centre Party,1.9,Centre to centre-left,Social liberalism Liberalism Pro-Europeanism,https://en.wikipedia.org/wiki/Modern_Centre_Party
2019-11-07,Modern Centre Party,1.9,Centre to centre-left,Social liberalism Liberalism Pro-Europeanism,https://en.wikipedia.org/wiki/Modern_Centre_Party
2019-11-14,Modern Centre Party,0.6,Centre to centre-left,Social liberalism Liberalism Pro-Europeanism,https://en.wikipedia.org/wiki/Modern_Centre_Party
2019-11-24,Modern Centre Party,1.3,Centre to centre-left,Social liberalism Liberalism Pro-Europeanism,https://en.wikipedia.org/wiki/Modern_Centre_Party
2019-12-05,Modern Centre Party,0.9,Centre to centre-left,Social liberalism Liberalism Pro-Europeanism,https://en.wikipedia.org/wiki/Modern_Centre_Party
2019-12-05,Modern Centre Party,0.7,Centre to centre-left,Social liberalism Liberalism Pro-Europeanism,https://en.wikipedia.org/wiki/Modern_Centre_Party
2019-12-12,Modern Centre Party,0.2,Centre to centre-left,Social liberalism Liberalism Pro-Europeanism,https://en.wikipedia.org/wiki/Modern_Centre_Party
2020-01-09,Modern Centre Party,1.7,Centre to centre-left,Social liberalism Liberalism Pro-Europeanism,https://en.wikipedia.org/wiki/Modern_Centre_Party
2020-01-16,Modern Centre Party,0.7,Centre to centre-left,Social liberalism Liberalism Pro-Europeanism,https://en.wikipedia.org/wiki/Modern_Centre_Party
2020-01-16,Modern Centre Party,0.3,Centre to centre-left,Social liberalism Liberalism Pro-Europeanism,https://en.wikipedia.org/wiki/Modern_Centre_Party
2020-01-29,Modern Centre Party,1.8,Centre to centre-left,Social liberalism Liberalism Pro-Europeanism,https://en.wikipedia.org/wiki/Modern_Centre_Party
2020-02-03,Modern Centre Party,2.5,Centre to centre-left,Social liberalism Liberalism Pro-Europeanism,https://en.wikipedia.org/wiki/Modern_Centre_Party
2020-02-05,Modern Centre Party,2.0,Centre to centre-left,Social liberalism Liberalism Pro-Europeanism,https://en.wikipedia.org/wiki/Modern_Centre_Party
2020-02-13,Modern Centre Party,2.0,Centre to centre-left,Social liberalism Liberalism Pro-Europeanism,https://en.wikipedia.org/wiki/Modern_Centre_Party
2020-02-13,Modern Centre Party,3.2,Centre to centre-left,Social liberalism Liberalism Pro-Europeanism,https://en.wikipedia.org/wiki/Modern_Centre_Party
2020-02-20,Modern Centre Party,2.5,Centre to centre-left,Social liberalism Liberalism Pro-Europeanism,https://en.wikipedia.org/wiki/Modern_Centre_Party
2020-02-28,Modern Centre Party,2.2,Centre to centre-left,Social liberalism Liberalism Pro-Europeanism,https://en.wikipedia.org/wiki/Modern_Centre_Party
2020-03-05,Modern Centre Party,2.5,Centre to centre-left,Social liberalism Liberalism Pro-Europeanism,https://en.wikipedia.org/wiki/Modern_Centre_Party
2020-03-12,Modern Centre Party,0.5,Centre to centre-left,Social liberalism Liberalism Pro-Europeanism,https://en.wikipedia.org/wiki/Modern_Centre_Party
2020-03-19,Modern Centre Party,0.8,Centre to centre-left,Social liberalism Liberalism Pro-Europeanism,https://en.wikipedia.org/wiki/Modern_Centre_Party
2020-04-09,Modern Centre Party,0.8,Centre to centre-left,Social liberalism Liberalism Pro-Europeanism,https://en.wikipedia.org/wiki/Modern_Centre_Party
2020-04-16,Modern Centre Party,1.0,Centre to centre-left,Social liberalism Liberalism Pro-Europeanism,https://en.wikipedia.org/wiki/Modern_Centre_Party
2020-05-08,Modern Centre Party,2.3,Centre to centre-left,Social liberalism Liberalism Pro-Europeanism,https://en.wikipedia.org/wiki/Modern_Centre_Party
2020-05-08,Modern Centre Party,0.2,Centre to centre-left,Social liberalism Liberalism Pro-Europeanism,https://en.wikipedia.org/wiki/Modern_Centre_Party
2020-05-13,Modern Centre Party,0.3,Centre to centre-left,Social liberalism Liberalism Pro-Europeanism,https://en.wikipedia.org/wiki/Modern_Centre_Party
2020-05-21,Modern Centre Party,0.2,Centre to centre-left,Social liberalism Liberalism Pro-Europeanism,https://en.wikipedia.org/wiki/Modern_Centre_Party
2020-05-22,Modern Centre Party,0.3,Centre to centre-left,Social liberalism Liberalism Pro-Europeanism,https://en.wikipedia.org/wiki/Modern_Centre_Party
2020-06-04,Modern Centre Party,1.1,Centre to centre-left,Social liberalism Liberalism Pro-Europeanism,https://en.wikipedia.org/wiki/Modern_Centre_Party
2020-06-11,Modern Centre Party,0.3,Centre to centre-left,Social liberalism Liberalism Pro-Europeanism,https://en.wikipedia.org/wiki/Modern_Centre_Party
2020-06-17,Modern Centre Party,1.1,Centre to centre-left,Social liberalism Liberalism Pro-Europeanism,https://en.wikipedia.org/wiki/Modern_Centre_Party
2020-07-02,Modern Centre Party,0.4,Centre to centre-left,Social liberalism Liberalism Pro-Europeanism,https://en.wikipedia.org/wiki/Modern_Centre_Party
2020-07-09,Modern Centre Party,2.0,Centre to centre-left,Social liberalism Liberalism Pro-Europeanism,https://en.wikipedia.org/wiki/Modern_Centre_Party
2020-07-16,Modern Centre Party,0.3,Centre to centre-left,Social liberalism Liberalism Pro-Europeanism,https://en.wikipedia.org/wiki/Modern_Centre_Party
2020-08-06,Modern Centre Party,1.4,Centre to centre-left,Social liberalism Liberalism Pro-Europeanism,https://en.wikipedia.org/wiki/Modern_Centre_Party
2020-08-13,Modern Centre Party,0.1,Centre to centre-left,Social liberalism Liberalism Pro-Europeanism,https://en.wikipedia.org/wiki/Modern_Centre_Party
2020-08-24,Modern Centre Party,1.1,Centre to centre-left,Social liberalism Liberalism Pro-Europeanism,https://en.wikipedia.org/wiki/Modern_Centre_Party
2020-08-24,Modern Centre Party,1.1,Centre to centre-left,Social liberalism Liberalism Pro-Europeanism,https://en.wikipedia.org/wiki/Modern_Centre_Party
2020-09-10,Modern Centre Party,1.6,Centre to centre-left,Social liberalism Liberalism Pro-Europeanism,https://en.wikipedia.org/wiki/Modern_Centre_Party
2020-09-17,Modern Centre Party,0.4,Centre to centre-left,Social liberalism Liberalism Pro-Europeanism,https://en.wikipedia.org/wiki/Modern_Centre_Party
2020-09-18,Modern Centre Party,0.5,Centre to centre-left,Social liberalism Liberalism Pro-Europeanism,https://en.wikipedia.org/wiki/Modern_Centre_Party
2020-09-28,Modern Centre Party,0.3,Centre to centre-left,Social liberalism Liberalism Pro-Europeanism,https://en.wikipedia.org/wiki/Modern_Centre_Party
2020-10-08,Modern Centre Party,0.7,Centre to centre-left,Social liberalism Liberalism Pro-Europeanism,https://en.wikipedia.org/wiki/Modern_Centre_Party
2020-10-15,Modern Centre Party,0.8,Centre to centre-left,Social liberalism Liberalism Pro-Europeanism,https://en.wikipedia.org/wiki/Modern_Centre_Party
2020-11-04,Modern Centre Party,0.5,Centre to centre-left,Social liberalism Liberalism Pro-Europeanism,https://en.wikipedia.org/wiki/Modern_Centre_Party
2020-11-05,Modern Centre Party,0.5,Centre to centre-left,Social liberalism Liberalism Pro-Europeanism,https://en.wikipedia.org/wiki/Modern_Centre_Party
2020-11-12,Modern Centre Party,0.2,Centre to centre-left,Social liberalism Liberalism Pro-Europeanism,https://en.wikipedia.org/wiki/Modern_Centre_Party
2020-11-23,Modern Centre Party,0.7,Centre to centre-left,Social liberalism Liberalism Pro-Europeanism,https://en.wikipedia.org/wiki/Modern_Centre_Party
2020-12-09,Modern Centre Party,0.5,Centre to centre-left,Social liberalism Liberalism Pro-Europeanism,https://en.wikipedia.org/wiki/Modern_Centre_Party
2020-12-09,Modern Centre Party,1.0,Centre to centre-left,Social liberalism Liberalism Pro-Europeanism,https://en.wikipedia.org/wiki/Modern_Centre_Party
2020-12-17,Modern Centre Party,0.1,Centre to centre-left,Social liberalism Liberalism Pro-Europeanism,https://en.wikipedia.org/wiki/Modern_Centre_Party
2020-12-23,Modern Centre Party,1.2,Centre to centre-left,Social liberalism Liberalism Pro-Europeanism,https://en.wikipedia.org/wiki/Modern_Centre_Party
2026-03-22,"NSi, SLS, FOKUS",9.3,Centre-right,Christian democracy agrarianism conservative liberalism,"https://en.wikipedia.org/wiki/NSi,_SLS,_FOKUS"
2026-04-09,"NSi, SLS, FOKUS",10.6,Centre-right,Christian democracy agrarianism conservative liberalism,"https://en.wikipedia.org/wiki/NSi,_SLS,_FOKUS"
2026-04-10,"NSi, SLS, FOKUS",10.9,Centre-right,Christian democracy agrarianism conservative liberalism,"https://en.wikipedia.org/wiki/NSi,_SLS,_FOKUS"
2026-04-15,"NSi, SLS, FOKUS",8.7,Centre-right,Christian democracy agrarianism conservative liberalism,"https://en.wikipedia.org/wiki/NSi,_SLS,_FOKUS"
2026-04-23,"NSi, SLS, FOKUS",10.4,Centre-right,Christian democracy agrarianism conservative liberalism,"https://en.wikipedia.org/wiki/NSi,_SLS,_FOKUS"
2026-05-07,"NSi, SLS, FOKUS",10.8,Centre-right,Christian democracy agrarianism conservative liberalism,"https://en.wikipedia.org/wiki/NSi,_SLS,_FOKUS"
2026-05-12,"NSi, SLS, FOKUS",8.9,Centre-right,Christian democracy agrarianism conservative liberalism,"https://en.wikipedia.org/wiki/NSi,_SLS,_FOKUS"
2026-05-13,"NSi, SLS, FOKUS",11.5,Centre-right,Christian democracy agrarianism conservative liberalism,"https://en.wikipedia.org/wiki/NSi,_SLS,_FOKUS"
2026-05-20,"NSi, SLS, FOKUS",10.8,Centre-right,Christian democracy agrarianism conservative liberalism,"https://en.wikipedia.org/wiki/NSi,_SLS,_FOKUS"
2026-05-21,"NSi, SLS, FOKUS",8.7,Centre-right,Christian democracy agrarianism conservative liberalism,"https://en.wikipedia.org/wiki/NSi,_SLS,_FOKUS"
2016-10-29,New People's Party of Slovenia,1.0,Centre-right,Conservatism Agrarianism,https://en.wikipedia.org/wiki/New_People%27s_Party_of_Slovenia
2016-12-02,New People's Party of Slovenia,2.3,Centre-right,Conservatism Agrarianism,https://en.wikipedia.org/wiki/New_People%27s_Party_of_Slovenia
2017-01-08,New People's Party of Slovenia,1.1,Centre-right,Conservatism Agrarianism,https://en.wikipedia.org/wiki/New_People%27s_Party_of_Slovenia
2017-02-09,New People's Party of Slovenia,1.2,Centre-right,Conservatism Agrarianism,https://en.wikipedia.org/wiki/New_People%27s_Party_of_Slovenia
2017-03-09,New People's Party of Slovenia,2.1,Centre-right,Conservatism Agrarianism,https://en.wikipedia.org/wiki/New_People%27s_Party_of_Slovenia
2017-04-13,New People's Party of Slovenia,0.6,Centre-right,Conservatism Agrarianism,https://en.wikipedia.org/wiki/New_People%27s_Party_of_Slovenia
2017-04-21,New People's Party of Slovenia,0.9,Centre-right,Conservatism Agrarianism,https://en.wikipedia.org/wiki/New_People%27s_Party_of_Slovenia
2017-05-12,New People's Party of Slovenia,1.9,Centre-right,Conservatism Agrarianism,https://en.wikipedia.org/wiki/New_People%27s_Party_of_Slovenia
2017-06-02,New People's Party of Slovenia,0.7,Centre-right,Conservatism Agrarianism,https://en.wikipedia.org/wiki/New_People%27s_Party_of_Slovenia
2017-06-25,New People's Party of Slovenia,0.1,Centre-right,Conservatism Agrarianism,https://en.wikipedia.org/wiki/New_People%27s_Party_of_Slovenia
2017-07-06,New People's Party of Slovenia,0.4,Centre-right,Conservatism Agrarianism,https://en.wikipedia.org/wiki/New_People%27s_Party_of_Slovenia
2017-07-21,New People's Party of Slovenia,0.2,Centre-right,Conservatism Agrarianism,https://en.wikipedia.org/wiki/New_People%27s_Party_of_Slovenia
2017-08-11,New People's Party of Slovenia,1.2,Centre-right,Conservatism Agrarianism,https://en.wikipedia.org/wiki/New_People%27s_Party_of_Slovenia
2017-08-26,New People's Party of Slovenia,0.8,Centre-right,Conservatism Agrarianism,https://en.wikipedia.org/wiki/New_People%27s_Party_of_Slovenia
2017-09-13,New People's Party of Slovenia,0.5,Centre-right,Conservatism Agrarianism,https://en.wikipedia.org/wiki/New_People%27s_Party_of_Slovenia
2017-09-23,New People's Party of Slovenia,0.2,Centre-right,Conservatism Agrarianism,https://en.wikipedia.org/wiki/New_People%27s_Party_of_Slovenia
2017-10-06,New People's Party of Slovenia,0.3,Centre-right,Conservatism Agrarianism,https://en.wikipedia.org/wiki/New_People%27s_Party_of_Slovenia
2017-11-08,New People's Party of Slovenia,1.3,Centre-right,Conservatism Agrarianism,https://en.wikipedia.org/wiki/New_People%27s_Party_of_Slovenia
2017-11-11,New People's Party of Slovenia,0.6,Centre-right,Conservatism Agrarianism,https://en.wikipedia.org/wiki/New_People%27s_Party_of_Slovenia
2017-12-25,New People's Party of Slovenia,0.3,Centre-right,Conservatism Agrarianism,https://en.wikipedia.org/wiki/New_People%27s_Party_of_Slovenia
2018-01-11,New People's Party of Slovenia,0.1,Centre-right,Conservatism Agrarianism,https://en.wikipedia.org/wiki/New_People%27s_Party_of_Slovenia
2018-01-28,New People's Party of Slovenia,0.1,Centre-right,Conservatism Agrarianism,https://en.wikipedia.org/wiki/New_People%27s_Party_of_Slovenia
2018-02-11,New People's Party of Slovenia,0.5,Centre-right,Conservatism Agrarianism,https://en.wikipedia.org/wiki/New_People%27s_Party_of_Slovenia
2014-07-13,New Slovenia,5.6,Centre-right,Christian democracy Conservatism,https://en.wikipedia.org/wiki/New_Slovenia
2014-08-07,New Slovenia,6.5,Centre-right,Christian democracy Conservatism,https://en.wikipedia.org/wiki/New_Slovenia
2014-09-11,New Slovenia,5.9,Centre-right,Christian democracy Conservatism,https://en.wikipedia.org/wiki/New_Slovenia
2014-09-11,New Slovenia,6.0,Centre-right,Christian democracy Conservatism,https://en.wikipedia.org/wiki/New_Slovenia
2014-09-28,New Slovenia,4.6,Centre-right,Christian democracy Conservatism,https://en.wikipedia.org/wiki/New_Slovenia
2014-10-26,New Slovenia,6.8,Centre-right,Christian democracy Conservatism,https://en.wikipedia.org/wiki/New_Slovenia
2014-11-05,New Slovenia,3.7,Centre-right,Christian democracy Conservatism,https://en.wikipedia.org/wiki/New_Slovenia
2014-11-20,New Slovenia,4.1,Centre-right,Christian democracy Conservatism,https://en.wikipedia.org/wiki/New_Slovenia
2014-11-20,New Slovenia,4.4,Centre-right,Christian democracy Conservatism,https://en.wikipedia.org/wiki/New_Slovenia
2014-12-04,New Slovenia,2.9,Centre-right,Christian democracy Conservatism,https://en.wikipedia.org/wiki/New_Slovenia
2014-12-17,New Slovenia,2.8,Centre-right,Christian democracy Conservatism,https://en.wikipedia.org/wiki/New_Slovenia
2014-12-21,New Slovenia,6.3,Centre-right,Christian democracy Conservatism,https://en.wikipedia.org/wiki/New_Slovenia
2015-01-08,New Slovenia,3.9,Centre-right,Christian democracy Conservatism,https://en.wikipedia.org/wiki/New_Slovenia
2015-01-21,New Slovenia,6.4,Centre-right,Christian democracy Conservatism,https://en.wikipedia.org/wiki/New_Slovenia
2015-02-05,New Slovenia,3.0,Centre-right,Christian democracy Conservatism,https://en.wikipedia.org/wiki/New_Slovenia
2015-02-12,New Slovenia,5.1,Centre-right,Christian democracy Conservatism,https://en.wikipedia.org/wiki/New_Slovenia
2015-02-22,New Slovenia,4.0,Centre-right,Christian democracy Conservatism,https://en.wikipedia.org/wiki/New_Slovenia
2015-03-05,New Slovenia,4.0,Centre-right,Christian democracy Conservatism,https://en.wikipedia.org/wiki/New_Slovenia
2015-03-12,New Slovenia,4.0,Centre-right,Christian democracy Conservatism,https://en.wikipedia.org/wiki/New_Slovenia
2015-03-22,New Slovenia,6.2,Centre-right,Christian democracy Conservatism,https://en.wikipedia.org/wiki/New_Slovenia
2015-04-02,New Slovenia,1.4,Centre-right,Christian democracy Conservatism,https://en.wikipedia.org/wiki/New_Slovenia
2015-04-16,New Slovenia,6.7,Centre-right,Christian democracy Conservatism,https://en.wikipedia.org/wiki/New_Slovenia
2015-04-26,New Slovenia,4.1,Centre-right,Christian democracy Conservatism,https://en.wikipedia.org/wiki/New_Slovenia
2015-05-07,New Slovenia,4.7,Centre-right,Christian democracy Conservatism,https://en.wikipedia.org/wiki/New_Slovenia
2015-05-14,New Slovenia,3.5,Centre-right,Christian democracy Conservatism,https://en.wikipedia.org/wiki/New_Slovenia
2015-05-24,New Slovenia,2.7,Centre-right,Christian democracy Conservatism,https://en.wikipedia.org/wiki/New_Slovenia
2015-06-05,New Slovenia,4.0,Centre-right,Christian democracy Conservatism,https://en.wikipedia.org/wiki/New_Slovenia
2015-06-10,New Slovenia,4.9,Centre-right,Christian democracy Conservatism,https://en.wikipedia.org/wiki/New_Slovenia
2015-06-28,New Slovenia,5.6,Centre-right,Christian democracy Conservatism,https://en.wikipedia.org/wiki/New_Slovenia
2015-07-02,New Slovenia,2.7,Centre-right,Christian democracy Conservatism,https://en.wikipedia.org/wiki/New_Slovenia
2015-07-15,New Slovenia,5.4,Centre-right,Christian democracy Conservatism,https://en.wikipedia.org/wiki/New_Slovenia
2015-07-26,New Slovenia,4.8,Centre-right,Christian democracy Conservatism,https://en.wikipedia.org/wiki/New_Slovenia
2015-08-06,New Slovenia,3.3,Centre-right,Christian democracy Conservatism,https://en.wikipedia.org/wiki/New_Slovenia
2015-08-13,New Slovenia,4.2,Centre-right,Christian democracy Conservatism,https://en.wikipedia.org/wiki/New_Slovenia
2015-08-23,New Slovenia,4.0,Centre-right,Christian democracy Conservatism,https://en.wikipedia.org/wiki/New_Slovenia
2015-09-03,New Slovenia,2.7,Centre-right,Christian democracy Conservatism,https://en.wikipedia.org/wiki/New_Slovenia
2015-09-10,New Slovenia,4.2,Centre-right,Christian democracy Conservatism,https://en.wikipedia.org/wiki/New_Slovenia
2015-09-27,New Slovenia,2.3,Centre-right,Christian democracy Conservatism,https://en.wikipedia.org/wiki/New_Slovenia
2015-10-07,New Slovenia,3.6,Centre-right,Christian democracy Conservatism,https://en.wikipedia.org/wiki/New_Slovenia
2015-10-14,New Slovenia,4.5,Centre-right,Christian democracy Conservatism,https://en.wikipedia.org/wiki/New_Slovenia
2015-10-25,New Slovenia,5.4,Centre-right,Christian democracy Conservatism,https://en.wikipedia.org/wiki/New_Slovenia
2015-10-30,New Slovenia,1.1,Centre-right,Christian democracy Conservatism,https://en.wikipedia.org/wiki/New_Slovenia
2015-11-05,New Slovenia,2.2,Centre-right,Christian democracy Conservatism,https://en.wikipedia.org/wiki/New_Slovenia
2015-11-19,New Slovenia,3.9,Centre-right,Christian democracy Conservatism,https://en.wikipedia.org/wiki/New_Slovenia
2015-11-22,New Slovenia,3.4,Centre-right,Christian democracy Conservatism,https://en.wikipedia.org/wiki/New_Slovenia
2015-12-06,New Slovenia,4.7,Centre-right,Christian democracy Conservatism,https://en.wikipedia.org/wiki/New_Slovenia
2015-12-10,New Slovenia,3.1,Centre-right,Christian democracy Conservatism,https://en.wikipedia.org/wiki/New_Slovenia
2015-12-17,New Slovenia,4.9,Centre-right,Christian democracy Conservatism,https://en.wikipedia.org/wiki/New_Slovenia
2015-12-27,New Slovenia,4.2,Centre-right,Christian democracy Conservatism,https://en.wikipedia.org/wiki/New_Slovenia
2016-01-07,New Slovenia,2.1,Centre-right,Christian democracy Conservatism,https://en.wikipedia.org/wiki/New_Slovenia
2016-01-18,New Slovenia,5.3,Centre-right,Christian democracy Conservatism,https://en.wikipedia.org/wiki/New_Slovenia
2016-01-24,New Slovenia,4.1,Centre-right,Christian democracy Conservatism,https://en.wikipedia.org/wiki/New_Slovenia
2016-02-04,New Slovenia,2.6,Centre-right,Christian democracy Conservatism,https://en.wikipedia.org/wiki/New_Slovenia
2016-02-18,New Slovenia,3.2,Centre-right,Christian democracy Conservatism,https://en.wikipedia.org/wiki/New_Slovenia
2016-02-28,New Slovenia,4.4,Centre-right,Christian democracy Conservatism,https://en.wikipedia.org/wiki/New_Slovenia
2016-03-01,New Slovenia,3.1,Centre-right,Christian democracy Conservatism,https://en.wikipedia.org/wiki/New_Slovenia
2016-03-17,New Slovenia,4.1,Centre-right,Christian democracy Conservatism,https://en.wikipedia.org/wiki/New_Slovenia
2016-03-27,New Slovenia,3.6,Centre-right,Christian democracy Conservatism,https://en.wikipedia.org/wiki/New_Slovenia
2016-04-07,New Slovenia,2.2,Centre-right,Christian democracy Conservatism,https://en.wikipedia.org/wiki/New_Slovenia
2016-04-14,New Slovenia,5.7,Centre-right,Christian democracy Conservatism,https://en.wikipedia.org/wiki/New_Slovenia
2016-04-23,New Slovenia,4.7,Centre-right,Christian democracy Conservatism,https://en.wikipedia.org/wiki/New_Slovenia
2016-05-06,New Slovenia,2.2,Centre-right,Christian democracy Conservatism,https://en.wikipedia.org/wiki/New_Slovenia
2016-05-19,New Slovenia,4.3,Centre-right,Christian democracy Conservatism,https://en.wikipedia.org/wiki/New_Slovenia
2016-05-22,New Slovenia,3.7,Centre-right,Christian democracy Conservatism,https://en.wikipedia.org/wiki/New_Slovenia
2016-06-02,New Slovenia,1.6,Centre-right,Christian democracy Conservatism,https://en.wikipedia.org/wiki/New_Slovenia
2016-06-15,New Slovenia,5.3,Centre-right,Christian democracy Conservatism,https://en.wikipedia.org/wiki/New_Slovenia
2016-06-26,New Slovenia,4.4,Centre-right,Christian democracy Conservatism,https://en.wikipedia.org/wiki/New_Slovenia
2016-07-07,New Slovenia,4.8,Centre-right,Christian democracy Conservatism,https://en.wikipedia.org/wiki/New_Slovenia
2016-07-14,New Slovenia,4.8,Centre-right,Christian democracy Conservatism,https://en.wikipedia.org/wiki/New_Slovenia
2016-07-22,New Slovenia,3.7,Centre-right,Christian democracy Conservatism,https://en.wikipedia.org/wiki/New_Slovenia
2016-08-02,New Slovenia,3.2,Centre-right,Christian democracy Conservatism,https://en.wikipedia.org/wiki/New_Slovenia
2016-08-18,New Slovenia,6.8,Centre-right,Christian democracy Conservatism,https://en.wikipedia.org/wiki/New_Slovenia
2016-08-28,New Slovenia,1.9,Centre-right,Christian democracy Conservatism,https://en.wikipedia.org/wiki/New_Slovenia
2016-09-08,New Slovenia,6.6,Centre-right,Christian democracy Conservatism,https://en.wikipedia.org/wiki/New_Slovenia
2016-09-15,New Slovenia,5.2,Centre-right,Christian democracy Conservatism,https://en.wikipedia.org/wiki/New_Slovenia
2016-09-25,New Slovenia,3.4,Centre-right,Christian democracy Conservatism,https://en.wikipedia.org/wiki/New_Slovenia
2016-10-03,New Slovenia,5.0,Centre-right,Christian democracy Conservatism,https://en.wikipedia.org/wiki/New_Slovenia
2016-10-13,New Slovenia,6.3,Centre-right,Christian democracy Conservatism,https://en.wikipedia.org/wiki/New_Slovenia
2016-10-23,New Slovenia,4.8,Centre-right,Christian democracy Conservatism,https://en.wikipedia.org/wiki/New_Slovenia
2016-10-29,New Slovenia,3.2,Centre-right,Christian democracy Conservatism,https://en.wikipedia.org/wiki/New_Slovenia
2016-11-03,New Slovenia,4.8,Centre-right,Christian democracy Conservatism,https://en.wikipedia.org/wiki/New_Slovenia
2016-11-10,New Slovenia,6.2,Centre-right,Christian democracy Conservatism,https://en.wikipedia.org/wiki/New_Slovenia
2016-11-27,New Slovenia,4.9,Centre-right,Christian democracy Conservatism,https://en.wikipedia.org/wiki/New_Slovenia
2016-12-02,New Slovenia,6.0,Centre-right,Christian democracy Conservatism,https://en.wikipedia.org/wiki/New_Slovenia
2016-12-02,New Slovenia,6.2,Centre-right,Christian democracy Conservatism,https://en.wikipedia.org/wiki/New_Slovenia
2016-12-15,New Slovenia,6.2,Centre-right,Christian democracy Conservatism,https://en.wikipedia.org/wiki/New_Slovenia
2016-12-23,New Slovenia,3.7,Centre-right,Christian democracy Conservatism,https://en.wikipedia.org/wiki/New_Slovenia
2017-01-04,New Slovenia,5.1,Centre-right,Christian democracy Conservatism,https://en.wikipedia.org/wiki/New_Slovenia
2017-01-08,New Slovenia,5.1,Centre-right,Christian democracy Conservatism,https://en.wikipedia.org/wiki/New_Slovenia
2017-01-12,New Slovenia,6.4,Centre-right,Christian democracy Conservatism,https://en.wikipedia.org/wiki/New_Slovenia
2017-01-22,New Slovenia,2.7,Centre-right,Christian democracy Conservatism,https://en.wikipedia.org/wiki/New_Slovenia
2017-02-03,New Slovenia,4.9,Centre-right,Christian democracy Conservatism,https://en.wikipedia.org/wiki/New_Slovenia
2017-02-09,New Slovenia,5.2,Centre-right,Christian democracy Conservatism,https://en.wikipedia.org/wiki/New_Slovenia
2017-02-16,New Slovenia,5.6,Centre-right,Christian democracy Conservatism,https://en.wikipedia.org/wiki/New_Slovenia
2017-02-24,New Slovenia,2.8,Centre-right,Christian democracy Conservatism,https://en.wikipedia.org/wiki/New_Slovenia
2017-03-02,New Slovenia,6.8,Centre-right,Christian democracy Conservatism,https://en.wikipedia.org/wiki/New_Slovenia
2017-03-09,New Slovenia,3.4,Centre-right,Christian democracy Conservatism,https://en.wikipedia.org/wiki/New_Slovenia
2017-03-16,New Slovenia,5.0,Centre-right,Christian democracy Conservatism,https://en.wikipedia.org/wiki/New_Slovenia
2017-03-24,New Slovenia,3.0,Centre-right,Christian democracy Conservatism,https://en.wikipedia.org/wiki/New_Slovenia
2017-04-05,New Slovenia,4.9,Centre-right,Christian democracy Conservatism,https://en.wikipedia.org/wiki/New_Slovenia
2017-04-13,New Slovenia,1.6,Centre-right,Christian democracy Conservatism,https://en.wikipedia.org/wiki/New_Slovenia
2017-04-20,New Slovenia,5.6,Centre-right,Christian democracy Conservatism,https://en.wikipedia.org/wiki/New_Slovenia
2017-04-21,New Slovenia,5.8,Centre-right,Christian democracy Conservatism,https://en.wikipedia.org/wiki/New_Slovenia
2017-05-05,New Slovenia,5.9,Centre-right,Christian democracy Conservatism,https://en.wikipedia.org/wiki/New_Slovenia
2017-05-11,New Slovenia,5.2,Centre-right,Christian democracy Conservatism,https://en.wikipedia.org/wiki/New_Slovenia
2017-05-12,New Slovenia,1.8,Centre-right,Christian democracy Conservatism,https://en.wikipedia.org/wiki/New_Slovenia
2017-05-28,New Slovenia,2.3,Centre-right,Christian democracy Conservatism,https://en.wikipedia.org/wiki/New_Slovenia
2017-06-02,New Slovenia,9.7,Centre-right,Christian democracy Conservatism,https://en.wikipedia.org/wiki/New_Slovenia
2017-06-02,New Slovenia,4.8,Centre-right,Christian democracy Conservatism,https://en.wikipedia.org/wiki/New_Slovenia
2017-06-15,New Slovenia,5.5,Centre-right,Christian democracy Conservatism,https://en.wikipedia.org/wiki/New_Slovenia
2017-06-25,New Slovenia,3.8,Centre-right,Christian democracy Conservatism,https://en.wikipedia.org/wiki/New_Slovenia
2017-07-06,New Slovenia,8.4,Centre-right,Christian democracy Conservatism,https://en.wikipedia.org/wiki/New_Slovenia
2017-07-06,New Slovenia,2.8,Centre-right,Christian democracy Conservatism,https://en.wikipedia.org/wiki/New_Slovenia
2017-07-13,New Slovenia,5.2,Centre-right,Christian democracy Conservatism,https://en.wikipedia.org/wiki/New_Slovenia
2017-07-21,New Slovenia,3.6,Centre-right,Christian democracy Conservatism,https://en.wikipedia.org/wiki/New_Slovenia
2017-08-02,New Slovenia,5.3,Centre-right,Christian democracy Conservatism,https://en.wikipedia.org/wiki/New_Slovenia
2017-08-09,New Slovenia,6.1,Centre-right,Christian democracy Conservatism,https://en.wikipedia.org/wiki/New_Slovenia
2017-08-11,New Slovenia,7.6,Centre-right,Christian democracy Conservatism,https://en.wikipedia.org/wiki/New_Slovenia
2017-08-26,New Slovenia,4.1,Centre-right,Christian democracy Conservatism,https://en.wikipedia.org/wiki/New_Slovenia
2017-09-07,New Slovenia,7.3,Centre-right,Christian democracy Conservatism,https://en.wikipedia.org/wiki/New_Slovenia
2017-09-13,New Slovenia,6.3,Centre-right,Christian democracy Conservatism,https://en.wikipedia.org/wiki/New_Slovenia
2017-09-14,New Slovenia,5.5,Centre-right,Christian democracy Conservatism,https://en.wikipedia.org/wiki/New_Slovenia
2017-09-23,New Slovenia,4.5,Centre-right,Christian democracy Conservatism,https://en.wikipedia.org/wiki/New_Slovenia
2017-10-05,New Slovenia,7.1,Centre-right,Christian democracy Conservatism,https://en.wikipedia.org/wiki/New_Slovenia
2017-10-06,New Slovenia,6.7,Centre-right,Christian democracy Conservatism,https://en.wikipedia.org/wiki/New_Slovenia
2017-11-08,New Slovenia,7.1,Centre-right,Christian democracy Conservatism,https://en.wikipedia.org/wiki/New_Slovenia
2017-11-08,New Slovenia,1.7,Centre-right,Christian democracy Conservatism,https://en.wikipedia.org/wiki/New_Slovenia
2017-11-11,New Slovenia,4.5,Centre-right,Christian democracy Conservatism,https://en.wikipedia.org/wiki/New_Slovenia
2017-11-16,New Slovenia,4.8,Centre-right,Christian democracy Conservatism,https://en.wikipedia.org/wiki/New_Slovenia
2017-12-07,New Slovenia,6.1,Centre-right,Christian democracy Conservatism,https://en.wikipedia.org/wiki/New_Slovenia
2017-12-14,New Slovenia,4.2,Centre-right,Christian democracy Conservatism,https://en.wikipedia.org/wiki/New_Slovenia
2017-12-25,New Slovenia,2.3,Centre-right,Christian democracy Conservatism,https://en.wikipedia.org/wiki/New_Slovenia
2018-01-06,New Slovenia,6.5,Centre-right,Christian democracy Conservatism,https://en.wikipedia.org/wiki/New_Slovenia
2018-01-11,New Slovenia,1.7,Centre-right,Christian democracy Conservatism,https://en.wikipedia.org/wiki/New_Slovenia
2018-01-18,New Slovenia,3.5,Centre-right,Christian democracy Conservatism,https://en.wikipedia.org/wiki/New_Slovenia
2018-01-28,New Slovenia,3.7,Centre-right,Christian democracy Conservatism,https://en.wikipedia.org/wiki/New_Slovenia
2018-02-05,New Slovenia,7.1,Centre-right,Christian democracy Conservatism,https://en.wikipedia.org/wiki/New_Slovenia
2018-02-06,New Slovenia,5.3,Centre-right,Christian democracy Conservatism,https://en.wikipedia.org/wiki/New_Slovenia
2018-02-11,New Slovenia,3.4,Centre-right,Christian democracy Conservatism,https://en.wikipedia.org/wiki/New_Slovenia
2018-02-15,New Slovenia,3.9,Centre-right,Christian democracy Conservatism,https://en.wikipedia.org/wiki/New_Slovenia
2018-02-25,New Slovenia,3.6,Centre-right,Christian democracy Conservatism,https://en.wikipedia.org/wiki/New_Slovenia
2018-03-08,New Slovenia,5.5,Centre-right,Christian democracy Conservatism,https://en.wikipedia.org/wiki/New_Slovenia
2018-03-14,New Slovenia,5.3,Centre-right,Christian democracy Conservatism,https://en.wikipedia.org/wiki/New_Slovenia
2018-03-15,New Slovenia,4.8,Centre-right,Christian democracy Conservatism,https://en.wikipedia.org/wiki/New_Slovenia
2018-03-25,New Slovenia,3.8,Centre-right,Christian democracy Conservatism,https://en.wikipedia.org/wiki/New_Slovenia
2018-04-03,New Slovenia,7.8,Centre-right,Christian democracy Conservatism,https://en.wikipedia.org/wiki/New_Slovenia
2018-04-05,New Slovenia,6.0,Centre-right,Christian democracy Conservatism,https://en.wikipedia.org/wiki/New_Slovenia
2018-04-11,New Slovenia,4.1,Centre-right,Christian democracy Conservatism,https://en.wikipedia.org/wiki/New_Slovenia
2018-04-22,New Slovenia,7.2,Centre-right,Christian democracy Conservatism,https://en.wikipedia.org/wiki/New_Slovenia
2018-04-22,New Slovenia,3.5,Centre-right,Christian democracy Conservatism,https://en.wikipedia.org/wiki/New_Slovenia
2018-05-05,New Slovenia,5.7,Centre-right,Christian democracy Conservatism,https://en.wikipedia.org/wiki/New_Slovenia
2018-05-07,New Slovenia,4.9,Centre-right,Christian democracy Conservatism,https://en.wikipedia.org/wiki/New_Slovenia
2018-05-09,New Slovenia,5.4,Centre-right,Christian democracy Conservatism,https://en.wikipedia.org/wiki/New_Slovenia
2018-05-10,New Slovenia,5.7,Centre-right,Christian democracy Conservatism,https://en.wikipedia.org/wiki/New_Slovenia
2018-05-10,New Slovenia,3.3,Centre-right,Christian democracy Conservatism,https://en.wikipedia.org/wiki/New_Slovenia
2018-05-15,New Slovenia,2.4,Centre-right,Christian democracy Conservatism,https://en.wikipedia.org/wiki/New_Slovenia
2018-05-17,New Slovenia,3.3,Centre-right,Christian democracy Conservatism,https://en.wikipedia.org/wiki/New_Slovenia
2018-05-17,New Slovenia,3.0,Centre-right,Christian democracy Conservatism,https://en.wikipedia.org/wiki/New_Slovenia
2018-05-17,New Slovenia,3.3,Centre-right,Christian democracy Conservatism,https://en.wikipedia.org/wiki/New_Slovenia
2018-05-20,New Slovenia,3.3,Centre-right,Christian democracy Conservatism,https://en.wikipedia.org/wiki/New_Slovenia
2018-05-22,New Slovenia,3.8,Centre-right,Christian democracy Conservatism,https://en.wikipedia.org/wiki/New_Slovenia
2018-05-22,New Slovenia,4.8,Centre-right,Christian democracy Conservatism,https://en.wikipedia.org/wiki/New_Slovenia
2018-05-22,New Slovenia,8.2,Centre-right,Christian democracy Conservatism,https://en.wikipedia.org/wiki/New_Slovenia
2018-05-23,New Slovenia,3.9,Centre-right,Christian democracy Conservatism,https://en.wikipedia.org/wiki/New_Slovenia
2018-05-25,New Slovenia,5.4,Centre-right,Christian democracy Conservatism,https://en.wikipedia.org/wiki/New_Slovenia
2018-05-25,New Slovenia,3.6,Centre-right,Christian democracy Conservatism,https://en.wikipedia.org/wiki/New_Slovenia
2018-05-27,New Slovenia,4.5,Centre-right,Christian democracy Conservatism,https://en.wikipedia.org/wiki/New_Slovenia
2018-05-29,New Slovenia,4.3,Centre-right,Christian democracy Conservatism,https://en.wikipedia.org/wiki/New_Slovenia
2018-05-29,New Slovenia,4.6,Centre-right,Christian democracy Conservatism,https://en.wikipedia.org/wiki/New_Slovenia
2018-05-29,New Slovenia,8.3,Centre-right,Christian democracy Conservatism,https://en.wikipedia.org/wiki/New_Slovenia
2018-05-30,New Slovenia,4.7,Centre-right,Christian democracy Conservatism,https://en.wikipedia.org/wiki/New_Slovenia
2018-05-31,New Slovenia,4.6,Centre-right,Christian democracy Conservatism,https://en.wikipedia.org/wiki/New_Slovenia
2018-05-31,New Slovenia,6.2,Centre-right,Christian democracy Conservatism,https://en.wikipedia.org/wiki/New_Slovenia
2018-05-31,New Slovenia,7.3,Centre-right,Christian democracy Conservatism,https://en.wikipedia.org/wiki/New_Slovenia
2018-05-31,New Slovenia,5.7,Centre-right,Christian democracy Conservatism,https://en.wikipedia.org/wiki/New_Slovenia
2018-06-03,New Slovenia,6.6,Centre-right,Christian democracy Conservatism,https://en.wikipedia.org/wiki/New_Slovenia
2018-06-03,New Slovenia,7.2,Centre-right,Christian democracy Conservatism,https://en.wikipedia.org/wiki/New_Slovenia
2018-06-03,New Slovenia,7.2,Centre-right,Christian democracy Conservatism,https://en.wikipedia.org/wiki/New_Slovenia
2018-06-06,New Slovenia,4.3,Centre-right,Christian democracy Conservatism,https://en.wikipedia.org/wiki/New_Slovenia
2018-06-14,New Slovenia,3.2,Centre-right,Christian democracy Conservatism,https://en.wikipedia.org/wiki/New_Slovenia
2018-06-20,New Slovenia,4.2,Centre-right,Christian democracy Conservatism,https://en.wikipedia.org/wiki/New_Slovenia
2018-07-12,New Slovenia,4.8,Centre-right,Christian democracy Conservatism,https://en.wikipedia.org/wiki/New_Slovenia
2018-08-15,New Slovenia,4.8,Centre-right,Christian democracy Conservatism,https://en.wikipedia.org/wiki/New_Slovenia
2018-08-26,New Slovenia,4.4,Centre-right,Christian democracy Conservatism,https://en.wikipedia.org/wiki/New_Slovenia
2018-09-06,New Slovenia,4.7,Centre-right,Christian democracy Conservatism,https://en.wikipedia.org/wiki/New_Slovenia
2018-09-13,New Slovenia,6.1,Centre-right,Christian democracy Conservatism,https://en.wikipedia.org/wiki/New_Slovenia
2018-09-23,New Slovenia,5.4,Centre-right,Christian democracy Conservatism,https://en.wikipedia.org/wiki/New_Slovenia
2018-10-11,New Slovenia,4.9,Centre-right,Christian democracy Conservatism,https://en.wikipedia.org/wiki/New_Slovenia
2018-11-20,New Slovenia,6.2,Centre-right,Christian democracy Conservatism,https://en.wikipedia.org/wiki/New_Slovenia
2018-11-22,New Slovenia,5.5,Centre-right,Christian democracy Conservatism,https://en.wikipedia.org/wiki/New_Slovenia
2018-12-06,New Slovenia,4.2,Centre-right,Christian democracy Conservatism,https://en.wikipedia.org/wiki/New_Slovenia
2018-12-13,New Slovenia,5.9,Centre-right,Christian democracy Conservatism,https://en.wikipedia.org/wiki/New_Slovenia
2019-01-10,New Slovenia,5.4,Centre-right,Christian democracy Conservatism,https://en.wikipedia.org/wiki/New_Slovenia
2019-01-10,New Slovenia,4.1,Centre-right,Christian democracy Conservatism,https://en.wikipedia.org/wiki/New_Slovenia
2019-02-06,New Slovenia,5.2,Centre-right,Christian democracy Conservatism,https://en.wikipedia.org/wiki/New_Slovenia
2019-02-14,New Slovenia,3.9,Centre-right,Christian democracy Conservatism,https://en.wikipedia.org/wiki/New_Slovenia
2019-03-07,New Slovenia,6.8,Centre-right,Christian democracy Conservatism,https://en.wikipedia.org/wiki/New_Slovenia
2019-03-14,New Slovenia,8.2,Centre-right,Christian democracy Conservatism,https://en.wikipedia.org/wiki/New_Slovenia
2019-04-04,New Slovenia,5.0,Centre-right,Christian democracy Conservatism,https://en.wikipedia.org/wiki/New_Slovenia
2019-04-11,New Slovenia,7.1,Centre-right,Christian democracy Conservatism,https://en.wikipedia.org/wiki/New_Slovenia
2019-05-16,New Slovenia,4.5,Centre-right,Christian democracy Conservatism,https://en.wikipedia.org/wiki/New_Slovenia
2019-05-23,New Slovenia,6.1,Centre-right,Christian democracy Conservatism,https://en.wikipedia.org/wiki/New_Slovenia
2019-06-13,New Slovenia,6.5,Centre-right,Christian democracy Conservatism,https://en.wikipedia.org/wiki/New_Slovenia
2019-07-11,New Slovenia,5.3,Centre-right,Christian democracy Conservatism,https://en.wikipedia.org/wiki/New_Slovenia
2019-07-11,New Slovenia,5.4,Centre-right,Christian democracy Conservatism,https://en.wikipedia.org/wiki/New_Slovenia
2019-08-08,New Slovenia,6.7,Centre-right,Christian democracy Conservatism,https://en.wikipedia.org/wiki/New_Slovenia
2019-08-14,New Slovenia,3.6,Centre-right,Christian democracy Conservatism,https://en.wikipedia.org/wiki/New_Slovenia
2019-08-25,New Slovenia,4.0,Centre-right,Christian democracy Conservatism,https://en.wikipedia.org/wiki/New_Slovenia
2019-09-05,New Slovenia,5.1,Centre-right,Christian democracy Conservatism,https://en.wikipedia.org/wiki/New_Slovenia
2019-09-12,New Slovenia,4.7,Centre-right,Christian democracy Conservatism,https://en.wikipedia.org/wiki/New_Slovenia
2019-09-22,New Slovenia,5.3,Centre-right,Christian democracy Conservatism,https://en.wikipedia.org/wiki/New_Slovenia
2019-10-10,New Slovenia,4.7,Centre-right,Christian democracy Conservatism,https://en.wikipedia.org/wiki/New_Slovenia
2019-10-17,New Slovenia,5.2,Centre-right,Christian democracy Conservatism,https://en.wikipedia.org/wiki/New_Slovenia
2019-11-07,New Slovenia,5.9,Centre-right,Christian democracy Conservatism,https://en.wikipedia.org/wiki/New_Slovenia
2019-11-07,New Slovenia,3.5,Centre-right,Christian democracy Conservatism,https://en.wikipedia.org/wiki/New_Slovenia
2019-11-14,New Slovenia,7.4,Centre-right,Christian democracy Conservatism,https://en.wikipedia.org/wiki/New_Slovenia
2019-11-24,New Slovenia,3.6,Centre-right,Christian democracy Conservatism,https://en.wikipedia.org/wiki/New_Slovenia
2019-12-05,New Slovenia,4.9,Centre-right,Christian democracy Conservatism,https://en.wikipedia.org/wiki/New_Slovenia
2019-12-05,New Slovenia,4.2,Centre-right,Christian democracy Conservatism,https://en.wikipedia.org/wiki/New_Slovenia
2019-12-12,New Slovenia,5.3,Centre-right,Christian democracy Conservatism,https://en.wikipedia.org/wiki/New_Slovenia
2020-01-09,New Slovenia,6.9,Centre-right,Christian democracy Conservatism,https://en.wikipedia.org/wiki/New_Slovenia
2020-01-16,New Slovenia,6.9,Centre-right,Christian democracy Conservatism,https://en.wikipedia.org/wiki/New_Slovenia
2020-01-16,New Slovenia,6.5,Centre-right,Christian democracy Conservatism,https://en.wikipedia.org/wiki/New_Slovenia
2020-01-29,New Slovenia,3.1,Centre-right,Christian democracy Conservatism,https://en.wikipedia.org/wiki/New_Slovenia
2020-02-03,New Slovenia,4.1,Centre-right,Christian democracy Conservatism,https://en.wikipedia.org/wiki/New_Slovenia
2020-02-05,New Slovenia,4.4,Centre-right,Christian democracy Conservatism,https://en.wikipedia.org/wiki/New_Slovenia
2020-02-13,New Slovenia,5.2,Centre-right,Christian democracy Conservatism,https://en.wikipedia.org/wiki/New_Slovenia
2020-02-13,New Slovenia,5.2,Centre-right,Christian democracy Conservatism,https://en.wikipedia.org/wiki/New_Slovenia
2020-02-20,New Slovenia,3.6,Centre-right,Christian democracy Conservatism,https://en.wikipedia.org/wiki/New_Slovenia
2020-02-28,New Slovenia,5.5,Centre-right,Christian democracy Conservatism,https://en.wikipedia.org/wiki/New_Slovenia
2020-03-05,New Slovenia,5.0,Centre-right,Christian democracy Conservatism,https://en.wikipedia.org/wiki/New_Slovenia
2020-03-12,New Slovenia,6.3,Centre-right,Christian democracy Conservatism,https://en.wikipedia.org/wiki/New_Slovenia
2020-03-19,New Slovenia,3.8,Centre-right,Christian democracy Conservatism,https://en.wikipedia.org/wiki/New_Slovenia
2020-04-09,New Slovenia,3.9,Centre-right,Christian democracy Conservatism,https://en.wikipedia.org/wiki/New_Slovenia
2020-04-16,New Slovenia,4.8,Centre-right,Christian democracy Conservatism,https://en.wikipedia.org/wiki/New_Slovenia
2020-05-08,New Slovenia,5.3,Centre-right,Christian democracy Conservatism,https://en.wikipedia.org/wiki/New_Slovenia
2020-05-08,New Slovenia,6.2,Centre-right,Christian democracy Conservatism,https://en.wikipedia.org/wiki/New_Slovenia
2020-05-13,New Slovenia,4.1,Centre-right,Christian democracy Conservatism,https://en.wikipedia.org/wiki/New_Slovenia
2020-05-21,New Slovenia,3.7,Centre-right,Christian democracy Conservatism,https://en.wikipedia.org/wiki/New_Slovenia
2020-05-22,New Slovenia,2.8,Centre-right,Christian democracy Conservatism,https://en.wikipedia.org/wiki/New_Slovenia
2020-06-04,New Slovenia,3.5,Centre-right,Christian democracy Conservatism,https://en.wikipedia.org/wiki/New_Slovenia
2020-06-11,New Slovenia,3.9,Centre-right,Christian democracy Conservatism,https://en.wikipedia.org/wiki/New_Slovenia
2020-06-17,New Slovenia,5.4,Centre-right,Christian democracy Conservatism,https://en.wikipedia.org/wiki/New_Slovenia
2020-07-02,New Slovenia,3.8,Centre-right,Christian democracy Conservatism,https://en.wikipedia.org/wiki/New_Slovenia
2020-07-09,New Slovenia,4.3,Centre-right,Christian democracy Conservatism,https://en.wikipedia.org/wiki/New_Slovenia
2020-07-16,New Slovenia,4.3,Centre-right,Christian democracy Conservatism,https://en.wikipedia.org/wiki/New_Slovenia
2020-08-06,New Slovenia,5.0,Centre-right,Christian democracy Conservatism,https://en.wikipedia.org/wiki/New_Slovenia
2020-08-13,New Slovenia,5.7,Centre-right,Christian democracy Conservatism,https://en.wikipedia.org/wiki/New_Slovenia
2020-08-24,New Slovenia,3.1,Centre-right,Christian democracy Conservatism,https://en.wikipedia.org/wiki/New_Slovenia
2020-08-24,New Slovenia,4.5,Centre-right,Christian democracy Conservatism,https://en.wikipedia.org/wiki/New_Slovenia
2020-09-10,New Slovenia,3.2,Centre-right,Christian democracy Conservatism,https://en.wikipedia.org/wiki/New_Slovenia
2020-09-17,New Slovenia,5.1,Centre-right,Christian democracy Conservatism,https://en.wikipedia.org/wiki/New_Slovenia
2020-09-18,New Slovenia,3.0,Centre-right,Christian democracy Conservatism,https://en.wikipedia.org/wiki/New_Slovenia
2020-09-28,New Slovenia,5.3,Centre-right,Christian democracy Conservatism,https://en.wikipedia.org/wiki/New_Slovenia
2020-10-08,New Slovenia,4.9,Centre-right,Christian democracy Conservatism,https://en.wikipedia.org/wiki/New_Slovenia
2020-10-15,New Slovenia,6.2,Centre-right,Christian democracy Conservatism,https://en.wikipedia.org/wiki/New_Slovenia
2020-11-04,New Slovenia,4.2,Centre-right,Christian democracy Conservatism,https://en.wikipedia.org/wiki/New_Slovenia
2020-11-05,New Slovenia,5.9,Centre-right,Christian democracy Conservatism,https://en.wikipedia.org/wiki/New_Slovenia
2020-11-12,New Slovenia,4.6,Centre-right,Christian democracy Conservatism,https://en.wikipedia.org/wiki/New_Slovenia
2020-11-23,New Slovenia,4.3,Centre-right,Christian democracy Conservatism,https://en.wikipedia.org/wiki/New_Slovenia
2020-12-09,New Slovenia,5.2,Centre-right,Christian democracy Conservatism,https://en.wikipedia.org/wiki/New_Slovenia
2020-12-09,New Slovenia,4.5,Centre-right,Christian democracy Conservatism,https://en.wikipedia.org/wiki/New_Slovenia
2020-12-17,New Slovenia,3.8,Centre-right,Christian democracy Conservatism,https://en.wikipedia.org/wiki/New_Slovenia
2020-12-23,New Slovenia,2.6,Centre-right,Christian democracy Conservatism,https://en.wikipedia.org/wiki/New_Slovenia
2021-01-07,New Slovenia,4.8,Centre-right,Christian democracy Conservatism,https://en.wikipedia.org/wiki/New_Slovenia
2021-01-14,New Slovenia,4.9,Centre-right,Christian democracy Conservatism,https://en.wikipedia.org/wiki/New_Slovenia
2021-01-25,New Slovenia,5.0,Centre-right,Christian democracy Conservatism,https://en.wikipedia.org/wiki/New_Slovenia
2021-01-28,New Slovenia,3.6,Centre-right,Christian democracy Conservatism,https://en.wikipedia.org/wiki/New_Slovenia
2021-02-11,New Slovenia,4.2,Centre-right,Christian democracy Conservatism,https://en.wikipedia.org/wiki/New_Slovenia
2021-02-11,New Slovenia,4.7,Centre-right,Christian democracy Conservatism,https://en.wikipedia.org/wiki/New_Slovenia
2021-03-01,New Slovenia,4.3,Centre-right,Christian democracy Conservatism,https://en.wikipedia.org/wiki/New_Slovenia
2021-03-04,New Slovenia,4.6,Centre-right,Christian democracy Conservatism,https://en.wikipedia.org/wiki/New_Slovenia
2021-03-11,New Slovenia,4.2,Centre-right,Christian democracy Conservatism,https://en.wikipedia.org/wiki/New_Slovenia
2021-03-12,New Slovenia,4.5,Centre-right,Christian democracy Conservatism,https://en.wikipedia.org/wiki/New_Slovenia
2021-03-25,New Slovenia,9.0,Centre-right,Christian democracy Conservatism,https://en.wikipedia.org/wiki/New_Slovenia
2021-03-29,New Slovenia,4.6,Centre-right,Christian democracy Conservatism,https://en.wikipedia.org/wiki/New_Slovenia
2021-04-08,New Slovenia,5.8,Centre-right,Christian democracy Conservatism,https://en.wikipedia.org/wiki/New_Slovenia
2021-04-14,New Slovenia,4.1,Centre-right,Christian democracy Conservatism,https://en.wikipedia.org/wiki/New_Slovenia
2021-04-15,New Slovenia,7.4,Centre-right,Christian democracy Conservatism,https://en.wikipedia.org/wiki/New_Slovenia
2021-04-26,New Slovenia,5.1,Centre-right,Christian democracy Conservatism,https://en.wikipedia.org/wiki/New_Slovenia
2021-05-05,New Slovenia,4.4,Centre-right,Christian democracy Conservatism,https://en.wikipedia.org/wiki/New_Slovenia
2021-05-13,New Slovenia,4.6,Centre-right,Christian democracy Conservatism,https://en.wikipedia.org/wiki/New_Slovenia
2021-05-13,New Slovenia,7.3,Centre-right,Christian democracy Conservatism,https://en.wikipedia.org/wiki/New_Slovenia
2021-05-24,New Slovenia,4.5,Centre-right,Christian democracy Conservatism,https://en.wikipedia.org/wiki/New_Slovenia
2021-05-26,New Slovenia,4.7,Centre-right,Christian democracy Conservatism,https://en.wikipedia.org/wiki/New_Slovenia
2021-06-15,New Slovenia,10.0,Centre-right,Christian democracy Conservatism,https://en.wikipedia.org/wiki/New_Slovenia
2021-06-18,New Slovenia,3.7,Centre-right,Christian democracy Conservatism,https://en.wikipedia.org/wiki/New_Slovenia
2021-09-02,New Slovenia,2.7,Centre-right,Christian democracy Conservatism,https://en.wikipedia.org/wiki/New_Slovenia
2021-09-30,New Slovenia,2.9,Centre-right,Christian democracy Conservatism,https://en.wikipedia.org/wiki/New_Slovenia
2021-10-15,New Slovenia,3.1,Centre-right,Christian democracy Conservatism,https://en.wikipedia.org/wiki/New_Slovenia
2021-11-04,New Slovenia,5.1,Centre-right,Christian democracy Conservatism,https://en.wikipedia.org/wiki/New_Slovenia
2021-11-16,New Slovenia,5.4,Centre-right,Christian democracy Conservatism,https://en.wikipedia.org/wiki/New_Slovenia
2021-12-02,New Slovenia,4.3,Centre-right,Christian democracy Conservatism,https://en.wikipedia.org/wiki/New_Slovenia
2021-12-07,New Slovenia,5.2,Centre-right,Christian democracy Conservatism,https://en.wikipedia.org/wiki/New_Slovenia
2021-12-16,New Slovenia,5.1,Centre-right,Christian democracy Conservatism,https://en.wikipedia.org/wiki/New_Slovenia
2021-12-29,New Slovenia,3.4,Centre-right,Christian democracy Conservatism,https://en.wikipedia.org/wiki/New_Slovenia
2022-01-06,New Slovenia,5.7,Centre-right,Christian democracy Conservatism,https://en.wikipedia.org/wiki/New_Slovenia
2022-01-13,New Slovenia,4.5,Centre-right,Christian democracy Conservatism,https://en.wikipedia.org/wiki/New_Slovenia
2022-01-27,New Slovenia,4.5,Centre-right,Christian democracy Conservatism,https://en.wikipedia.org/wiki/New_Slovenia
2022-01-28,New Slovenia,4.4,Centre-right,Christian democracy Conservatism,https://en.wikipedia.org/wiki/New_Slovenia
2022-02-03,New Slovenia,4.9,Centre-right,Christian democracy Conservatism,https://en.wikipedia.org/wiki/New_Slovenia
2022-02-10,New Slovenia,5.1,Centre-right,Christian democracy Conservatism,https://en.wikipedia.org/wiki/New_Slovenia
2022-02-10,New Slovenia,4.9,Centre-right,Christian democracy Conservatism,https://en.wikipedia.org/wiki/New_Slovenia
2022-02-16,New Slovenia,2.9,Centre-right,Christian democracy Conservatism,https://en.wikipedia.org/wiki/New_Slovenia
2022-02-23,New Slovenia,4.2,Centre-right,Christian democracy Conservatism,https://en.wikipedia.org/wiki/New_Slovenia
2022-02-24,New Slovenia,4.5,Centre-right,Christian democracy Conservatism,https://en.wikipedia.org/wiki/New_Slovenia
2022-02-25,New Slovenia,3.5,Centre-right,Christian democracy Conservatism,https://en.wikipedia.org/wiki/New_Slovenia
2022-03-03,New Slovenia,5.5,Centre-right,Christian democracy Conservatism,https://en.wikipedia.org/wiki/New_Slovenia
2022-03-10,New Slovenia,4.8,Centre-right,Christian democracy Conservatism,https://en.wikipedia.org/wiki/New_Slovenia
2022-03-10,New Slovenia,4.9,Centre-right,Christian democracy Conservatism,https://en.wikipedia.org/wiki/New_Slovenia
2022-03-17,New Slovenia,3.0,Centre-right,Christian democracy Conservatism,https://en.wikipedia.org/wiki/New_Slovenia
2022-03-23,New Slovenia,4.1,Centre-right,Christian democracy Conservatism,https://en.wikipedia.org/wiki/New_Slovenia
2022-03-24,New Slovenia,5.1,Centre-right,Christian democracy Conservatism,https://en.wikipedia.org/wiki/New_Slovenia
2022-03-24,New Slovenia,5.0,Centre-right,Christian democracy Conservatism,https://en.wikipedia.org/wiki/New_Slovenia
2022-03-31,New Slovenia,6.7,Centre-right,Christian democracy Conservatism,https://en.wikipedia.org/wiki/New_Slovenia
2022-03-31,New Slovenia,5.0,Centre-right,Christian democracy Conservatism,https://en.wikipedia.org/wiki/New_Slovenia
2022-04-01,New Slovenia,4.9,Centre-right,Christian democracy Conservatism,https://en.wikipedia.org/wiki/New_Slovenia
2022-04-06,New Slovenia,4.7,Centre-right,Christian democracy Conservatism,https://en.wikipedia.org/wiki/New_Slovenia
2022-04-07,New Slovenia,5.5,Centre-right,Christian democracy Conservatism,https://en.wikipedia.org/wiki/New_Slovenia
2022-04-07,New Slovenia,3.9,Centre-right,Christian democracy Conservatism,https://en.wikipedia.org/wiki/New_Slovenia
2022-04-13,New Slovenia,5.7,Centre-right,Christian democracy Conservatism,https://en.wikipedia.org/wiki/New_Slovenia
2022-04-13,New Slovenia,6.6,Centre-right,Christian democracy Conservatism,https://en.wikipedia.org/wiki/New_Slovenia
2022-04-14,New Slovenia,5.3,Centre-right,Christian democracy Conservatism,https://en.wikipedia.org/wiki/New_Slovenia
2022-04-14,New Slovenia,6.6,Centre-right,Christian democracy Conservatism,https://en.wikipedia.org/wiki/New_Slovenia
2022-04-15,New Slovenia,6.7,Centre-right,Christian democracy Conservatism,https://en.wikipedia.org/wiki/New_Slovenia
2022-04-15,New Slovenia,5.4,Centre-right,Christian democracy Conservatism,https://en.wikipedia.org/wiki/New_Slovenia
2022-04-16,New Slovenia,7.1,Centre-right,Christian democracy Conservatism,https://en.wikipedia.org/wiki/New_Slovenia
2022-04-19,New Slovenia,4.9,Centre-right,Christian democracy Conservatism,https://en.wikipedia.org/wiki/New_Slovenia
2022-04-19,New Slovenia,7.3,Centre-right,Christian democracy Conservatism,https://en.wikipedia.org/wiki/New_Slovenia
2022-04-20,New Slovenia,7.0,Centre-right,Christian democracy Conservatism,https://en.wikipedia.org/wiki/New_Slovenia
2022-04-21,New Slovenia,6.7,Centre-right,Christian democracy Conservatism,https://en.wikipedia.org/wiki/New_Slovenia
2022-04-21,New Slovenia,7.2,Centre-right,Christian democracy Conservatism,https://en.wikipedia.org/wiki/New_Slovenia
2022-04-21,New Slovenia,4.6,Centre-right,Christian democracy Conservatism,https://en.wikipedia.org/wiki/New_Slovenia
2022-04-22,New Slovenia,6.7,Centre-right,Christian democracy Conservatism,https://en.wikipedia.org/wiki/New_Slovenia
2022-04-24,New Slovenia,6.8,Centre-right,Christian democracy Conservatism,https://en.wikipedia.org/wiki/New_Slovenia
2022-04-24,New Slovenia,6.9,Centre-right,Christian democracy Conservatism,https://en.wikipedia.org/wiki/New_Slovenia
2021-05-13,Our Country,1.7,Centre [ citation needed ] to centre-right,Decentralization Pro-Europeanism Agrarianism,https://en.wikipedia.org/wiki/Our_Country_(Slovenia)
2021-05-26,Our Country,1.7,Centre [ citation needed ] to centre-right,Decentralization Pro-Europeanism Agrarianism,https://en.wikipedia.org/wiki/Our_Country_(Slovenia)
2021-06-15,Our Country,2.0,Centre [ citation needed ] to centre-right,Decentralization Pro-Europeanism Agrarianism,https://en.wikipedia.org/wiki/Our_Country_(Slovenia)
2021-06-18,Our Country,1.5,Centre [ citation needed ] to centre-right,Decentralization Pro-Europeanism Agrarianism,https://en.wikipedia.org/wiki/Our_Country_(Slovenia)
2021-09-02,Our Country,2.3,Centre [ citation needed ] to centre-right,Decentralization Pro-Europeanism Agrarianism,https://en.wikipedia.org/wiki/Our_Country_(Slovenia)
2021-09-30,Our Country,1.4,Centre [ citation needed ] to centre-right,Decentralization Pro-Europeanism Agrarianism,https://en.wikipedia.org/wiki/Our_Country_(Slovenia)
2021-10-15,Our Country,1.7,Centre [ citation needed ] to centre-right,Decentralization Pro-Europeanism Agrarianism,https://en.wikipedia.org/wiki/Our_Country_(Slovenia)
2021-11-04,Our Country,1.2,Centre [ citation needed ] to centre-right,Decentralization Pro-Europeanism Agrarianism,https://en.wikipedia.org/wiki/Our_Country_(Slovenia)
2021-11-16,Our Country,1.8,Centre [ citation needed ] to centre-right,Decentralization Pro-Europeanism Agrarianism,https://en.wikipedia.org/wiki/Our_Country_(Slovenia)
2021-12-02,Our Country,5.5,Centre [ citation needed ] to centre-right,Decentralization Pro-Europeanism Agrarianism,https://en.wikipedia.org/wiki/Our_Country_(Slovenia)
2021-12-07,Our Country,2.1,Centre [ citation needed ] to centre-right,Decentralization Pro-Europeanism Agrarianism,https://en.wikipedia.org/wiki/Our_Country_(Slovenia)
2021-12-16,Our Country,1.8,Centre [ citation needed ] to centre-right,Decentralization Pro-Europeanism Agrarianism,https://en.wikipedia.org/wiki/Our_Country_(Slovenia)
2021-12-29,Our Country,5.7,Centre [ citation needed ] to centre-right,Decentralization Pro-Europeanism Agrarianism,https://en.wikipedia.org/wiki/Our_Country_(Slovenia)
2022-01-06,Our Country,1.4,Centre [ citation needed ] to centre-right,Decentralization Pro-Europeanism Agrarianism,https://en.wikipedia.org/wiki/Our_Country_(Slovenia)
2022-01-13,Our Country,2.9,Centre [ citation needed ] to centre-right,Decentralization Pro-Europeanism Agrarianism,https://en.wikipedia.org/wiki/Our_Country_(Slovenia)
2022-01-27,Our Country,1.9,Centre [ citation needed ] to centre-right,Decentralization Pro-Europeanism Agrarianism,https://en.wikipedia.org/wiki/Our_Country_(Slovenia)
2022-01-28,Our Country,2.3,Centre [ citation needed ] to centre-right,Decentralization Pro-Europeanism Agrarianism,https://en.wikipedia.org/wiki/Our_Country_(Slovenia)
2022-02-03,Our Country,4.2,Centre [ citation needed ] to centre-right,Decentralization Pro-Europeanism Agrarianism,https://en.wikipedia.org/wiki/Our_Country_(Slovenia)
2022-02-10,Our Country,3.5,Centre [ citation needed ] to centre-right,Decentralization Pro-Europeanism Agrarianism,https://en.wikipedia.org/wiki/Our_Country_(Slovenia)
2022-02-10,Our Country,2.1,Centre [ citation needed ] to centre-right,Decentralization Pro-Europeanism Agrarianism,https://en.wikipedia.org/wiki/Our_Country_(Slovenia)
2022-02-16,Our Country,2.8,Centre [ citation needed ] to centre-right,Decentralization Pro-Europeanism Agrarianism,https://en.wikipedia.org/wiki/Our_Country_(Slovenia)
2022-02-23,Our Country,2.6,Centre [ citation needed ] to centre-right,Decentralization Pro-Europeanism Agrarianism,https://en.wikipedia.org/wiki/Our_Country_(Slovenia)
2022-02-24,Our Country,2.5,Centre [ citation needed ] to centre-right,Decentralization Pro-Europeanism Agrarianism,https://en.wikipedia.org/wiki/Our_Country_(Slovenia)
2022-02-25,Our Country,2.1,Centre [ citation needed ] to centre-right,Decentralization Pro-Europeanism Agrarianism,https://en.wikipedia.org/wiki/Our_Country_(Slovenia)
2022-03-03,Our Country,2.2,Centre [ citation needed ] to centre-right,Decentralization Pro-Europeanism Agrarianism,https://en.wikipedia.org/wiki/Our_Country_(Slovenia)
2022-03-10,Our Country,1.6,Centre [ citation needed ] to centre-right,Decentralization Pro-Europeanism Agrarianism,https://en.wikipedia.org/wiki/Our_Country_(Slovenia)
2022-03-10,Our Country,1.4,Centre [ citation needed ] to centre-right,Decentralization Pro-Europeanism Agrarianism,https://en.wikipedia.org/wiki/Our_Country_(Slovenia)
2022-03-17,Our Country,1.6,Centre [ citation needed ] to centre-right,Decentralization Pro-Europeanism Agrarianism,https://en.wikipedia.org/wiki/Our_Country_(Slovenia)
2022-03-23,Our Country,1.0,Centre [ citation needed ] to centre-right,Decentralization Pro-Europeanism Agrarianism,https://en.wikipedia.org/wiki/Our_Country_(Slovenia)
2022-03-24,Our Country,1.3,Centre [ citation needed ] to centre-right,Decentralization Pro-Europeanism Agrarianism,https://en.wikipedia.org/wiki/Our_Country_(Slovenia)
2022-03-24,Our Country,1.9,Centre [ citation needed ] to centre-right,Decentralization Pro-Europeanism Agrarianism,https://en.wikipedia.org/wiki/Our_Country_(Slovenia)
2022-03-31,Our Country,1.4,Centre [ citation needed ] to centre-right,Decentralization Pro-Europeanism Agrarianism,https://en.wikipedia.org/wiki/Our_Country_(Slovenia)
2022-03-31,Our Country,1.9,Centre [ citation needed ] to centre-right,Decentralization Pro-Europeanism Agrarianism,https://en.wikipedia.org/wiki/Our_Country_(Slovenia)
2022-04-01,Our Country,3.1,Centre [ citation needed ] to centre-right,Decentralization Pro-Europeanism Agrarianism,https://en.wikipedia.org/wiki/Our_Country_(Slovenia)
2022-04-06,Our Country,2.0,Centre [ citation needed ] to centre-right,Decentralization Pro-Europeanism Agrarianism,https://en.wikipedia.org/wiki/Our_Country_(Slovenia)
2022-04-07,Our Country,2.4,Centre [ citation needed ] to centre-right,Decentralization Pro-Europeanism Agrarianism,https://en.wikipedia.org/wiki/Our_Country_(Slovenia)
2022-04-07,Our Country,1.5,Centre [ citation needed ] to centre-right,Decentralization Pro-Europeanism Agrarianism,https://en.wikipedia.org/wiki/Our_Country_(Slovenia)
2022-04-13,Our Country,2.3,Centre [ citation needed ] to centre-right,Decentralization Pro-Europeanism Agrarianism,https://en.wikipedia.org/wiki/Our_Country_(Slovenia)
2022-04-13,Our Country,1.3,Centre [ citation needed ] to centre-right,Decentralization Pro-Europeanism Agrarianism,https://en.wikipedia.org/wiki/Our_Country_(Slovenia)
2022-04-14,Our Country,2.3,Centre [ citation needed ] to centre-right,Decentralization Pro-Europeanism Agrarianism,https://en.wikipedia.org/wiki/Our_Country_(Slovenia)
2022-04-14,Our Country,1.5,Centre [ citation needed ] to centre-right,Decentralization Pro-Europeanism Agrarianism,https://en.wikipedia.org/wiki/Our_Country_(Slovenia)
2022-04-15,Our Country,1.5,Centre [ citation needed ] to centre-right,Decentralization Pro-Europeanism Agrarianism,https://en.wikipedia.org/wiki/Our_Country_(Slovenia)
2022-04-15,Our Country,2.3,Centre [ citation needed ] to centre-right,Decentralization Pro-Europeanism Agrarianism,https://en.wikipedia.org/wiki/Our_Country_(Slovenia)
2022-04-16,Our Country,1.2,Centre [ citation needed ] to centre-right,Decentralization Pro-Europeanism Agrarianism,https://en.wikipedia.org/wiki/Our_Country_(Slovenia)
2022-04-19,Our Country,2.0,Centre [ citation needed ] to centre-right,Decentralization Pro-Europeanism Agrarianism,https://en.wikipedia.org/wiki/Our_Country_(Slovenia)
2022-04-19,Our Country,1.0,Centre [ citation needed ] to centre-right,Decentralization Pro-Europeanism Agrarianism,https://en.wikipedia.org/wiki/Our_Country_(Slovenia)
2022-04-20,Our Country,1.5,Centre [ citation needed ] to centre-right,Decentralization Pro-Europeanism Agrarianism,https://en.wikipedia.org/wiki/Our_Country_(Slovenia)
2022-04-21,Our Country,1.9,Centre [ citation needed ] to centre-right,Decentralization Pro-Europeanism Agrarianism,https://en.wikipedia.org/wiki/Our_Country_(Slovenia)
2022-04-21,Our Country,1.3,Centre [ citation needed ] to centre-right,Decentralization Pro-Europeanism Agrarianism,https://en.wikipedia.org/wiki/Our_Country_(Slovenia)
2022-04-21,Our Country,1.5,Centre [ citation needed ] to centre-right,Decentralization Pro-Europeanism Agrarianism,https://en.wikipedia.org/wiki/Our_Country_(Slovenia)
2022-04-22,Our Country,1.7,Centre [ citation needed ] to centre-right,Decentralization Pro-Europeanism Agrarianism,https://en.wikipedia.org/wiki/Our_Country_(Slovenia)
2022-04-24,Our Country,1.8,Centre [ citation needed ] to centre-right,Decentralization Pro-Europeanism Agrarianism,https://en.wikipedia.org/wiki/Our_Country_(Slovenia)
2022-04-24,Our Country,1.5,Centre [ citation needed ] to centre-right,Decentralization Pro-Europeanism Agrarianism,https://en.wikipedia.org/wiki/Our_Country_(Slovenia)
2022-01-06,Our Future,1.1,Centre,,https://en.wikipedia.org/wiki/Our_Future_(political_party)
2022-01-13,Our Future,1.1,Centre,,https://en.wikipedia.org/wiki/Our_Future_(political_party)
2022-01-27,Our Future,0.2,Centre,,https://en.wikipedia.org/wiki/Our_Future_(political_party)
2022-01-28,Our Future,1.0,Centre,,https://en.wikipedia.org/wiki/Our_Future_(political_party)
2022-02-03,Our Future,1.3,Centre,,https://en.wikipedia.org/wiki/Our_Future_(political_party)
2022-02-10,Our Future,0.9,Centre,,https://en.wikipedia.org/wiki/Our_Future_(political_party)
2022-02-10,Our Future,0.9,Centre,,https://en.wikipedia.org/wiki/Our_Future_(political_party)
2022-02-16,Our Future,0.8,Centre,,https://en.wikipedia.org/wiki/Our_Future_(political_party)
2022-02-23,Our Future,0.4,Centre,,https://en.wikipedia.org/wiki/Our_Future_(political_party)
2022-02-24,Our Future,0.3,Centre,,https://en.wikipedia.org/wiki/Our_Future_(political_party)
2022-02-25,Our Future,0.9,Centre,,https://en.wikipedia.org/wiki/Our_Future_(political_party)
2022-03-03,Our Future,0.4,Centre,,https://en.wikipedia.org/wiki/Our_Future_(political_party)
2022-03-10,Our Future,0.7,Centre,,https://en.wikipedia.org/wiki/Our_Future_(political_party)
2022-03-10,Our Future,0.4,Centre,,https://en.wikipedia.org/wiki/Our_Future_(political_party)
2022-03-17,Our Future,0.1,Centre,,https://en.wikipedia.org/wiki/Our_Future_(political_party)
2022-03-23,Our Future,0.6,Centre,,https://en.wikipedia.org/wiki/Our_Future_(political_party)
2022-03-24,Our Future,0.1,Centre,,https://en.wikipedia.org/wiki/Our_Future_(political_party)
2022-03-31,Our Future,1.1,Centre,,https://en.wikipedia.org/wiki/Our_Future_(political_party)
2022-04-01,Our Future,0.4,Centre,,https://en.wikipedia.org/wiki/Our_Future_(political_party)
2022-04-06,Our Future,1.3,Centre,,https://en.wikipedia.org/wiki/Our_Future_(political_party)
2022-04-07,Our Future,1.2,Centre,,https://en.wikipedia.org/wiki/Our_Future_(political_party)
2022-04-07,Our Future,0.8,Centre,,https://en.wikipedia.org/wiki/Our_Future_(political_party)
2022-04-13,Our Future,0.7,Centre,,https://en.wikipedia.org/wiki/Our_Future_(political_party)
2022-04-13,Our Future,0.7,Centre,,https://en.wikipedia.org/wiki/Our_Future_(political_party)
2022-04-14,Our Future,1.1,Centre,,https://en.wikipedia.org/wiki/Our_Future_(political_party)
2022-04-14,Our Future,0.6,Centre,,https://en.wikipedia.org/wiki/Our_Future_(political_party)
2022-04-15,Our Future,0.2,Centre,,https://en.wikipedia.org/wiki/Our_Future_(political_party)
2022-04-15,Our Future,0.9,Centre,,https://en.wikipedia.org/wiki/Our_Future_(political_party)
2022-04-16,Our Future,0.5,Centre,,https://en.wikipedia.org/wiki/Our_Future_(political_party)
2022-04-19,Our Future,0.5,Centre,,https://en.wikipedia.org/wiki/Our_Future_(political_party)
2022-04-19,Our Future,1.3,Centre,,https://en.wikipedia.org/wiki/Our_Future_(political_party)
2022-04-20,Our Future,1.9,Centre,,https://en.wikipedia.org/wiki/Our_Future_(political_party)
2022-04-21,Our Future,2.1,Centre,,https://en.wikipedia.org/wiki/Our_Future_(political_party)
2022-04-21,Our Future,1.0,Centre,,https://en.wikipedia.org/wiki/Our_Future_(political_party)
2022-04-21,Our Future,0.6,Centre,,https://en.wikipedia.org/wiki/Our_Future_(political_party)
2022-04-22,Our Future,1.2,Centre,,https://en.wikipedia.org/wiki/Our_Future_(political_party)
2022-04-24,Our Future,1.6,Centre,,https://en.wikipedia.org/wiki/Our_Future_(political_party)
2022-04-24,Our Future,1.7,Centre,,https://en.wikipedia.org/wiki/Our_Future_(political_party)
2014-07-13,Party of Alenka Bratušek,4.4,Centre to centre-left,Social liberalism Pro-Europeanism,https://en.wikipedia.org/wiki/Party_of_Alenka_Bratu%C5%A1ek
2014-08-07,Party of Alenka Bratušek,2.0,Centre to centre-left,Social liberalism Pro-Europeanism,https://en.wikipedia.org/wiki/Party_of_Alenka_Bratu%C5%A1ek
2014-09-11,Party of Alenka Bratušek,1.3,Centre to centre-left,Social liberalism Pro-Europeanism,https://en.wikipedia.org/wiki/Party_of_Alenka_Bratu%C5%A1ek
2014-09-11,Party of Alenka Bratušek,0.3,Centre to centre-left,Social liberalism Pro-Europeanism,https://en.wikipedia.org/wiki/Party_of_Alenka_Bratu%C5%A1ek
2014-09-28,Party of Alenka Bratušek,0.9,Centre to centre-left,Social liberalism Pro-Europeanism,https://en.wikipedia.org/wiki/Party_of_Alenka_Bratu%C5%A1ek
2014-10-09,Party of Alenka Bratušek,1.1,Centre to centre-left,Social liberalism Pro-Europeanism,https://en.wikipedia.org/wiki/Party_of_Alenka_Bratu%C5%A1ek
2014-10-26,Party of Alenka Bratušek,0.5,Centre to centre-left,Social liberalism Pro-Europeanism,https://en.wikipedia.org/wiki/Party_of_Alenka_Bratu%C5%A1ek
2014-11-05,Party of Alenka Bratušek,0.8,Centre to centre-left,Social liberalism Pro-Europeanism,https://en.wikipedia.org/wiki/Party_of_Alenka_Bratu%C5%A1ek
2014-11-20,Party of Alenka Bratušek,0.4,Centre to centre-left,Social liberalism Pro-Europeanism,https://en.wikipedia.org/wiki/Party_of_Alenka_Bratu%C5%A1ek
2014-11-20,Party of Alenka Bratušek,0.7,Centre to centre-left,Social liberalism Pro-Europeanism,https://en.wikipedia.org/wiki/Party_of_Alenka_Bratu%C5%A1ek
2014-12-04,Party of Alenka Bratušek,1.1,Centre to centre-left,Social liberalism Pro-Europeanism,https://en.wikipedia.org/wiki/Party_of_Alenka_Bratu%C5%A1ek
2014-12-21,Party of Alenka Bratušek,1.5,Centre to centre-left,Social liberalism Pro-Europeanism,https://en.wikipedia.org/wiki/Party_of_Alenka_Bratu%C5%A1ek
2015-01-08,Party of Alenka Bratušek,0.3,Centre to centre-left,Social liberalism Pro-Europeanism,https://en.wikipedia.org/wiki/Party_of_Alenka_Bratu%C5%A1ek
2015-01-21,Party of Alenka Bratušek,0.5,Centre to centre-left,Social liberalism Pro-Europeanism,https://en.wikipedia.org/wiki/Party_of_Alenka_Bratu%C5%A1ek
2015-02-05,Party of Alenka Bratušek,1.0,Centre to centre-left,Social liberalism Pro-Europeanism,https://en.wikipedia.org/wiki/Party_of_Alenka_Bratu%C5%A1ek
2015-02-12,Party of Alenka Bratušek,0.7,Centre to centre-left,Social liberalism Pro-Europeanism,https://en.wikipedia.org/wiki/Party_of_Alenka_Bratu%C5%A1ek
2015-03-12,Party of Alenka Bratušek,0.2,Centre to centre-left,Social liberalism Pro-Europeanism,https://en.wikipedia.org/wiki/Party_of_Alenka_Bratu%C5%A1ek
2015-04-02,Party of Alenka Bratušek,0.6,Centre to centre-left,Social liberalism Pro-Europeanism,https://en.wikipedia.org/wiki/Party_of_Alenka_Bratu%C5%A1ek
2015-04-16,Party of Alenka Bratušek,0.8,Centre to centre-left,Social liberalism Pro-Europeanism,https://en.wikipedia.org/wiki/Party_of_Alenka_Bratu%C5%A1ek
2015-05-07,Party of Alenka Bratušek,0.5,Centre to centre-left,Social liberalism Pro-Europeanism,https://en.wikipedia.org/wiki/Party_of_Alenka_Bratu%C5%A1ek
2015-05-14,Party of Alenka Bratušek,0.5,Centre to centre-left,Social liberalism Pro-Europeanism,https://en.wikipedia.org/wiki/Party_of_Alenka_Bratu%C5%A1ek
2015-06-05,Party of Alenka Bratušek,0.3,Centre to centre-left,Social liberalism Pro-Europeanism,https://en.wikipedia.org/wiki/Party_of_Alenka_Bratu%C5%A1ek
2015-07-02,Party of Alenka Bratušek,0.6,Centre to centre-left,Social liberalism Pro-Europeanism,https://en.wikipedia.org/wiki/Party_of_Alenka_Bratu%C5%A1ek
2015-07-15,Party of Alenka Bratušek,0.2,Centre to centre-left,Social liberalism Pro-Europeanism,https://en.wikipedia.org/wiki/Party_of_Alenka_Bratu%C5%A1ek
2015-08-06,Party of Alenka Bratušek,0.4,Centre to centre-left,Social liberalism Pro-Europeanism,https://en.wikipedia.org/wiki/Party_of_Alenka_Bratu%C5%A1ek
2015-08-13,Party of Alenka Bratušek,0.6,Centre to centre-left,Social liberalism Pro-Europeanism,https://en.wikipedia.org/wiki/Party_of_Alenka_Bratu%C5%A1ek
2015-09-03,Party of Alenka Bratušek,0.2,Centre to centre-left,Social liberalism Pro-Europeanism,https://en.wikipedia.org/wiki/Party_of_Alenka_Bratu%C5%A1ek
2015-10-07,Party of Alenka Bratušek,0.1,Centre to centre-left,Social liberalism Pro-Europeanism,https://en.wikipedia.org/wiki/Party_of_Alenka_Bratu%C5%A1ek
2015-10-14,Party of Alenka Bratušek,0.2,Centre to centre-left,Social liberalism Pro-Europeanism,https://en.wikipedia.org/wiki/Party_of_Alenka_Bratu%C5%A1ek
2015-10-30,Party of Alenka Bratušek,0.4,Centre to centre-left,Social liberalism Pro-Europeanism,https://en.wikipedia.org/wiki/Party_of_Alenka_Bratu%C5%A1ek
2015-11-05,Party of Alenka Bratušek,0.3,Centre to centre-left,Social liberalism Pro-Europeanism,https://en.wikipedia.org/wiki/Party_of_Alenka_Bratu%C5%A1ek
2015-11-19,Party of Alenka Bratušek,0.4,Centre to centre-left,Social liberalism Pro-Europeanism,https://en.wikipedia.org/wiki/Party_of_Alenka_Bratu%C5%A1ek
2015-12-06,Party of Alenka Bratušek,0.8,Centre to centre-left,Social liberalism Pro-Europeanism,https://en.wikipedia.org/wiki/Party_of_Alenka_Bratu%C5%A1ek
2015-12-17,Party of Alenka Bratušek,0.1,Centre to centre-left,Social liberalism Pro-Europeanism,https://en.wikipedia.org/wiki/Party_of_Alenka_Bratu%C5%A1ek
2016-01-07,Party of Alenka Bratušek,0.2,Centre to centre-left,Social liberalism Pro-Europeanism,https://en.wikipedia.org/wiki/Party_of_Alenka_Bratu%C5%A1ek
2016-01-18,Party of Alenka Bratušek,0.3,Centre to centre-left,Social liberalism Pro-Europeanism,https://en.wikipedia.org/wiki/Party_of_Alenka_Bratu%C5%A1ek
2016-02-04,Party of Alenka Bratušek,0.1,Centre to centre-left,Social liberalism Pro-Europeanism,https://en.wikipedia.org/wiki/Party_of_Alenka_Bratu%C5%A1ek
2016-02-18,Party of Alenka Bratušek,0.2,Centre to centre-left,Social liberalism Pro-Europeanism,https://en.wikipedia.org/wiki/Party_of_Alenka_Bratu%C5%A1ek
2016-03-17,Party of Alenka Bratušek,0.2,Centre to centre-left,Social liberalism Pro-Europeanism,https://en.wikipedia.org/wiki/Party_of_Alenka_Bratu%C5%A1ek
2016-05-19,Party of Alenka Bratušek,0.1,Centre to centre-left,Social liberalism Pro-Europeanism,https://en.wikipedia.org/wiki/Party_of_Alenka_Bratu%C5%A1ek
2016-06-02,Party of Alenka Bratušek,0.9,Centre to centre-left,Social liberalism Pro-Europeanism,https://en.wikipedia.org/wiki/Party_of_Alenka_Bratu%C5%A1ek
2016-06-15,Party of Alenka Bratušek,0.8,Centre to centre-left,Social liberalism Pro-Europeanism,https://en.wikipedia.org/wiki/Party_of_Alenka_Bratu%C5%A1ek
2016-07-07,Party of Alenka Bratušek,0.1,Centre to centre-left,Social liberalism Pro-Europeanism,https://en.wikipedia.org/wiki/Party_of_Alenka_Bratu%C5%A1ek
2016-07-14,Party of Alenka Bratušek,0.2,Centre to centre-left,Social liberalism Pro-Europeanism,https://en.wikipedia.org/wiki/Party_of_Alenka_Bratu%C5%A1ek
2016-08-02,Party of Alenka Bratušek,0.7,Centre to centre-left,Social liberalism Pro-Europeanism,https://en.wikipedia.org/wiki/Party_of_Alenka_Bratu%C5%A1ek
2016-08-18,Party of Alenka Bratušek,0.3,Centre to centre-left,Social liberalism Pro-Europeanism,https://en.wikipedia.org/wiki/Party_of_Alenka_Bratu%C5%A1ek
2016-09-08,Party of Alenka Bratušek,0.4,Centre to centre-left,Social liberalism Pro-Europeanism,https://en.wikipedia.org/wiki/Party_of_Alenka_Bratu%C5%A1ek
2016-10-03,Party of Alenka Bratušek,0.5,Centre to centre-left,Social liberalism Pro-Europeanism,https://en.wikipedia.org/wiki/Party_of_Alenka_Bratu%C5%A1ek
2016-10-13,Party of Alenka Bratušek,0.9,Centre to centre-left,Social liberalism Pro-Europeanism,https://en.wikipedia.org/wiki/Party_of_Alenka_Bratu%C5%A1ek
2016-10-29,Party of Alenka Bratušek,0.6,Centre to centre-left,Social liberalism Pro-Europeanism,https://en.wikipedia.org/wiki/Party_of_Alenka_Bratu%C5%A1ek
2016-11-03,Party of Alenka Bratušek,0.7,Centre to centre-left,Social liberalism Pro-Europeanism,https://en.wikipedia.org/wiki/Party_of_Alenka_Bratu%C5%A1ek
2016-11-10,Party of Alenka Bratušek,0.4,Centre to centre-left,Social liberalism Pro-Europeanism,https://en.wikipedia.org/wiki/Party_of_Alenka_Bratu%C5%A1ek
2016-11-27,Party of Alenka Bratušek,0.7,Centre to centre-left,Social liberalism Pro-Europeanism,https://en.wikipedia.org/wiki/Party_of_Alenka_Bratu%C5%A1ek
2016-12-02,Party of Alenka Bratušek,0.5,Centre to centre-left,Social liberalism Pro-Europeanism,https://en.wikipedia.org/wiki/Party_of_Alenka_Bratu%C5%A1ek
2016-12-02,Party of Alenka Bratušek,0.9,Centre to centre-left,Social liberalism Pro-Europeanism,https://en.wikipedia.org/wiki/Party_of_Alenka_Bratu%C5%A1ek
2016-12-23,Party of Alenka Bratušek,0.3,Centre to centre-left,Social liberalism Pro-Europeanism,https://en.wikipedia.org/wiki/Party_of_Alenka_Bratu%C5%A1ek
2017-01-04,Party of Alenka Bratušek,0.2,Centre to centre-left,Social liberalism Pro-Europeanism,https://en.wikipedia.org/wiki/Party_of_Alenka_Bratu%C5%A1ek
2017-01-08,Party of Alenka Bratušek,1.5,Centre to centre-left,Social liberalism Pro-Europeanism,https://en.wikipedia.org/wiki/Party_of_Alenka_Bratu%C5%A1ek
2017-01-22,Party of Alenka Bratušek,0.8,Centre to centre-left,Social liberalism Pro-Europeanism,https://en.wikipedia.org/wiki/Party_of_Alenka_Bratu%C5%A1ek
2017-02-03,Party of Alenka Bratušek,0.4,Centre to centre-left,Social liberalism Pro-Europeanism,https://en.wikipedia.org/wiki/Party_of_Alenka_Bratu%C5%A1ek
2017-02-09,Party of Alenka Bratušek,1.2,Centre to centre-left,Social liberalism Pro-Europeanism,https://en.wikipedia.org/wiki/Party_of_Alenka_Bratu%C5%A1ek
2017-03-02,Party of Alenka Bratušek,0.7,Centre to centre-left,Social liberalism Pro-Europeanism,https://en.wikipedia.org/wiki/Party_of_Alenka_Bratu%C5%A1ek
2017-03-09,Party of Alenka Bratušek,0.5,Centre to centre-left,Social liberalism Pro-Europeanism,https://en.wikipedia.org/wiki/Party_of_Alenka_Bratu%C5%A1ek
2017-03-24,Party of Alenka Bratušek,0.7,Centre to centre-left,Social liberalism Pro-Europeanism,https://en.wikipedia.org/wiki/Party_of_Alenka_Bratu%C5%A1ek
2017-04-13,Party of Alenka Bratušek,1.9,Centre to centre-left,Social liberalism Pro-Europeanism,https://en.wikipedia.org/wiki/Party_of_Alenka_Bratu%C5%A1ek
2017-04-20,Party of Alenka Bratušek,0.2,Centre to centre-left,Social liberalism Pro-Europeanism,https://en.wikipedia.org/wiki/Party_of_Alenka_Bratu%C5%A1ek
2017-04-21,Party of Alenka Bratušek,0.2,Centre to centre-left,Social liberalism Pro-Europeanism,https://en.wikipedia.org/wiki/Party_of_Alenka_Bratu%C5%A1ek
2017-05-12,Party of Alenka Bratušek,0.2,Centre to centre-left,Social liberalism Pro-Europeanism,https://en.wikipedia.org/wiki/Party_of_Alenka_Bratu%C5%A1ek
2017-06-02,Party of Alenka Bratušek,0.6,Centre to centre-left,Social liberalism Pro-Europeanism,https://en.wikipedia.org/wiki/Party_of_Alenka_Bratu%C5%A1ek
2017-06-25,Party of Alenka Bratušek,1.1,Centre to centre-left,Social liberalism Pro-Europeanism,https://en.wikipedia.org/wiki/Party_of_Alenka_Bratu%C5%A1ek
2017-07-06,Party of Alenka Bratušek,0.8,Centre to centre-left,Social liberalism Pro-Europeanism,https://en.wikipedia.org/wiki/Party_of_Alenka_Bratu%C5%A1ek
2017-07-13,Party of Alenka Bratušek,2.2,Centre to centre-left,Social liberalism Pro-Europeanism,https://en.wikipedia.org/wiki/Party_of_Alenka_Bratu%C5%A1ek
2017-07-21,Party of Alenka Bratušek,0.1,Centre to centre-left,Social liberalism Pro-Europeanism,https://en.wikipedia.org/wiki/Party_of_Alenka_Bratu%C5%A1ek
2017-08-11,Party of Alenka Bratušek,0.9,Centre to centre-left,Social liberalism Pro-Europeanism,https://en.wikipedia.org/wiki/Party_of_Alenka_Bratu%C5%A1ek
2017-08-26,Party of Alenka Bratušek,0.2,Centre to centre-left,Social liberalism Pro-Europeanism,https://en.wikipedia.org/wiki/Party_of_Alenka_Bratu%C5%A1ek
2017-09-13,Party of Alenka Bratušek,0.8,Centre to centre-left,Social liberalism Pro-Europeanism,https://en.wikipedia.org/wiki/Party_of_Alenka_Bratu%C5%A1ek
2017-10-06,Party of Alenka Bratušek,0.3,Centre to centre-left,Social liberalism Pro-Europeanism,https://en.wikipedia.org/wiki/Party_of_Alenka_Bratu%C5%A1ek
2017-11-08,Party of Alenka Bratušek,0.2,Centre to centre-left,Social liberalism Pro-Europeanism,https://en.wikipedia.org/wiki/Party_of_Alenka_Bratu%C5%A1ek
2017-11-11,Party of Alenka Bratušek,1.1,Centre to centre-left,Social liberalism Pro-Europeanism,https://en.wikipedia.org/wiki/Party_of_Alenka_Bratu%C5%A1ek
2017-12-25,Party of Alenka Bratušek,1.9,Centre to centre-left,Social liberalism Pro-Europeanism,https://en.wikipedia.org/wiki/Party_of_Alenka_Bratu%C5%A1ek
2018-01-06,Party of Alenka Bratušek,1.2,Centre to centre-left,Social liberalism Pro-Europeanism,https://en.wikipedia.org/wiki/Party_of_Alenka_Bratu%C5%A1ek
2018-01-11,Party of Alenka Bratušek,0.9,Centre to centre-left,Social liberalism Pro-Europeanism,https://en.wikipedia.org/wiki/Party_of_Alenka_Bratu%C5%A1ek
2018-01-28,Party of Alenka Bratušek,0.9,Centre to centre-left,Social liberalism Pro-Europeanism,https://en.wikipedia.org/wiki/Party_of_Alenka_Bratu%C5%A1ek
2018-02-05,Party of Alenka Bratušek,2.2,Centre to centre-left,Social liberalism Pro-Europeanism,https://en.wikipedia.org/wiki/Party_of_Alenka_Bratu%C5%A1ek
2018-02-06,Party of Alenka Bratušek,1.7,Centre to centre-left,Social liberalism Pro-Europeanism,https://en.wikipedia.org/wiki/Party_of_Alenka_Bratu%C5%A1ek
2018-02-11,Party of Alenka Bratušek,1.2,Centre to centre-left,Social liberalism Pro-Europeanism,https://en.wikipedia.org/wiki/Party_of_Alenka_Bratu%C5%A1ek
2018-02-25,Party of Alenka Bratušek,1.0,Centre to centre-left,Social liberalism Pro-Europeanism,https://en.wikipedia.org/wiki/Party_of_Alenka_Bratu%C5%A1ek
2018-03-08,Party of Alenka Bratušek,1.6,Centre to centre-left,Social liberalism Pro-Europeanism,https://en.wikipedia.org/wiki/Party_of_Alenka_Bratu%C5%A1ek
2018-03-14,Party of Alenka Bratušek,1.2,Centre to centre-left,Social liberalism Pro-Europeanism,https://en.wikipedia.org/wiki/Party_of_Alenka_Bratu%C5%A1ek
2018-03-15,Party of Alenka Bratušek,0.2,Centre to centre-left,Social liberalism Pro-Europeanism,https://en.wikipedia.org/wiki/Party_of_Alenka_Bratu%C5%A1ek
2018-03-25,Party of Alenka Bratušek,1.8,Centre to centre-left,Social liberalism Pro-Europeanism,https://en.wikipedia.org/wiki/Party_of_Alenka_Bratu%C5%A1ek
2018-04-03,Party of Alenka Bratušek,2.3,Centre to centre-left,Social liberalism Pro-Europeanism,https://en.wikipedia.org/wiki/Party_of_Alenka_Bratu%C5%A1ek
2018-04-05,Party of Alenka Bratušek,2.6,Centre to centre-left,Social liberalism Pro-Europeanism,https://en.wikipedia.org/wiki/Party_of_Alenka_Bratu%C5%A1ek
2018-04-11,Party of Alenka Bratušek,0.2,Centre to centre-left,Social liberalism Pro-Europeanism,https://en.wikipedia.org/wiki/Party_of_Alenka_Bratu%C5%A1ek
2018-04-22,Party of Alenka Bratušek,3.5,Centre to centre-left,Social liberalism Pro-Europeanism,https://en.wikipedia.org/wiki/Party_of_Alenka_Bratu%C5%A1ek
2018-04-22,Party of Alenka Bratušek,1.7,Centre to centre-left,Social liberalism Pro-Europeanism,https://en.wikipedia.org/wiki/Party_of_Alenka_Bratu%C5%A1ek
2018-05-05,Party of Alenka Bratušek,3.0,Centre to centre-left,Social liberalism Pro-Europeanism,https://en.wikipedia.org/wiki/Party_of_Alenka_Bratu%C5%A1ek
2018-05-07,Party of Alenka Bratušek,2.8,Centre to centre-left,Social liberalism Pro-Europeanism,https://en.wikipedia.org/wiki/Party_of_Alenka_Bratu%C5%A1ek
2018-05-09,Party of Alenka Bratušek,2.3,Centre to centre-left,Social liberalism Pro-Europeanism,https://en.wikipedia.org/wiki/Party_of_Alenka_Bratu%C5%A1ek
2018-05-10,Party of Alenka Bratušek,1.5,Centre to centre-left,Social liberalism Pro-Europeanism,https://en.wikipedia.org/wiki/Party_of_Alenka_Bratu%C5%A1ek
2018-05-10,Party of Alenka Bratušek,2.9,Centre to centre-left,Social liberalism Pro-Europeanism,https://en.wikipedia.org/wiki/Party_of_Alenka_Bratu%C5%A1ek
2018-05-15,Party of Alenka Bratušek,3.1,Centre to centre-left,Social liberalism Pro-Europeanism,https://en.wikipedia.org/wiki/Party_of_Alenka_Bratu%C5%A1ek
2018-05-17,Party of Alenka Bratušek,2.8,Centre to centre-left,Social liberalism Pro-Europeanism,https://en.wikipedia.org/wiki/Party_of_Alenka_Bratu%C5%A1ek
2018-05-17,Party of Alenka Bratušek,1.3,Centre to centre-left,Social liberalism Pro-Europeanism,https://en.wikipedia.org/wiki/Party_of_Alenka_Bratu%C5%A1ek
2018-05-17,Party of Alenka Bratušek,2.8,Centre to centre-left,Social liberalism Pro-Europeanism,https://en.wikipedia.org/wiki/Party_of_Alenka_Bratu%C5%A1ek
2018-05-20,Party of Alenka Bratušek,3.1,Centre to centre-left,Social liberalism Pro-Europeanism,https://en.wikipedia.org/wiki/Party_of_Alenka_Bratu%C5%A1ek
2018-05-22,Party of Alenka Bratušek,3.1,Centre to centre-left,Social liberalism Pro-Europeanism,https://en.wikipedia.org/wiki/Party_of_Alenka_Bratu%C5%A1ek
2018-05-22,Party of Alenka Bratušek,2.8,Centre to centre-left,Social liberalism Pro-Europeanism,https://en.wikipedia.org/wiki/Party_of_Alenka_Bratu%C5%A1ek
2018-05-23,Party of Alenka Bratušek,1.0,Centre to centre-left,Social liberalism Pro-Europeanism,https://en.wikipedia.org/wiki/Party_of_Alenka_Bratu%C5%A1ek
2018-05-25,Party of Alenka Bratušek,0.9,Centre to centre-left,Social liberalism Pro-Europeanism,https://en.wikipedia.org/wiki/Party_of_Alenka_Bratu%C5%A1ek
2018-05-25,Party of Alenka Bratušek,3.0,Centre to centre-left,Social liberalism Pro-Europeanism,https://en.wikipedia.org/wiki/Party_of_Alenka_Bratu%C5%A1ek
2018-05-27,Party of Alenka Bratušek,2.6,Centre to centre-left,Social liberalism Pro-Europeanism,https://en.wikipedia.org/wiki/Party_of_Alenka_Bratu%C5%A1ek
2018-05-29,Party of Alenka Bratušek,2.8,Centre to centre-left,Social liberalism Pro-Europeanism,https://en.wikipedia.org/wiki/Party_of_Alenka_Bratu%C5%A1ek
2018-05-29,Party of Alenka Bratušek,1.0,Centre to centre-left,Social liberalism Pro-Europeanism,https://en.wikipedia.org/wiki/Party_of_Alenka_Bratu%C5%A1ek
2018-05-29,Party of Alenka Bratušek,3.9,Centre to centre-left,Social liberalism Pro-Europeanism,https://en.wikipedia.org/wiki/Party_of_Alenka_Bratu%C5%A1ek
2018-05-30,Party of Alenka Bratušek,2.7,Centre to centre-left,Social liberalism Pro-Europeanism,https://en.wikipedia.org/wiki/Party_of_Alenka_Bratu%C5%A1ek
2018-05-31,Party of Alenka Bratušek,3.2,Centre to centre-left,Social liberalism Pro-Europeanism,https://en.wikipedia.org/wiki/Party_of_Alenka_Bratu%C5%A1ek
2018-05-31,Party of Alenka Bratušek,3.8,Centre to centre-left,Social liberalism Pro-Europeanism,https://en.wikipedia.org/wiki/Party_of_Alenka_Bratu%C5%A1ek
2018-05-31,Party of Alenka Bratušek,3.2,Centre to centre-left,Social liberalism Pro-Europeanism,https://en.wikipedia.org/wiki/Party_of_Alenka_Bratu%C5%A1ek
2018-05-31,Party of Alenka Bratušek,5.7,Centre to centre-left,Social liberalism Pro-Europeanism,https://en.wikipedia.org/wiki/Party_of_Alenka_Bratu%C5%A1ek
2018-06-03,Party of Alenka Bratušek,5.5,Centre to centre-left,Social liberalism Pro-Europeanism,https://en.wikipedia.org/wiki/Party_of_Alenka_Bratu%C5%A1ek
2018-06-03,Party of Alenka Bratušek,5.1,Centre to centre-left,Social liberalism Pro-Europeanism,https://en.wikipedia.org/wiki/Party_of_Alenka_Bratu%C5%A1ek
2018-06-03,Party of Alenka Bratušek,5.1,Centre to centre-left,Social liberalism Pro-Europeanism,https://en.wikipedia.org/wiki/Party_of_Alenka_Bratu%C5%A1ek
2018-06-06,Party of Alenka Bratušek,3.5,Centre to centre-left,Social liberalism Pro-Europeanism,https://en.wikipedia.org/wiki/Party_of_Alenka_Bratu%C5%A1ek
2018-06-14,Party of Alenka Bratušek,3.8,Centre to centre-left,Social liberalism Pro-Europeanism,https://en.wikipedia.org/wiki/Party_of_Alenka_Bratu%C5%A1ek
2018-06-20,Party of Alenka Bratušek,5.8,Centre to centre-left,Social liberalism Pro-Europeanism,https://en.wikipedia.org/wiki/Party_of_Alenka_Bratu%C5%A1ek
2018-07-12,Party of Alenka Bratušek,3.0,Centre to centre-left,Social liberalism Pro-Europeanism,https://en.wikipedia.org/wiki/Party_of_Alenka_Bratu%C5%A1ek
2018-08-15,Party of Alenka Bratušek,1.7,Centre to centre-left,Social liberalism Pro-Europeanism,https://en.wikipedia.org/wiki/Party_of_Alenka_Bratu%C5%A1ek
2018-08-26,Party of Alenka Bratušek,3.2,Centre to centre-left,Social liberalism Pro-Europeanism,https://en.wikipedia.org/wiki/Party_of_Alenka_Bratu%C5%A1ek
2018-09-06,Party of Alenka Bratušek,3.2,Centre to centre-left,Social liberalism Pro-Europeanism,https://en.wikipedia.org/wiki/Party_of_Alenka_Bratu%C5%A1ek
2018-09-13,Party of Alenka Bratušek,3.7,Centre to centre-left,Social liberalism Pro-Europeanism,https://en.wikipedia.org/wiki/Party_of_Alenka_Bratu%C5%A1ek
2018-09-23,Party of Alenka Bratušek,4.3,Centre to centre-left,Social liberalism Pro-Europeanism,https://en.wikipedia.org/wiki/Party_of_Alenka_Bratu%C5%A1ek
2018-10-11,Party of Alenka Bratušek,3.7,Centre to centre-left,Social liberalism Pro-Europeanism,https://en.wikipedia.org/wiki/Party_of_Alenka_Bratu%C5%A1ek
2018-11-20,Party of Alenka Bratušek,2.3,Centre to centre-left,Social liberalism Pro-Europeanism,https://en.wikipedia.org/wiki/Party_of_Alenka_Bratu%C5%A1ek
2018-11-22,Party of Alenka Bratušek,3.2,Centre to centre-left,Social liberalism Pro-Europeanism,https://en.wikipedia.org/wiki/Party_of_Alenka_Bratu%C5%A1ek
2018-12-06,Party of Alenka Bratušek,2.2,Centre to centre-left,Social liberalism Pro-Europeanism,https://en.wikipedia.org/wiki/Party_of_Alenka_Bratu%C5%A1ek
2018-12-13,Party of Alenka Bratušek,2.4,Centre to centre-left,Social liberalism Pro-Europeanism,https://en.wikipedia.org/wiki/Party_of_Alenka_Bratu%C5%A1ek
2019-01-10,Party of Alenka Bratušek,3.4,Centre to centre-left,Social liberalism Pro-Europeanism,https://en.wikipedia.org/wiki/Party_of_Alenka_Bratu%C5%A1ek
2019-01-10,Party of Alenka Bratušek,2.5,Centre to centre-left,Social liberalism Pro-Europeanism,https://en.wikipedia.org/wiki/Party_of_Alenka_Bratu%C5%A1ek
2019-02-06,Party of Alenka Bratušek,2.4,Centre to centre-left,Social liberalism Pro-Europeanism,https://en.wikipedia.org/wiki/Party_of_Alenka_Bratu%C5%A1ek
2019-02-14,Party of Alenka Bratušek,2.9,Centre to centre-left,Social liberalism Pro-Europeanism,https://en.wikipedia.org/wiki/Party_of_Alenka_Bratu%C5%A1ek
2019-03-07,Party of Alenka Bratušek,1.5,Centre to centre-left,Social liberalism Pro-Europeanism,https://en.wikipedia.org/wiki/Party_of_Alenka_Bratu%C5%A1ek
2019-03-14,Party of Alenka Bratušek,1.9,Centre to centre-left,Social liberalism Pro-Europeanism,https://en.wikipedia.org/wiki/Party_of_Alenka_Bratu%C5%A1ek
2019-04-04,Party of Alenka Bratušek,2.1,Centre to centre-left,Social liberalism Pro-Europeanism,https://en.wikipedia.org/wiki/Party_of_Alenka_Bratu%C5%A1ek
2019-04-11,Party of Alenka Bratušek,1.9,Centre to centre-left,Social liberalism Pro-Europeanism,https://en.wikipedia.org/wiki/Party_of_Alenka_Bratu%C5%A1ek
2019-05-16,Party of Alenka Bratušek,1.5,Centre to centre-left,Social liberalism Pro-Europeanism,https://en.wikipedia.org/wiki/Party_of_Alenka_Bratu%C5%A1ek
2019-05-23,Party of Alenka Bratušek,2.2,Centre to centre-left,Social liberalism Pro-Europeanism,https://en.wikipedia.org/wiki/Party_of_Alenka_Bratu%C5%A1ek
2019-06-13,Party of Alenka Bratušek,1.3,Centre to centre-left,Social liberalism Pro-Europeanism,https://en.wikipedia.org/wiki/Party_of_Alenka_Bratu%C5%A1ek
2019-07-11,Party of Alenka Bratušek,1.9,Centre to centre-left,Social liberalism Pro-Europeanism,https://en.wikipedia.org/wiki/Party_of_Alenka_Bratu%C5%A1ek
2019-07-11,Party of Alenka Bratušek,1.1,Centre to centre-left,Social liberalism Pro-Europeanism,https://en.wikipedia.org/wiki/Party_of_Alenka_Bratu%C5%A1ek
2019-08-08,Party of Alenka Bratušek,1.8,Centre to centre-left,Social liberalism Pro-Europeanism,https://en.wikipedia.org/wiki/Party_of_Alenka_Bratu%C5%A1ek
2019-08-14,Party of Alenka Bratušek,2.4,Centre to centre-left,Social liberalism Pro-Europeanism,https://en.wikipedia.org/wiki/Party_of_Alenka_Bratu%C5%A1ek
2019-08-25,Party of Alenka Bratušek,2.4,Centre to centre-left,Social liberalism Pro-Europeanism,https://en.wikipedia.org/wiki/Party_of_Alenka_Bratu%C5%A1ek
2019-09-05,Party of Alenka Bratušek,2.1,Centre to centre-left,Social liberalism Pro-Europeanism,https://en.wikipedia.org/wiki/Party_of_Alenka_Bratu%C5%A1ek
2019-09-12,Party of Alenka Bratušek,1.9,Centre to centre-left,Social liberalism Pro-Europeanism,https://en.wikipedia.org/wiki/Party_of_Alenka_Bratu%C5%A1ek
2019-09-22,Party of Alenka Bratušek,1.6,Centre to centre-left,Social liberalism Pro-Europeanism,https://en.wikipedia.org/wiki/Party_of_Alenka_Bratu%C5%A1ek
2019-10-10,Party of Alenka Bratušek,2.2,Centre to centre-left,Social liberalism Pro-Europeanism,https://en.wikipedia.org/wiki/Party_of_Alenka_Bratu%C5%A1ek
2019-10-17,Party of Alenka Bratušek,1.0,Centre to centre-left,Social liberalism Pro-Europeanism,https://en.wikipedia.org/wiki/Party_of_Alenka_Bratu%C5%A1ek
2019-11-07,Party of Alenka Bratušek,2.3,Centre to centre-left,Social liberalism Pro-Europeanism,https://en.wikipedia.org/wiki/Party_of_Alenka_Bratu%C5%A1ek
2019-11-07,Party of Alenka Bratušek,1.2,Centre to centre-left,Social liberalism Pro-Europeanism,https://en.wikipedia.org/wiki/Party_of_Alenka_Bratu%C5%A1ek
2019-11-14,Party of Alenka Bratušek,0.9,Centre to centre-left,Social liberalism Pro-Europeanism,https://en.wikipedia.org/wiki/Party_of_Alenka_Bratu%C5%A1ek
2019-11-24,Party of Alenka Bratušek,1.3,Centre to centre-left,Social liberalism Pro-Europeanism,https://en.wikipedia.org/wiki/Party_of_Alenka_Bratu%C5%A1ek
2019-12-05,Party of Alenka Bratušek,1.8,Centre to centre-left,Social liberalism Pro-Europeanism,https://en.wikipedia.org/wiki/Party_of_Alenka_Bratu%C5%A1ek
2019-12-05,Party of Alenka Bratušek,1.8,Centre to centre-left,Social liberalism Pro-Europeanism,https://en.wikipedia.org/wiki/Party_of_Alenka_Bratu%C5%A1ek
2019-12-12,Party of Alenka Bratušek,0.7,Centre to centre-left,Social liberalism Pro-Europeanism,https://en.wikipedia.org/wiki/Party_of_Alenka_Bratu%C5%A1ek
2020-01-09,Party of Alenka Bratušek,2.0,Centre to centre-left,Social liberalism Pro-Europeanism,https://en.wikipedia.org/wiki/Party_of_Alenka_Bratu%C5%A1ek
2020-01-16,Party of Alenka Bratušek,2.8,Centre to centre-left,Social liberalism Pro-Europeanism,https://en.wikipedia.org/wiki/Party_of_Alenka_Bratu%C5%A1ek
2020-01-16,Party of Alenka Bratušek,0.8,Centre to centre-left,Social liberalism Pro-Europeanism,https://en.wikipedia.org/wiki/Party_of_Alenka_Bratu%C5%A1ek
2020-01-29,Party of Alenka Bratušek,2.2,Centre to centre-left,Social liberalism Pro-Europeanism,https://en.wikipedia.org/wiki/Party_of_Alenka_Bratu%C5%A1ek
2020-02-03,Party of Alenka Bratušek,2.0,Centre to centre-left,Social liberalism Pro-Europeanism,https://en.wikipedia.org/wiki/Party_of_Alenka_Bratu%C5%A1ek
2020-02-05,Party of Alenka Bratušek,2.0,Centre to centre-left,Social liberalism Pro-Europeanism,https://en.wikipedia.org/wiki/Party_of_Alenka_Bratu%C5%A1ek
2020-02-13,Party of Alenka Bratušek,1.0,Centre to centre-left,Social liberalism Pro-Europeanism,https://en.wikipedia.org/wiki/Party_of_Alenka_Bratu%C5%A1ek
2020-02-13,Party of Alenka Bratušek,1.2,Centre to centre-left,Social liberalism Pro-Europeanism,https://en.wikipedia.org/wiki/Party_of_Alenka_Bratu%C5%A1ek
2020-02-20,Party of Alenka Bratušek,0.9,Centre to centre-left,Social liberalism Pro-Europeanism,https://en.wikipedia.org/wiki/Party_of_Alenka_Bratu%C5%A1ek
2020-02-28,Party of Alenka Bratušek,1.6,Centre to centre-left,Social liberalism Pro-Europeanism,https://en.wikipedia.org/wiki/Party_of_Alenka_Bratu%C5%A1ek
2020-03-05,Party of Alenka Bratušek,1.2,Centre to centre-left,Social liberalism Pro-Europeanism,https://en.wikipedia.org/wiki/Party_of_Alenka_Bratu%C5%A1ek
2020-03-12,Party of Alenka Bratušek,0.7,Centre to centre-left,Social liberalism Pro-Europeanism,https://en.wikipedia.org/wiki/Party_of_Alenka_Bratu%C5%A1ek
2020-03-19,Party of Alenka Bratušek,0.9,Centre to centre-left,Social liberalism Pro-Europeanism,https://en.wikipedia.org/wiki/Party_of_Alenka_Bratu%C5%A1ek
2020-04-09,Party of Alenka Bratušek,2.6,Centre to centre-left,Social liberalism Pro-Europeanism,https://en.wikipedia.org/wiki/Party_of_Alenka_Bratu%C5%A1ek
2020-04-16,Party of Alenka Bratušek,0.76,Centre to centre-left,Social liberalism Pro-Europeanism,https://en.wikipedia.org/wiki/Party_of_Alenka_Bratu%C5%A1ek
2020-05-08,Party of Alenka Bratušek,0.9,Centre to centre-left,Social liberalism Pro-Europeanism,https://en.wikipedia.org/wiki/Party_of_Alenka_Bratu%C5%A1ek
2020-05-08,Party of Alenka Bratušek,3.7,Centre to centre-left,Social liberalism Pro-Europeanism,https://en.wikipedia.org/wiki/Party_of_Alenka_Bratu%C5%A1ek
2020-05-13,Party of Alenka Bratušek,1.1,Centre to centre-left,Social liberalism Pro-Europeanism,https://en.wikipedia.org/wiki/Party_of_Alenka_Bratu%C5%A1ek
2020-05-21,Party of Alenka Bratušek,2.4,Centre to centre-left,Social liberalism Pro-Europeanism,https://en.wikipedia.org/wiki/Party_of_Alenka_Bratu%C5%A1ek
2020-05-22,Party of Alenka Bratušek,1.7,Centre to centre-left,Social liberalism Pro-Europeanism,https://en.wikipedia.org/wiki/Party_of_Alenka_Bratu%C5%A1ek
2020-06-04,Party of Alenka Bratušek,1.6,Centre to centre-left,Social liberalism Pro-Europeanism,https://en.wikipedia.org/wiki/Party_of_Alenka_Bratu%C5%A1ek
2020-06-11,Party of Alenka Bratušek,1.3,Centre to centre-left,Social liberalism Pro-Europeanism,https://en.wikipedia.org/wiki/Party_of_Alenka_Bratu%C5%A1ek
2020-06-17,Party of Alenka Bratušek,1.5,Centre to centre-left,Social liberalism Pro-Europeanism,https://en.wikipedia.org/wiki/Party_of_Alenka_Bratu%C5%A1ek
2020-07-02,Party of Alenka Bratušek,0.9,Centre to centre-left,Social liberalism Pro-Europeanism,https://en.wikipedia.org/wiki/Party_of_Alenka_Bratu%C5%A1ek
2020-07-09,Party of Alenka Bratušek,1.6,Centre to centre-left,Social liberalism Pro-Europeanism,https://en.wikipedia.org/wiki/Party_of_Alenka_Bratu%C5%A1ek
2020-07-16,Party of Alenka Bratušek,1.4,Centre to centre-left,Social liberalism Pro-Europeanism,https://en.wikipedia.org/wiki/Party_of_Alenka_Bratu%C5%A1ek
2020-08-06,Party of Alenka Bratušek,1.9,Centre to centre-left,Social liberalism Pro-Europeanism,https://en.wikipedia.org/wiki/Party_of_Alenka_Bratu%C5%A1ek
2020-08-13,Party of Alenka Bratušek,1.0,Centre to centre-left,Social liberalism Pro-Europeanism,https://en.wikipedia.org/wiki/Party_of_Alenka_Bratu%C5%A1ek
2020-08-24,Party of Alenka Bratušek,1.4,Centre to centre-left,Social liberalism Pro-Europeanism,https://en.wikipedia.org/wiki/Party_of_Alenka_Bratu%C5%A1ek
2020-08-24,Party of Alenka Bratušek,1.7,Centre to centre-left,Social liberalism Pro-Europeanism,https://en.wikipedia.org/wiki/Party_of_Alenka_Bratu%C5%A1ek
2020-09-10,Party of Alenka Bratušek,3.1,Centre to centre-left,Social liberalism Pro-Europeanism,https://en.wikipedia.org/wiki/Party_of_Alenka_Bratu%C5%A1ek
2020-09-17,Party of Alenka Bratušek,1.9,Centre to centre-left,Social liberalism Pro-Europeanism,https://en.wikipedia.org/wiki/Party_of_Alenka_Bratu%C5%A1ek
2020-09-18,Party of Alenka Bratušek,2.4,Centre to centre-left,Social liberalism Pro-Europeanism,https://en.wikipedia.org/wiki/Party_of_Alenka_Bratu%C5%A1ek
2020-09-28,Party of Alenka Bratušek,2.3,Centre to centre-left,Social liberalism Pro-Europeanism,https://en.wikipedia.org/wiki/Party_of_Alenka_Bratu%C5%A1ek
2020-10-08,Party of Alenka Bratušek,2.9,Centre to centre-left,Social liberalism Pro-Europeanism,https://en.wikipedia.org/wiki/Party_of_Alenka_Bratu%C5%A1ek
2020-10-15,Party of Alenka Bratušek,3.2,Centre to centre-left,Social liberalism Pro-Europeanism,https://en.wikipedia.org/wiki/Party_of_Alenka_Bratu%C5%A1ek
2020-11-04,Party of Alenka Bratušek,2.4,Centre to centre-left,Social liberalism Pro-Europeanism,https://en.wikipedia.org/wiki/Party_of_Alenka_Bratu%C5%A1ek
2020-11-05,Party of Alenka Bratušek,0.8,Centre to centre-left,Social liberalism Pro-Europeanism,https://en.wikipedia.org/wiki/Party_of_Alenka_Bratu%C5%A1ek
2020-11-12,Party of Alenka Bratušek,3.3,Centre to centre-left,Social liberalism Pro-Europeanism,https://en.wikipedia.org/wiki/Party_of_Alenka_Bratu%C5%A1ek
2020-11-23,Party of Alenka Bratušek,2.0,Centre to centre-left,Social liberalism Pro-Europeanism,https://en.wikipedia.org/wiki/Party_of_Alenka_Bratu%C5%A1ek
2020-12-09,Party of Alenka Bratušek,2.4,Centre to centre-left,Social liberalism Pro-Europeanism,https://en.wikipedia.org/wiki/Party_of_Alenka_Bratu%C5%A1ek
2020-12-09,Party of Alenka Bratušek,3.2,Centre to centre-left,Social liberalism Pro-Europeanism,https://en.wikipedia.org/wiki/Party_of_Alenka_Bratu%C5%A1ek
2020-12-17,Party of Alenka Bratušek,2.9,Centre to centre-left,Social liberalism Pro-Europeanism,https://en.wikipedia.org/wiki/Party_of_Alenka_Bratu%C5%A1ek
2020-12-23,Party of Alenka Bratušek,2.4,Centre to centre-left,Social liberalism Pro-Europeanism,https://en.wikipedia.org/wiki/Party_of_Alenka_Bratu%C5%A1ek
2021-01-07,Party of Alenka Bratušek,3.1,Centre to centre-left,Social liberalism Pro-Europeanism,https://en.wikipedia.org/wiki/Party_of_Alenka_Bratu%C5%A1ek
2021-01-14,Party of Alenka Bratušek,3.0,Centre to centre-left,Social liberalism Pro-Europeanism,https://en.wikipedia.org/wiki/Party_of_Alenka_Bratu%C5%A1ek
2021-01-25,Party of Alenka Bratušek,4.1,Centre to centre-left,Social liberalism Pro-Europeanism,https://en.wikipedia.org/wiki/Party_of_Alenka_Bratu%C5%A1ek
2021-01-28,Party of Alenka Bratušek,1.9,Centre to centre-left,Social liberalism Pro-Europeanism,https://en.wikipedia.org/wiki/Party_of_Alenka_Bratu%C5%A1ek
2021-02-11,Party of Alenka Bratušek,3.1,Centre to centre-left,Social liberalism Pro-Europeanism,https://en.wikipedia.org/wiki/Party_of_Alenka_Bratu%C5%A1ek
2021-02-11,Party of Alenka Bratušek,3.4,Centre to centre-left,Social liberalism Pro-Europeanism,https://en.wikipedia.org/wiki/Party_of_Alenka_Bratu%C5%A1ek
2021-03-01,Party of Alenka Bratušek,3.9,Centre to centre-left,Social liberalism Pro-Europeanism,https://en.wikipedia.org/wiki/Party_of_Alenka_Bratu%C5%A1ek
2021-03-04,Party of Alenka Bratušek,2.4,Centre to centre-left,Social liberalism Pro-Europeanism,https://en.wikipedia.org/wiki/Party_of_Alenka_Bratu%C5%A1ek
2021-03-11,Party of Alenka Bratušek,3.8,Centre to centre-left,Social liberalism Pro-Europeanism,https://en.wikipedia.org/wiki/Party_of_Alenka_Bratu%C5%A1ek
2021-03-12,Party of Alenka Bratušek,2.2,Centre to centre-left,Social liberalism Pro-Europeanism,https://en.wikipedia.org/wiki/Party_of_Alenka_Bratu%C5%A1ek
2021-03-25,Party of Alenka Bratušek,3.0,Centre to centre-left,Social liberalism Pro-Europeanism,https://en.wikipedia.org/wiki/Party_of_Alenka_Bratu%C5%A1ek
2021-03-29,Party of Alenka Bratušek,2.8,Centre to centre-left,Social liberalism Pro-Europeanism,https://en.wikipedia.org/wiki/Party_of_Alenka_Bratu%C5%A1ek
2021-04-08,Party of Alenka Bratušek,2.4,Centre to centre-left,Social liberalism Pro-Europeanism,https://en.wikipedia.org/wiki/Party_of_Alenka_Bratu%C5%A1ek
2021-04-14,Party of Alenka Bratušek,2.6,Centre to centre-left,Social liberalism Pro-Europeanism,https://en.wikipedia.org/wiki/Party_of_Alenka_Bratu%C5%A1ek
2021-04-15,Party of Alenka Bratušek,3.6,Centre to centre-left,Social liberalism Pro-Europeanism,https://en.wikipedia.org/wiki/Party_of_Alenka_Bratu%C5%A1ek
2021-04-26,Party of Alenka Bratušek,4.3,Centre to centre-left,Social liberalism Pro-Europeanism,https://en.wikipedia.org/wiki/Party_of_Alenka_Bratu%C5%A1ek
2021-05-05,Party of Alenka Bratušek,3.4,Centre to centre-left,Social liberalism Pro-Europeanism,https://en.wikipedia.org/wiki/Party_of_Alenka_Bratu%C5%A1ek
2021-05-13,Party of Alenka Bratušek,0.9,Centre to centre-left,Social liberalism Pro-Europeanism,https://en.wikipedia.org/wiki/Party_of_Alenka_Bratu%C5%A1ek
2021-05-13,Party of Alenka Bratušek,3.6,Centre to centre-left,Social liberalism Pro-Europeanism,https://en.wikipedia.org/wiki/Party_of_Alenka_Bratu%C5%A1ek
2021-05-24,Party of Alenka Bratušek,2.7,Centre to centre-left,Social liberalism Pro-Europeanism,https://en.wikipedia.org/wiki/Party_of_Alenka_Bratu%C5%A1ek
2021-05-26,Party of Alenka Bratušek,1.5,Centre to centre-left,Social liberalism Pro-Europeanism,https://en.wikipedia.org/wiki/Party_of_Alenka_Bratu%C5%A1ek
2021-06-15,Party of Alenka Bratušek,5.0,Centre to centre-left,Social liberalism Pro-Europeanism,https://en.wikipedia.org/wiki/Party_of_Alenka_Bratu%C5%A1ek
2021-06-18,Party of Alenka Bratušek,1.7,Centre to centre-left,Social liberalism Pro-Europeanism,https://en.wikipedia.org/wiki/Party_of_Alenka_Bratu%C5%A1ek
2021-09-02,Party of Alenka Bratušek,4.1,Centre to centre-left,Social liberalism Pro-Europeanism,https://en.wikipedia.org/wiki/Party_of_Alenka_Bratu%C5%A1ek
2021-09-30,Party of Alenka Bratušek,3.0,Centre to centre-left,Social liberalism Pro-Europeanism,https://en.wikipedia.org/wiki/Party_of_Alenka_Bratu%C5%A1ek
2021-10-15,Party of Alenka Bratušek,3.3,Centre to centre-left,Social liberalism Pro-Europeanism,https://en.wikipedia.org/wiki/Party_of_Alenka_Bratu%C5%A1ek
2021-11-04,Party of Alenka Bratušek,4.3,Centre to centre-left,Social liberalism Pro-Europeanism,https://en.wikipedia.org/wiki/Party_of_Alenka_Bratu%C5%A1ek
2021-11-16,Party of Alenka Bratušek,4.0,Centre to centre-left,Social liberalism Pro-Europeanism,https://en.wikipedia.org/wiki/Party_of_Alenka_Bratu%C5%A1ek
2021-12-02,Party of Alenka Bratušek,5.2,Centre to centre-left,Social liberalism Pro-Europeanism,https://en.wikipedia.org/wiki/Party_of_Alenka_Bratu%C5%A1ek
2021-12-07,Party of Alenka Bratušek,4.3,Centre to centre-left,Social liberalism Pro-Europeanism,https://en.wikipedia.org/wiki/Party_of_Alenka_Bratu%C5%A1ek
2021-12-16,Party of Alenka Bratušek,2.5,Centre to centre-left,Social liberalism Pro-Europeanism,https://en.wikipedia.org/wiki/Party_of_Alenka_Bratu%C5%A1ek
2021-12-29,Party of Alenka Bratušek,3.7,Centre to centre-left,Social liberalism Pro-Europeanism,https://en.wikipedia.org/wiki/Party_of_Alenka_Bratu%C5%A1ek
2022-01-06,Party of Alenka Bratušek,1.5,Centre to centre-left,Social liberalism Pro-Europeanism,https://en.wikipedia.org/wiki/Party_of_Alenka_Bratu%C5%A1ek
2022-01-13,Party of Alenka Bratušek,3.1,Centre to centre-left,Social liberalism Pro-Europeanism,https://en.wikipedia.org/wiki/Party_of_Alenka_Bratu%C5%A1ek
2022-01-27,Party of Alenka Bratušek,3.2,Centre to centre-left,Social liberalism Pro-Europeanism,https://en.wikipedia.org/wiki/Party_of_Alenka_Bratu%C5%A1ek
2022-01-28,Party of Alenka Bratušek,2.0,Centre to centre-left,Social liberalism Pro-Europeanism,https://en.wikipedia.org/wiki/Party_of_Alenka_Bratu%C5%A1ek
2022-02-03,Party of Alenka Bratušek,3.2,Centre to centre-left,Social liberalism Pro-Europeanism,https://en.wikipedia.org/wiki/Party_of_Alenka_Bratu%C5%A1ek
2022-02-10,Party of Alenka Bratušek,2.7,Centre to centre-left,Social liberalism Pro-Europeanism,https://en.wikipedia.org/wiki/Party_of_Alenka_Bratu%C5%A1ek
2022-02-10,Party of Alenka Bratušek,3.4,Centre to centre-left,Social liberalism Pro-Europeanism,https://en.wikipedia.org/wiki/Party_of_Alenka_Bratu%C5%A1ek
2022-02-16,Party of Alenka Bratušek,1.3,Centre to centre-left,Social liberalism Pro-Europeanism,https://en.wikipedia.org/wiki/Party_of_Alenka_Bratu%C5%A1ek
2022-02-23,Party of Alenka Bratušek,3.5,Centre to centre-left,Social liberalism Pro-Europeanism,https://en.wikipedia.org/wiki/Party_of_Alenka_Bratu%C5%A1ek
2022-02-24,Party of Alenka Bratušek,3.2,Centre to centre-left,Social liberalism Pro-Europeanism,https://en.wikipedia.org/wiki/Party_of_Alenka_Bratu%C5%A1ek
2022-02-25,Party of Alenka Bratušek,2.0,Centre to centre-left,Social liberalism Pro-Europeanism,https://en.wikipedia.org/wiki/Party_of_Alenka_Bratu%C5%A1ek
2022-03-03,Party of Alenka Bratušek,4.0,Centre to centre-left,Social liberalism Pro-Europeanism,https://en.wikipedia.org/wiki/Party_of_Alenka_Bratu%C5%A1ek
2022-03-10,Party of Alenka Bratušek,3.7,Centre to centre-left,Social liberalism Pro-Europeanism,https://en.wikipedia.org/wiki/Party_of_Alenka_Bratu%C5%A1ek
2022-03-10,Party of Alenka Bratušek,3.4,Centre to centre-left,Social liberalism Pro-Europeanism,https://en.wikipedia.org/wiki/Party_of_Alenka_Bratu%C5%A1ek
2022-03-17,Party of Alenka Bratušek,1.7,Centre to centre-left,Social liberalism Pro-Europeanism,https://en.wikipedia.org/wiki/Party_of_Alenka_Bratu%C5%A1ek
2022-03-23,Party of Alenka Bratušek,2.8,Centre to centre-left,Social liberalism Pro-Europeanism,https://en.wikipedia.org/wiki/Party_of_Alenka_Bratu%C5%A1ek
2022-03-24,Party of Alenka Bratušek,3.0,Centre to centre-left,Social liberalism Pro-Europeanism,https://en.wikipedia.org/wiki/Party_of_Alenka_Bratu%C5%A1ek
2022-03-24,Party of Alenka Bratušek,2.7,Centre to centre-left,Social liberalism Pro-Europeanism,https://en.wikipedia.org/wiki/Party_of_Alenka_Bratu%C5%A1ek
2022-03-31,Party of Alenka Bratušek,2.4,Centre to centre-left,Social liberalism Pro-Europeanism,https://en.wikipedia.org/wiki/Party_of_Alenka_Bratu%C5%A1ek
2022-03-31,Party of Alenka Bratušek,2.8,Centre to centre-left,Social liberalism Pro-Europeanism,https://en.wikipedia.org/wiki/Party_of_Alenka_Bratu%C5%A1ek
2022-04-01,Party of Alenka Bratušek,3.8,Centre to centre-left,Social liberalism Pro-Europeanism,https://en.wikipedia.org/wiki/Party_of_Alenka_Bratu%C5%A1ek
2022-04-06,Party of Alenka Bratušek,2.4,Centre to centre-left,Social liberalism Pro-Europeanism,https://en.wikipedia.org/wiki/Party_of_Alenka_Bratu%C5%A1ek
2022-04-07,Party of Alenka Bratušek,2.9,Centre to centre-left,Social liberalism Pro-Europeanism,https://en.wikipedia.org/wiki/Party_of_Alenka_Bratu%C5%A1ek
2022-04-07,Party of Alenka Bratušek,3.2,Centre to centre-left,Social liberalism Pro-Europeanism,https://en.wikipedia.org/wiki/Party_of_Alenka_Bratu%C5%A1ek
2022-04-13,Party of Alenka Bratušek,1.9,Centre to centre-left,Social liberalism Pro-Europeanism,https://en.wikipedia.org/wiki/Party_of_Alenka_Bratu%C5%A1ek
2022-04-13,Party of Alenka Bratušek,2.8,Centre to centre-left,Social liberalism Pro-Europeanism,https://en.wikipedia.org/wiki/Party_of_Alenka_Bratu%C5%A1ek
2022-04-14,Party of Alenka Bratušek,1.3,Centre to centre-left,Social liberalism Pro-Europeanism,https://en.wikipedia.org/wiki/Party_of_Alenka_Bratu%C5%A1ek
2022-04-14,Party of Alenka Bratušek,2.9,Centre to centre-left,Social liberalism Pro-Europeanism,https://en.wikipedia.org/wiki/Party_of_Alenka_Bratu%C5%A1ek
2022-04-15,Party of Alenka Bratušek,3.3,Centre to centre-left,Social liberalism Pro-Europeanism,https://en.wikipedia.org/wiki/Party_of_Alenka_Bratu%C5%A1ek
2022-04-15,Party of Alenka Bratušek,1.0,Centre to centre-left,Social liberalism Pro-Europeanism,https://en.wikipedia.org/wiki/Party_of_Alenka_Bratu%C5%A1ek
2022-04-16,Party of Alenka Bratušek,3.1,Centre to centre-left,Social liberalism Pro-Europeanism,https://en.wikipedia.org/wiki/Party_of_Alenka_Bratu%C5%A1ek
2022-04-19,Party of Alenka Bratušek,1.8,Centre to centre-left,Social liberalism Pro-Europeanism,https://en.wikipedia.org/wiki/Party_of_Alenka_Bratu%C5%A1ek
2022-04-19,Party of Alenka Bratušek,3.0,Centre to centre-left,Social liberalism Pro-Europeanism,https://en.wikipedia.org/wiki/Party_of_Alenka_Bratu%C5%A1ek
2022-04-20,Party of Alenka Bratušek,3.3,Centre to centre-left,Social liberalism Pro-Europeanism,https://en.wikipedia.org/wiki/Party_of_Alenka_Bratu%C5%A1ek
2022-04-21,Party of Alenka Bratušek,3.8,Centre to centre-left,Social liberalism Pro-Europeanism,https://en.wikipedia.org/wiki/Party_of_Alenka_Bratu%C5%A1ek
2022-04-21,Party of Alenka Bratušek,5.2,Centre to centre-left,Social liberalism Pro-Europeanism,https://en.wikipedia.org/wiki/Party_of_Alenka_Bratu%C5%A1ek
2022-04-21,Party of Alenka Bratušek,1.7,Centre to centre-left,Social liberalism Pro-Europeanism,https://en.wikipedia.org/wiki/Party_of_Alenka_Bratu%C5%A1ek
2022-04-22,Party of Alenka Bratušek,3.9,Centre to centre-left,Social liberalism Pro-Europeanism,https://en.wikipedia.org/wiki/Party_of_Alenka_Bratu%C5%A1ek
2022-04-24,Party of Alenka Bratušek,2.9,Centre to centre-left,Social liberalism Pro-Europeanism,https://en.wikipedia.org/wiki/Party_of_Alenka_Bratu%C5%A1ek
2022-04-24,Party of Alenka Bratušek,2.6,Centre to centre-left,Social liberalism Pro-Europeanism,https://en.wikipedia.org/wiki/Party_of_Alenka_Bratu%C5%A1ek
2018-06-03,Pirate Party,2.2,Syncretic,Pirate politics Freedom of information Open government Network neutrality,https://en.wikipedia.org/wiki/Pirate_Party_(Slovenia)
2018-08-26,Pirate Party,1.8,Syncretic,Pirate politics Freedom of information Open government Network neutrality,https://en.wikipedia.org/wiki/Pirate_Party_(Slovenia)
2018-09-23,Pirate Party,1.2,Syncretic,Pirate politics Freedom of information Open government Network neutrality,https://en.wikipedia.org/wiki/Pirate_Party_(Slovenia)
2018-11-22,Pirate Party,2.0,Syncretic,Pirate politics Freedom of information Open government Network neutrality,https://en.wikipedia.org/wiki/Pirate_Party_(Slovenia)
2018-12-06,Pirate Party,1.2,Syncretic,Pirate politics Freedom of information Open government Network neutrality,https://en.wikipedia.org/wiki/Pirate_Party_(Slovenia)
2019-01-10,Pirate Party,1.1,Syncretic,Pirate politics Freedom of information Open government Network neutrality,https://en.wikipedia.org/wiki/Pirate_Party_(Slovenia)
2019-02-06,Pirate Party,2.7,Syncretic,Pirate politics Freedom of information Open government Network neutrality,https://en.wikipedia.org/wiki/Pirate_Party_(Slovenia)
2019-03-07,Pirate Party,1.1,Syncretic,Pirate politics Freedom of information Open government Network neutrality,https://en.wikipedia.org/wiki/Pirate_Party_(Slovenia)
2019-05-23,Pirate Party,2.5,Syncretic,Pirate politics Freedom of information Open government Network neutrality,https://en.wikipedia.org/wiki/Pirate_Party_(Slovenia)
2019-07-11,Pirate Party,1.2,Syncretic,Pirate politics Freedom of information Open government Network neutrality,https://en.wikipedia.org/wiki/Pirate_Party_(Slovenia)
2019-08-08,Pirate Party,1.2,Syncretic,Pirate politics Freedom of information Open government Network neutrality,https://en.wikipedia.org/wiki/Pirate_Party_(Slovenia)
2019-08-25,Pirate Party,1.7,Syncretic,Pirate politics Freedom of information Open government Network neutrality,https://en.wikipedia.org/wiki/Pirate_Party_(Slovenia)
2019-09-05,Pirate Party,0.6,Syncretic,Pirate politics Freedom of information Open government Network neutrality,https://en.wikipedia.org/wiki/Pirate_Party_(Slovenia)
2019-09-22,Pirate Party,0.8,Syncretic,Pirate politics Freedom of information Open government Network neutrality,https://en.wikipedia.org/wiki/Pirate_Party_(Slovenia)
2019-10-10,Pirate Party,1.5,Syncretic,Pirate politics Freedom of information Open government Network neutrality,https://en.wikipedia.org/wiki/Pirate_Party_(Slovenia)
2019-11-07,Pirate Party,1.0,Syncretic,Pirate politics Freedom of information Open government Network neutrality,https://en.wikipedia.org/wiki/Pirate_Party_(Slovenia)
2019-11-24,Pirate Party,2.4,Syncretic,Pirate politics Freedom of information Open government Network neutrality,https://en.wikipedia.org/wiki/Pirate_Party_(Slovenia)
2019-12-05,Pirate Party,2.1,Syncretic,Pirate politics Freedom of information Open government Network neutrality,https://en.wikipedia.org/wiki/Pirate_Party_(Slovenia)
2020-01-09,Pirate Party,1.1,Syncretic,Pirate politics Freedom of information Open government Network neutrality,https://en.wikipedia.org/wiki/Pirate_Party_(Slovenia)
2020-02-03,Pirate Party,1.3,Syncretic,Pirate politics Freedom of information Open government Network neutrality,https://en.wikipedia.org/wiki/Pirate_Party_(Slovenia)
2020-02-05,Pirate Party,1.8,Syncretic,Pirate politics Freedom of information Open government Network neutrality,https://en.wikipedia.org/wiki/Pirate_Party_(Slovenia)
2020-02-13,Pirate Party,0.1,Syncretic,Pirate politics Freedom of information Open government Network neutrality,https://en.wikipedia.org/wiki/Pirate_Party_(Slovenia)
2020-02-20,Pirate Party,1.3,Syncretic,Pirate politics Freedom of information Open government Network neutrality,https://en.wikipedia.org/wiki/Pirate_Party_(Slovenia)
2020-02-28,Pirate Party,0.7,Syncretic,Pirate politics Freedom of information Open government Network neutrality,https://en.wikipedia.org/wiki/Pirate_Party_(Slovenia)
2020-03-05,Pirate Party,1.8,Syncretic,Pirate politics Freedom of information Open government Network neutrality,https://en.wikipedia.org/wiki/Pirate_Party_(Slovenia)
2020-03-19,Pirate Party,1.1,Syncretic,Pirate politics Freedom of information Open government Network neutrality,https://en.wikipedia.org/wiki/Pirate_Party_(Slovenia)
2020-04-09,Pirate Party,2.2,Syncretic,Pirate politics Freedom of information Open government Network neutrality,https://en.wikipedia.org/wiki/Pirate_Party_(Slovenia)
2020-05-08,Pirate Party,3.4,Syncretic,Pirate politics Freedom of information Open government Network neutrality,https://en.wikipedia.org/wiki/Pirate_Party_(Slovenia)
2020-05-21,Pirate Party,2.6,Syncretic,Pirate politics Freedom of information Open government Network neutrality,https://en.wikipedia.org/wiki/Pirate_Party_(Slovenia)
2020-05-22,Pirate Party,0.5,Syncretic,Pirate politics Freedom of information Open government Network neutrality,https://en.wikipedia.org/wiki/Pirate_Party_(Slovenia)
2020-06-04,Pirate Party,0.7,Syncretic,Pirate politics Freedom of information Open government Network neutrality,https://en.wikipedia.org/wiki/Pirate_Party_(Slovenia)
2020-06-17,Pirate Party,0.3,Syncretic,Pirate politics Freedom of information Open government Network neutrality,https://en.wikipedia.org/wiki/Pirate_Party_(Slovenia)
2020-07-02,Pirate Party,1.9,Syncretic,Pirate politics Freedom of information Open government Network neutrality,https://en.wikipedia.org/wiki/Pirate_Party_(Slovenia)
2020-07-09,Pirate Party,2.4,Syncretic,Pirate politics Freedom of information Open government Network neutrality,https://en.wikipedia.org/wiki/Pirate_Party_(Slovenia)
2020-08-06,Pirate Party,2.4,Syncretic,Pirate politics Freedom of information Open government Network neutrality,https://en.wikipedia.org/wiki/Pirate_Party_(Slovenia)
2020-08-24,Pirate Party,1.5,Syncretic,Pirate politics Freedom of information Open government Network neutrality,https://en.wikipedia.org/wiki/Pirate_Party_(Slovenia)
2020-08-24,Pirate Party,1.2,Syncretic,Pirate politics Freedom of information Open government Network neutrality,https://en.wikipedia.org/wiki/Pirate_Party_(Slovenia)
2020-09-10,Pirate Party,1.4,Syncretic,Pirate politics Freedom of information Open government Network neutrality,https://en.wikipedia.org/wiki/Pirate_Party_(Slovenia)
2020-09-18,Pirate Party,1.5,Syncretic,Pirate politics Freedom of information Open government Network neutrality,https://en.wikipedia.org/wiki/Pirate_Party_(Slovenia)
2020-09-28,Pirate Party,1.2,Syncretic,Pirate politics Freedom of information Open government Network neutrality,https://en.wikipedia.org/wiki/Pirate_Party_(Slovenia)
2020-10-08,Pirate Party,1.3,Syncretic,Pirate politics Freedom of information Open government Network neutrality,https://en.wikipedia.org/wiki/Pirate_Party_(Slovenia)
2020-11-04,Pirate Party,1.6,Syncretic,Pirate politics Freedom of information Open government Network neutrality,https://en.wikipedia.org/wiki/Pirate_Party_(Slovenia)
2020-11-05,Pirate Party,2.2,Syncretic,Pirate politics Freedom of information Open government Network neutrality,https://en.wikipedia.org/wiki/Pirate_Party_(Slovenia)
2020-11-23,Pirate Party,1.4,Syncretic,Pirate politics Freedom of information Open government Network neutrality,https://en.wikipedia.org/wiki/Pirate_Party_(Slovenia)
2020-12-09,Pirate Party,1.1,Syncretic,Pirate politics Freedom of information Open government Network neutrality,https://en.wikipedia.org/wiki/Pirate_Party_(Slovenia)
2020-12-09,Pirate Party,2.1,Syncretic,Pirate politics Freedom of information Open government Network neutrality,https://en.wikipedia.org/wiki/Pirate_Party_(Slovenia)
2020-12-23,Pirate Party,2.1,Syncretic,Pirate politics Freedom of information Open government Network neutrality,https://en.wikipedia.org/wiki/Pirate_Party_(Slovenia)
2021-01-07,Pirate Party,1.8,Syncretic,Pirate politics Freedom of information Open government Network neutrality,https://en.wikipedia.org/wiki/Pirate_Party_(Slovenia)
2021-01-25,Pirate Party,1.7,Syncretic,Pirate politics Freedom of information Open government Network neutrality,https://en.wikipedia.org/wiki/Pirate_Party_(Slovenia)
2021-01-28,Pirate Party,2.1,Syncretic,Pirate politics Freedom of information Open government Network neutrality,https://en.wikipedia.org/wiki/Pirate_Party_(Slovenia)
2021-02-11,Pirate Party,2.0,Syncretic,Pirate politics Freedom of information Open government Network neutrality,https://en.wikipedia.org/wiki/Pirate_Party_(Slovenia)
2021-03-01,Pirate Party,2.0,Syncretic,Pirate politics Freedom of information Open government Network neutrality,https://en.wikipedia.org/wiki/Pirate_Party_(Slovenia)
2021-03-04,Pirate Party,1.4,Syncretic,Pirate politics Freedom of information Open government Network neutrality,https://en.wikipedia.org/wiki/Pirate_Party_(Slovenia)
2021-03-12,Pirate Party,1.2,Syncretic,Pirate politics Freedom of information Open government Network neutrality,https://en.wikipedia.org/wiki/Pirate_Party_(Slovenia)
2021-03-29,Pirate Party,0.8,Syncretic,Pirate politics Freedom of information Open government Network neutrality,https://en.wikipedia.org/wiki/Pirate_Party_(Slovenia)
2021-04-08,Pirate Party,1.6,Syncretic,Pirate politics Freedom of information Open government Network neutrality,https://en.wikipedia.org/wiki/Pirate_Party_(Slovenia)
2021-04-14,Pirate Party,0.8,Syncretic,Pirate politics Freedom of information Open government Network neutrality,https://en.wikipedia.org/wiki/Pirate_Party_(Slovenia)
2021-04-26,Pirate Party,2.3,Syncretic,Pirate politics Freedom of information Open government Network neutrality,https://en.wikipedia.org/wiki/Pirate_Party_(Slovenia)
2021-05-05,Pirate Party,1.4,Syncretic,Pirate politics Freedom of information Open government Network neutrality,https://en.wikipedia.org/wiki/Pirate_Party_(Slovenia)
2021-05-13,Pirate Party,1.9,Syncretic,Pirate politics Freedom of information Open government Network neutrality,https://en.wikipedia.org/wiki/Pirate_Party_(Slovenia)
2021-05-24,Pirate Party,1.5,Syncretic,Pirate politics Freedom of information Open government Network neutrality,https://en.wikipedia.org/wiki/Pirate_Party_(Slovenia)
2021-05-26,Pirate Party,1.5,Syncretic,Pirate politics Freedom of information Open government Network neutrality,https://en.wikipedia.org/wiki/Pirate_Party_(Slovenia)
2021-06-15,Pirate Party,3.0,Syncretic,Pirate politics Freedom of information Open government Network neutrality,https://en.wikipedia.org/wiki/Pirate_Party_(Slovenia)
2021-06-18,Pirate Party,1.9,Syncretic,Pirate politics Freedom of information Open government Network neutrality,https://en.wikipedia.org/wiki/Pirate_Party_(Slovenia)
2021-09-02,Pirate Party,1.5,Syncretic,Pirate politics Freedom of information Open government Network neutrality,https://en.wikipedia.org/wiki/Pirate_Party_(Slovenia)
2021-09-30,Pirate Party,1.8,Syncretic,Pirate politics Freedom of information Open government Network neutrality,https://en.wikipedia.org/wiki/Pirate_Party_(Slovenia)
2021-10-15,Pirate Party,0.9,Syncretic,Pirate politics Freedom of information Open government Network neutrality,https://en.wikipedia.org/wiki/Pirate_Party_(Slovenia)
2021-11-04,Pirate Party,1.6,Syncretic,Pirate politics Freedom of information Open government Network neutrality,https://en.wikipedia.org/wiki/Pirate_Party_(Slovenia)
2021-11-16,Pirate Party,2.5,Syncretic,Pirate politics Freedom of information Open government Network neutrality,https://en.wikipedia.org/wiki/Pirate_Party_(Slovenia)
2021-12-02,Pirate Party,3.7,Syncretic,Pirate politics Freedom of information Open government Network neutrality,https://en.wikipedia.org/wiki/Pirate_Party_(Slovenia)
2021-12-07,Pirate Party,2.0,Syncretic,Pirate politics Freedom of information Open government Network neutrality,https://en.wikipedia.org/wiki/Pirate_Party_(Slovenia)
2021-12-16,Pirate Party,1.4,Syncretic,Pirate politics Freedom of information Open government Network neutrality,https://en.wikipedia.org/wiki/Pirate_Party_(Slovenia)
2021-12-29,Pirate Party,3.5,Syncretic,Pirate politics Freedom of information Open government Network neutrality,https://en.wikipedia.org/wiki/Pirate_Party_(Slovenia)
2022-01-06,Pirate Party,1.5,Syncretic,Pirate politics Freedom of information Open government Network neutrality,https://en.wikipedia.org/wiki/Pirate_Party_(Slovenia)
2022-01-13,Pirate Party,0.7,Syncretic,Pirate politics Freedom of information Open government Network neutrality,https://en.wikipedia.org/wiki/Pirate_Party_(Slovenia)
2022-01-27,Pirate Party,0.5,Syncretic,Pirate politics Freedom of information Open government Network neutrality,https://en.wikipedia.org/wiki/Pirate_Party_(Slovenia)
2022-01-28,Pirate Party,1.1,Syncretic,Pirate politics Freedom of information Open government Network neutrality,https://en.wikipedia.org/wiki/Pirate_Party_(Slovenia)
2022-02-03,Pirate Party,2.0,Syncretic,Pirate politics Freedom of information Open government Network neutrality,https://en.wikipedia.org/wiki/Pirate_Party_(Slovenia)
2022-02-10,Pirate Party,2.4,Syncretic,Pirate politics Freedom of information Open government Network neutrality,https://en.wikipedia.org/wiki/Pirate_Party_(Slovenia)
2022-02-10,Pirate Party,0.7,Syncretic,Pirate politics Freedom of information Open government Network neutrality,https://en.wikipedia.org/wiki/Pirate_Party_(Slovenia)
2022-02-16,Pirate Party,1.6,Syncretic,Pirate politics Freedom of information Open government Network neutrality,https://en.wikipedia.org/wiki/Pirate_Party_(Slovenia)
2022-02-23,Pirate Party,1.5,Syncretic,Pirate politics Freedom of information Open government Network neutrality,https://en.wikipedia.org/wiki/Pirate_Party_(Slovenia)
2022-02-24,Pirate Party,2.1,Syncretic,Pirate politics Freedom of information Open government Network neutrality,https://en.wikipedia.org/wiki/Pirate_Party_(Slovenia)
2022-02-25,Pirate Party,1.7,Syncretic,Pirate politics Freedom of information Open government Network neutrality,https://en.wikipedia.org/wiki/Pirate_Party_(Slovenia)
2022-03-03,Pirate Party,1.0,Syncretic,Pirate politics Freedom of information Open government Network neutrality,https://en.wikipedia.org/wiki/Pirate_Party_(Slovenia)
2022-03-10,Pirate Party,1.6,Syncretic,Pirate politics Freedom of information Open government Network neutrality,https://en.wikipedia.org/wiki/Pirate_Party_(Slovenia)
2022-03-10,Pirate Party,0.9,Syncretic,Pirate politics Freedom of information Open government Network neutrality,https://en.wikipedia.org/wiki/Pirate_Party_(Slovenia)
2022-03-17,Pirate Party,1.1,Syncretic,Pirate politics Freedom of information Open government Network neutrality,https://en.wikipedia.org/wiki/Pirate_Party_(Slovenia)
2022-03-23,Pirate Party,0.9,Syncretic,Pirate politics Freedom of information Open government Network neutrality,https://en.wikipedia.org/wiki/Pirate_Party_(Slovenia)
2022-03-24,Pirate Party,1.0,Syncretic,Pirate politics Freedom of information Open government Network neutrality,https://en.wikipedia.org/wiki/Pirate_Party_(Slovenia)
2022-03-24,Pirate Party,2.4,Syncretic,Pirate politics Freedom of information Open government Network neutrality,https://en.wikipedia.org/wiki/Pirate_Party_(Slovenia)
2022-03-31,Pirate Party,0.6,Syncretic,Pirate politics Freedom of information Open government Network neutrality,https://en.wikipedia.org/wiki/Pirate_Party_(Slovenia)
2022-03-31,Pirate Party,1.3,Syncretic,Pirate politics Freedom of information Open government Network neutrality,https://en.wikipedia.org/wiki/Pirate_Party_(Slovenia)
2022-04-01,Pirate Party,2.0,Syncretic,Pirate politics Freedom of information Open government Network neutrality,https://en.wikipedia.org/wiki/Pirate_Party_(Slovenia)
2022-04-06,Pirate Party,1.0,Syncretic,Pirate politics Freedom of information Open government Network neutrality,https://en.wikipedia.org/wiki/Pirate_Party_(Slovenia)
2022-04-07,Pirate Party,2.4,Syncretic,Pirate politics Freedom of information Open government Network neutrality,https://en.wikipedia.org/wiki/Pirate_Party_(Slovenia)
2022-04-07,Pirate Party,1.0,Syncretic,Pirate politics Freedom of information Open government Network neutrality,https://en.wikipedia.org/wiki/Pirate_Party_(Slovenia)
2022-04-13,Pirate Party,1.3,Syncretic,Pirate politics Freedom of information Open government Network neutrality,https://en.wikipedia.org/wiki/Pirate_Party_(Slovenia)
2022-04-13,Pirate Party,1.4,Syncretic,Pirate politics Freedom of information Open government Network neutrality,https://en.wikipedia.org/wiki/Pirate_Party_(Slovenia)
2022-04-14,Pirate Party,1.8,Syncretic,Pirate politics Freedom of information Open government Network neutrality,https://en.wikipedia.org/wiki/Pirate_Party_(Slovenia)
2022-04-14,Pirate Party,1.2,Syncretic,Pirate politics Freedom of information Open government Network neutrality,https://en.wikipedia.org/wiki/Pirate_Party_(Slovenia)
2022-04-15,Pirate Party,0.4,Syncretic,Pirate politics Freedom of information Open government Network neutrality,https://en.wikipedia.org/wiki/Pirate_Party_(Slovenia)
2022-04-15,Pirate Party,1.7,Syncretic,Pirate politics Freedom of information Open government Network neutrality,https://en.wikipedia.org/wiki/Pirate_Party_(Slovenia)
2022-04-16,Pirate Party,1.6,Syncretic,Pirate politics Freedom of information Open government Network neutrality,https://en.wikipedia.org/wiki/Pirate_Party_(Slovenia)
2022-04-19,Pirate Party,1.1,Syncretic,Pirate politics Freedom of information Open government Network neutrality,https://en.wikipedia.org/wiki/Pirate_Party_(Slovenia)
2022-04-19,Pirate Party,1.2,Syncretic,Pirate politics Freedom of information Open government Network neutrality,https://en.wikipedia.org/wiki/Pirate_Party_(Slovenia)
2022-04-20,Pirate Party,2.1,Syncretic,Pirate politics Freedom of information Open government Network neutrality,https://en.wikipedia.org/wiki/Pirate_Party_(Slovenia)
2022-04-21,Pirate Party,2.4,Syncretic,Pirate politics Freedom of information Open government Network neutrality,https://en.wikipedia.org/wiki/Pirate_Party_(Slovenia)
2022-04-21,Pirate Party,2.9,Syncretic,Pirate politics Freedom of information Open government Network neutrality,https://en.wikipedia.org/wiki/Pirate_Party_(Slovenia)
2022-04-21,Pirate Party,1.4,Syncretic,Pirate politics Freedom of information Open government Network neutrality,https://en.wikipedia.org/wiki/Pirate_Party_(Slovenia)
2022-04-22,Pirate Party,2.5,Syncretic,Pirate politics Freedom of information Open government Network neutrality,https://en.wikipedia.org/wiki/Pirate_Party_(Slovenia)
2022-04-24,Pirate Party,1.6,Syncretic,Pirate politics Freedom of information Open government Network neutrality,https://en.wikipedia.org/wiki/Pirate_Party_(Slovenia)
2022-04-24,Pirate Party,1.6,Syncretic,Pirate politics Freedom of information Open government Network neutrality,https://en.wikipedia.org/wiki/Pirate_Party_(Slovenia)
2026-03-22,Pirate Party,2.4,Syncretic,Pirate politics Freedom of information Open government Network neutrality,https://en.wikipedia.org/wiki/Pirate_Party_(Slovenia)
2026-04-09,Pirate Party,2.9,Syncretic,Pirate politics Freedom of information Open government Network neutrality,https://en.wikipedia.org/wiki/Pirate_Party_(Slovenia)
2026-04-10,Pirate Party,1.4,Syncretic,Pirate politics Freedom of information Open government Network neutrality,https://en.wikipedia.org/wiki/Pirate_Party_(Slovenia)
2026-04-15,Pirate Party,2.0,Syncretic,Pirate politics Freedom of information Open government Network neutrality,https://en.wikipedia.org/wiki/Pirate_Party_(Slovenia)
2026-04-23,Pirate Party,1.4,Syncretic,Pirate politics Freedom of information Open government Network neutrality,https://en.wikipedia.org/wiki/Pirate_Party_(Slovenia)
2026-05-07,Pirate Party,3.3,Syncretic,Pirate politics Freedom of information Open government Network neutrality,https://en.wikipedia.org/wiki/Pirate_Party_(Slovenia)
2026-05-12,Pirate Party,4.8,Syncretic,Pirate politics Freedom of information Open government Network neutrality,https://en.wikipedia.org/wiki/Pirate_Party_(Slovenia)
2026-05-13,Pirate Party,1.6,Syncretic,Pirate politics Freedom of information Open government Network neutrality,https://en.wikipedia.org/wiki/Pirate_Party_(Slovenia)
2026-05-20,Pirate Party,2.3,Syncretic,Pirate politics Freedom of information Open government Network neutrality,https://en.wikipedia.org/wiki/Pirate_Party_(Slovenia)
2026-05-21,Pirate Party,2.8,Syncretic,Pirate politics Freedom of information Open government Network neutrality,https://en.wikipedia.org/wiki/Pirate_Party_(Slovenia)
2014-07-13,Positive Slovenia,3.0,Centre to centre-left,Social liberalism Social democracy,https://en.wikipedia.org/wiki/Positive_Slovenia
2014-09-11,Positive Slovenia,1.1,Centre to centre-left,Social liberalism Social democracy,https://en.wikipedia.org/wiki/Positive_Slovenia
2014-11-20,Positive Slovenia,0.5,Centre to centre-left,Social liberalism Social democracy,https://en.wikipedia.org/wiki/Positive_Slovenia
2014-12-04,Positive Slovenia,1.5,Centre to centre-left,Social liberalism Social democracy,https://en.wikipedia.org/wiki/Positive_Slovenia
2015-01-08,Positive Slovenia,0.6,Centre to centre-left,Social liberalism Social democracy,https://en.wikipedia.org/wiki/Positive_Slovenia
2015-02-05,Positive Slovenia,0.2,Centre to centre-left,Social liberalism Social democracy,https://en.wikipedia.org/wiki/Positive_Slovenia
2015-03-05,Positive Slovenia,1.1,Centre to centre-left,Social liberalism Social democracy,https://en.wikipedia.org/wiki/Positive_Slovenia
2015-04-02,Positive Slovenia,0.6,Centre to centre-left,Social liberalism Social democracy,https://en.wikipedia.org/wiki/Positive_Slovenia
2015-05-07,Positive Slovenia,0.7,Centre to centre-left,Social liberalism Social democracy,https://en.wikipedia.org/wiki/Positive_Slovenia
2015-06-05,Positive Slovenia,0.4,Centre to centre-left,Social liberalism Social democracy,https://en.wikipedia.org/wiki/Positive_Slovenia
2015-08-06,Positive Slovenia,0.8,Centre to centre-left,Social liberalism Social democracy,https://en.wikipedia.org/wiki/Positive_Slovenia
2015-09-03,Positive Slovenia,0.3,Centre to centre-left,Social liberalism Social democracy,https://en.wikipedia.org/wiki/Positive_Slovenia
2015-10-07,Positive Slovenia,0.2,Centre to centre-left,Social liberalism Social democracy,https://en.wikipedia.org/wiki/Positive_Slovenia
2015-11-22,Positive Slovenia,2.5,Centre to centre-left,Social liberalism Social democracy,https://en.wikipedia.org/wiki/Positive_Slovenia
2016-01-07,Positive Slovenia,0.2,Centre to centre-left,Social liberalism Social democracy,https://en.wikipedia.org/wiki/Positive_Slovenia
2016-02-04,Positive Slovenia,0.6,Centre to centre-left,Social liberalism Social democracy,https://en.wikipedia.org/wiki/Positive_Slovenia
2016-03-01,Positive Slovenia,1.1,Centre to centre-left,Social liberalism Social democracy,https://en.wikipedia.org/wiki/Positive_Slovenia
2016-04-07,Positive Slovenia,1.0,Centre to centre-left,Social liberalism Social democracy,https://en.wikipedia.org/wiki/Positive_Slovenia
2016-05-06,Positive Slovenia,0.3,Centre to centre-left,Social liberalism Social democracy,https://en.wikipedia.org/wiki/Positive_Slovenia
2016-06-02,Positive Slovenia,0.1,Centre to centre-left,Social liberalism Social democracy,https://en.wikipedia.org/wiki/Positive_Slovenia
2016-07-07,Positive Slovenia,0.4,Centre to centre-left,Social liberalism Social democracy,https://en.wikipedia.org/wiki/Positive_Slovenia
2016-09-08,Positive Slovenia,1.3,Centre to centre-left,Social liberalism Social democracy,https://en.wikipedia.org/wiki/Positive_Slovenia
2016-11-27,Positive Slovenia,0.4,Centre to centre-left,Social liberalism Social democracy,https://en.wikipedia.org/wiki/Positive_Slovenia
2016-12-23,Positive Slovenia,0.2,Centre to centre-left,Social liberalism Social democracy,https://en.wikipedia.org/wiki/Positive_Slovenia
2017-01-22,Positive Slovenia,0.9,Centre to centre-left,Social liberalism Social democracy,https://en.wikipedia.org/wiki/Positive_Slovenia
2017-02-03,Positive Slovenia,2.5,Centre to centre-left,Social liberalism Social democracy,https://en.wikipedia.org/wiki/Positive_Slovenia
2017-02-24,Positive Slovenia,0.8,Centre to centre-left,Social liberalism Social democracy,https://en.wikipedia.org/wiki/Positive_Slovenia
2017-03-24,Positive Slovenia,1.3,Centre to centre-left,Social liberalism Social democracy,https://en.wikipedia.org/wiki/Positive_Slovenia
2017-04-21,Positive Slovenia,0.8,Centre to centre-left,Social liberalism Social democracy,https://en.wikipedia.org/wiki/Positive_Slovenia
2017-06-25,Positive Slovenia,0.6,Centre to centre-left,Social liberalism Social democracy,https://en.wikipedia.org/wiki/Positive_Slovenia
2017-08-26,Positive Slovenia,0.7,Centre to centre-left,Social liberalism Social democracy,https://en.wikipedia.org/wiki/Positive_Slovenia
2017-09-23,Positive Slovenia,0.5,Centre to centre-left,Social liberalism Social democracy,https://en.wikipedia.org/wiki/Positive_Slovenia
2017-11-11,Positive Slovenia,1.4,Centre to centre-left,Social liberalism Social democracy,https://en.wikipedia.org/wiki/Positive_Slovenia
2018-01-28,Positive Slovenia,0.7,Centre to centre-left,Social liberalism Social democracy,https://en.wikipedia.org/wiki/Positive_Slovenia
2018-02-25,Positive Slovenia,0.5,Centre to centre-left,Social liberalism Social democracy,https://en.wikipedia.org/wiki/Positive_Slovenia
2018-03-14,Positive Slovenia,0.7,Centre to centre-left,Social liberalism Social democracy,https://en.wikipedia.org/wiki/Positive_Slovenia
2018-03-25,Positive Slovenia,0.5,Centre to centre-left,Social liberalism Social democracy,https://en.wikipedia.org/wiki/Positive_Slovenia
2018-04-22,Positive Slovenia,0.2,Centre to centre-left,Social liberalism Social democracy,https://en.wikipedia.org/wiki/Positive_Slovenia
2026-03-22,Prerod,3.1,Centre-left,Social liberalism Pro-Europeanism,https://en.wikipedia.org/wiki/Prerod
2026-04-09,Prerod,1.8,Centre-left,Social liberalism Pro-Europeanism,https://en.wikipedia.org/wiki/Prerod
2026-04-10,Prerod,2.6,Centre-left,Social liberalism Pro-Europeanism,https://en.wikipedia.org/wiki/Prerod
2026-04-15,Prerod,3.1,Centre-left,Social liberalism Pro-Europeanism,https://en.wikipedia.org/wiki/Prerod
2026-04-23,Prerod,3.4,Centre-left,Social liberalism Pro-Europeanism,https://en.wikipedia.org/wiki/Prerod
2026-05-07,Prerod,2.3,Centre-left,Social liberalism Pro-Europeanism,https://en.wikipedia.org/wiki/Prerod
2026-05-12,Prerod,3.2,Centre-left,Social liberalism Pro-Europeanism,https://en.wikipedia.org/wiki/Prerod
2026-05-13,Prerod,2.1,Centre-left,Social liberalism Pro-Europeanism,https://en.wikipedia.org/wiki/Prerod
2026-05-20,Prerod,3.5,Centre-left,Social liberalism Pro-Europeanism,https://en.wikipedia.org/wiki/Prerod
2026-05-21,Prerod,3.9,Centre-left,Social liberalism Pro-Europeanism,https://en.wikipedia.org/wiki/Prerod
2022-01-27,Resni.ca,0.2,,Populism Direct democracy Civil libertarianism Souverainism Euroscepticism,https://en.wikipedia.org/wiki/Resni.ca
2022-02-10,Resni.ca,2.0,,Populism Direct democracy Civil libertarianism Souverainism Euroscepticism,https://en.wikipedia.org/wiki/Resni.ca
2022-02-10,Resni.ca,1.0,,Populism Direct democracy Civil libertarianism Souverainism Euroscepticism,https://en.wikipedia.org/wiki/Resni.ca
2022-02-16,Resni.ca,2.4,,Populism Direct democracy Civil libertarianism Souverainism Euroscepticism,https://en.wikipedia.org/wiki/Resni.ca
2022-02-23,Resni.ca,2.4,,Populism Direct democracy Civil libertarianism Souverainism Euroscepticism,https://en.wikipedia.org/wiki/Resni.ca
2022-02-24,Resni.ca,2.1,,Populism Direct democracy Civil libertarianism Souverainism Euroscepticism,https://en.wikipedia.org/wiki/Resni.ca
2022-02-25,Resni.ca,1.7,,Populism Direct democracy Civil libertarianism Souverainism Euroscepticism,https://en.wikipedia.org/wiki/Resni.ca
2022-03-03,Resni.ca,2.5,,Populism Direct democracy Civil libertarianism Souverainism Euroscepticism,https://en.wikipedia.org/wiki/Resni.ca
2022-03-10,Resni.ca,2.7,,Populism Direct democracy Civil libertarianism Souverainism Euroscepticism,https://en.wikipedia.org/wiki/Resni.ca
2022-03-10,Resni.ca,1.4,,Populism Direct democracy Civil libertarianism Souverainism Euroscepticism,https://en.wikipedia.org/wiki/Resni.ca
2022-03-17,Resni.ca,2.1,,Populism Direct democracy Civil libertarianism Souverainism Euroscepticism,https://en.wikipedia.org/wiki/Resni.ca
2022-03-23,Resni.ca,0.4,,Populism Direct democracy Civil libertarianism Souverainism Euroscepticism,https://en.wikipedia.org/wiki/Resni.ca
2022-03-24,Resni.ca,1.9,,Populism Direct democracy Civil libertarianism Souverainism Euroscepticism,https://en.wikipedia.org/wiki/Resni.ca
2022-03-24,Resni.ca,2.3,,Populism Direct democracy Civil libertarianism Souverainism Euroscepticism,https://en.wikipedia.org/wiki/Resni.ca
2022-03-31,Resni.ca,2.3,,Populism Direct democracy Civil libertarianism Souverainism Euroscepticism,https://en.wikipedia.org/wiki/Resni.ca
2022-03-31,Resni.ca,1.7,,Populism Direct democracy Civil libertarianism Souverainism Euroscepticism,https://en.wikipedia.org/wiki/Resni.ca
2022-04-01,Resni.ca,1.5,,Populism Direct democracy Civil libertarianism Souverainism Euroscepticism,https://en.wikipedia.org/wiki/Resni.ca
2022-04-06,Resni.ca,2.2,,Populism Direct democracy Civil libertarianism Souverainism Euroscepticism,https://en.wikipedia.org/wiki/Resni.ca
2022-04-07,Resni.ca,1.7,,Populism Direct democracy Civil libertarianism Souverainism Euroscepticism,https://en.wikipedia.org/wiki/Resni.ca
2022-04-07,Resni.ca,2.2,,Populism Direct democracy Civil libertarianism Souverainism Euroscepticism,https://en.wikipedia.org/wiki/Resni.ca
2022-04-13,Resni.ca,3.3,,Populism Direct democracy Civil libertarianism Souverainism Euroscepticism,https://en.wikipedia.org/wiki/Resni.ca
2022-04-13,Resni.ca,1.8,,Populism Direct democracy Civil libertarianism Souverainism Euroscepticism,https://en.wikipedia.org/wiki/Resni.ca
2022-04-14,Resni.ca,2.9,,Populism Direct democracy Civil libertarianism Souverainism Euroscepticism,https://en.wikipedia.org/wiki/Resni.ca
2022-04-14,Resni.ca,2.7,,Populism Direct democracy Civil libertarianism Souverainism Euroscepticism,https://en.wikipedia.org/wiki/Resni.ca
2022-04-15,Resni.ca,1.9,,Populism Direct democracy Civil libertarianism Souverainism Euroscepticism,https://en.wikipedia.org/wiki/Resni.ca
2022-04-15,Resni.ca,2.0,,Populism Direct democracy Civil libertarianism Souverainism Euroscepticism,https://en.wikipedia.org/wiki/Resni.ca
2022-04-16,Resni.ca,2.6,,Populism Direct democracy Civil libertarianism Souverainism Euroscepticism,https://en.wikipedia.org/wiki/Resni.ca
2022-04-19,Resni.ca,1.4,,Populism Direct democracy Civil libertarianism Souverainism Euroscepticism,https://en.wikipedia.org/wiki/Resni.ca
2022-04-19,Resni.ca,2.6,,Populism Direct democracy Civil libertarianism Souverainism Euroscepticism,https://en.wikipedia.org/wiki/Resni.ca
2022-04-20,Resni.ca,2.9,,Populism Direct democracy Civil libertarianism Souverainism Euroscepticism,https://en.wikipedia.org/wiki/Resni.ca
2022-04-21,Resni.ca,2.9,,Populism Direct democracy Civil libertarianism Souverainism Euroscepticism,https://en.wikipedia.org/wiki/Resni.ca
2022-04-21,Resni.ca,2.8,,Populism Direct democracy Civil libertarianism Souverainism Euroscepticism,https://en.wikipedia.org/wiki/Resni.ca
2022-04-21,Resni.ca,1.9,,Populism Direct democracy Civil libertarianism Souverainism Euroscepticism,https://en.wikipedia.org/wiki/Resni.ca
2022-04-22,Resni.ca,2.9,,Populism Direct democracy Civil libertarianism Souverainism Euroscepticism,https://en.wikipedia.org/wiki/Resni.ca
2022-04-24,Resni.ca,2.6,,Populism Direct democracy Civil libertarianism Souverainism Euroscepticism,https://en.wikipedia.org/wiki/Resni.ca
2022-04-24,Resni.ca,2.9,,Populism Direct democracy Civil libertarianism Souverainism Euroscepticism,https://en.wikipedia.org/wiki/Resni.ca
2026-03-22,Resni.ca,5.5,,Populism Direct democracy Civil libertarianism Souverainism Euroscepticism,https://en.wikipedia.org/wiki/Resni.ca
2026-04-09,Resni.ca,5.6,,Populism Direct democracy Civil libertarianism Souverainism Euroscepticism,https://en.wikipedia.org/wiki/Resni.ca
2026-04-10,Resni.ca,5.4,,Populism Direct democracy Civil libertarianism Souverainism Euroscepticism,https://en.wikipedia.org/wiki/Resni.ca
2026-04-15,Resni.ca,4.4,,Populism Direct democracy Civil libertarianism Souverainism Euroscepticism,https://en.wikipedia.org/wiki/Resni.ca
2026-04-23,Resni.ca,4.6,,Populism Direct democracy Civil libertarianism Souverainism Euroscepticism,https://en.wikipedia.org/wiki/Resni.ca
2026-05-07,Resni.ca,4.0,,Populism Direct democracy Civil libertarianism Souverainism Euroscepticism,https://en.wikipedia.org/wiki/Resni.ca
2026-05-12,Resni.ca,7.5,,Populism Direct democracy Civil libertarianism Souverainism Euroscepticism,https://en.wikipedia.org/wiki/Resni.ca
2026-05-13,Resni.ca,4.4,,Populism Direct democracy Civil libertarianism Souverainism Euroscepticism,https://en.wikipedia.org/wiki/Resni.ca
2026-05-20,Resni.ca,4.6,,Populism Direct democracy Civil libertarianism Souverainism Euroscepticism,https://en.wikipedia.org/wiki/Resni.ca
2026-05-21,Resni.ca,3.7,,Populism Direct democracy Civil libertarianism Souverainism Euroscepticism,https://en.wikipedia.org/wiki/Resni.ca
2014-07-13,Slovenian Democratic Party,20.7,Right-wing,National conservatism Nationalism Right-wing populism,https://en.wikipedia.org/wiki/Slovenian_Democratic_Party
2014-08-07,Slovenian Democratic Party,11.2,Right-wing,National conservatism Nationalism Right-wing populism,https://en.wikipedia.org/wiki/Slovenian_Democratic_Party
2014-09-11,Slovenian Democratic Party,15.1,Right-wing,National conservatism Nationalism Right-wing populism,https://en.wikipedia.org/wiki/Slovenian_Democratic_Party
2014-09-11,Slovenian Democratic Party,8.9,Right-wing,National conservatism Nationalism Right-wing populism,https://en.wikipedia.org/wiki/Slovenian_Democratic_Party
2014-09-28,Slovenian Democratic Party,12.1,Right-wing,National conservatism Nationalism Right-wing populism,https://en.wikipedia.org/wiki/Slovenian_Democratic_Party
2014-10-09,Slovenian Democratic Party,10.9,Right-wing,National conservatism Nationalism Right-wing populism,https://en.wikipedia.org/wiki/Slovenian_Democratic_Party
2014-10-26,Slovenian Democratic Party,14.5,Right-wing,National conservatism Nationalism Right-wing populism,https://en.wikipedia.org/wiki/Slovenian_Democratic_Party
2014-11-05,Slovenian Democratic Party,8.8,Right-wing,National conservatism Nationalism Right-wing populism,https://en.wikipedia.org/wiki/Slovenian_Democratic_Party
2014-11-20,Slovenian Democratic Party,11.3,Right-wing,National conservatism Nationalism Right-wing populism,https://en.wikipedia.org/wiki/Slovenian_Democratic_Party
2014-11-20,Slovenian Democratic Party,14.5,Right-wing,National conservatism Nationalism Right-wing populism,https://en.wikipedia.org/wiki/Slovenian_Democratic_Party
2014-12-04,Slovenian Democratic Party,13.7,Right-wing,National conservatism Nationalism Right-wing populism,https://en.wikipedia.org/wiki/Slovenian_Democratic_Party
2014-12-17,Slovenian Democratic Party,11.4,Right-wing,National conservatism Nationalism Right-wing populism,https://en.wikipedia.org/wiki/Slovenian_Democratic_Party
2014-12-21,Slovenian Democratic Party,18.0,Right-wing,National conservatism Nationalism Right-wing populism,https://en.wikipedia.org/wiki/Slovenian_Democratic_Party
2015-01-08,Slovenian Democratic Party,13.0,Right-wing,National conservatism Nationalism Right-wing populism,https://en.wikipedia.org/wiki/Slovenian_Democratic_Party
2015-01-21,Slovenian Democratic Party,14.6,Right-wing,National conservatism Nationalism Right-wing populism,https://en.wikipedia.org/wiki/Slovenian_Democratic_Party
2015-02-05,Slovenian Democratic Party,14.8,Right-wing,National conservatism Nationalism Right-wing populism,https://en.wikipedia.org/wiki/Slovenian_Democratic_Party
2015-02-12,Slovenian Democratic Party,16.0,Right-wing,National conservatism Nationalism Right-wing populism,https://en.wikipedia.org/wiki/Slovenian_Democratic_Party
2015-02-22,Slovenian Democratic Party,13.5,Right-wing,National conservatism Nationalism Right-wing populism,https://en.wikipedia.org/wiki/Slovenian_Democratic_Party
2015-03-05,Slovenian Democratic Party,11.7,Right-wing,National conservatism Nationalism Right-wing populism,https://en.wikipedia.org/wiki/Slovenian_Democratic_Party
2015-03-12,Slovenian Democratic Party,16.3,Right-wing,National conservatism Nationalism Right-wing populism,https://en.wikipedia.org/wiki/Slovenian_Democratic_Party
2015-03-22,Slovenian Democratic Party,11.3,Right-wing,National conservatism Nationalism Right-wing populism,https://en.wikipedia.org/wiki/Slovenian_Democratic_Party
2015-04-02,Slovenian Democratic Party,9.0,Right-wing,National conservatism Nationalism Right-wing populism,https://en.wikipedia.org/wiki/Slovenian_Democratic_Party
2015-04-16,Slovenian Democratic Party,12.4,Right-wing,National conservatism Nationalism Right-wing populism,https://en.wikipedia.org/wiki/Slovenian_Democratic_Party
2015-04-26,Slovenian Democratic Party,13.1,Right-wing,National conservatism Nationalism Right-wing populism,https://en.wikipedia.org/wiki/Slovenian_Democratic_Party
2015-05-07,Slovenian Democratic Party,9.4,Right-wing,National conservatism Nationalism Right-wing populism,https://en.wikipedia.org/wiki/Slovenian_Democratic_Party
2015-05-14,Slovenian Democratic Party,12.4,Right-wing,National conservatism Nationalism Right-wing populism,https://en.wikipedia.org/wiki/Slovenian_Democratic_Party
2015-05-24,Slovenian Democratic Party,12.7,Right-wing,National conservatism Nationalism Right-wing populism,https://en.wikipedia.org/wiki/Slovenian_Democratic_Party
2015-06-05,Slovenian Democratic Party,9.0,Right-wing,National conservatism Nationalism Right-wing populism,https://en.wikipedia.org/wiki/Slovenian_Democratic_Party
2015-06-10,Slovenian Democratic Party,13.2,Right-wing,National conservatism Nationalism Right-wing populism,https://en.wikipedia.org/wiki/Slovenian_Democratic_Party
2015-06-28,Slovenian Democratic Party,13.5,Right-wing,National conservatism Nationalism Right-wing populism,https://en.wikipedia.org/wiki/Slovenian_Democratic_Party
2015-07-02,Slovenian Democratic Party,11.7,Right-wing,National conservatism Nationalism Right-wing populism,https://en.wikipedia.org/wiki/Slovenian_Democratic_Party
2015-07-15,Slovenian Democratic Party,14.2,Right-wing,National conservatism Nationalism Right-wing populism,https://en.wikipedia.org/wiki/Slovenian_Democratic_Party
2015-07-26,Slovenian Democratic Party,11.4,Right-wing,National conservatism Nationalism Right-wing populism,https://en.wikipedia.org/wiki/Slovenian_Democratic_Party
2015-08-06,Slovenian Democratic Party,9.4,Right-wing,National conservatism Nationalism Right-wing populism,https://en.wikipedia.org/wiki/Slovenian_Democratic_Party
2015-08-13,Slovenian Democratic Party,15.6,Right-wing,National conservatism Nationalism Right-wing populism,https://en.wikipedia.org/wiki/Slovenian_Democratic_Party
2015-08-23,Slovenian Democratic Party,12.5,Right-wing,National conservatism Nationalism Right-wing populism,https://en.wikipedia.org/wiki/Slovenian_Democratic_Party
2015-09-03,Slovenian Democratic Party,8.9,Right-wing,National conservatism Nationalism Right-wing populism,https://en.wikipedia.org/wiki/Slovenian_Democratic_Party
2015-09-10,Slovenian Democratic Party,14.1,Right-wing,National conservatism Nationalism Right-wing populism,https://en.wikipedia.org/wiki/Slovenian_Democratic_Party
2015-09-27,Slovenian Democratic Party,13.3,Right-wing,National conservatism Nationalism Right-wing populism,https://en.wikipedia.org/wiki/Slovenian_Democratic_Party
2015-10-07,Slovenian Democratic Party,8.5,Right-wing,National conservatism Nationalism Right-wing populism,https://en.wikipedia.org/wiki/Slovenian_Democratic_Party
2015-10-14,Slovenian Democratic Party,15.9,Right-wing,National conservatism Nationalism Right-wing populism,https://en.wikipedia.org/wiki/Slovenian_Democratic_Party
2015-10-25,Slovenian Democratic Party,13.5,Right-wing,National conservatism Nationalism Right-wing populism,https://en.wikipedia.org/wiki/Slovenian_Democratic_Party
2015-10-30,Slovenian Democratic Party,17.0,Right-wing,National conservatism Nationalism Right-wing populism,https://en.wikipedia.org/wiki/Slovenian_Democratic_Party
2015-11-05,Slovenian Democratic Party,13.1,Right-wing,National conservatism Nationalism Right-wing populism,https://en.wikipedia.org/wiki/Slovenian_Democratic_Party
2015-11-19,Slovenian Democratic Party,14.4,Right-wing,National conservatism Nationalism Right-wing populism,https://en.wikipedia.org/wiki/Slovenian_Democratic_Party
2015-11-22,Slovenian Democratic Party,12.2,Right-wing,National conservatism Nationalism Right-wing populism,https://en.wikipedia.org/wiki/Slovenian_Democratic_Party
2015-12-06,Slovenian Democratic Party,15.3,Right-wing,National conservatism Nationalism Right-wing populism,https://en.wikipedia.org/wiki/Slovenian_Democratic_Party
2015-12-10,Slovenian Democratic Party,13.0,Right-wing,National conservatism Nationalism Right-wing populism,https://en.wikipedia.org/wiki/Slovenian_Democratic_Party
2015-12-17,Slovenian Democratic Party,15.8,Right-wing,National conservatism Nationalism Right-wing populism,https://en.wikipedia.org/wiki/Slovenian_Democratic_Party
2015-12-27,Slovenian Democratic Party,14.2,Right-wing,National conservatism Nationalism Right-wing populism,https://en.wikipedia.org/wiki/Slovenian_Democratic_Party
2016-01-07,Slovenian Democratic Party,12.0,Right-wing,National conservatism Nationalism Right-wing populism,https://en.wikipedia.org/wiki/Slovenian_Democratic_Party
2016-01-18,Slovenian Democratic Party,17.8,Right-wing,National conservatism Nationalism Right-wing populism,https://en.wikipedia.org/wiki/Slovenian_Democratic_Party
2016-01-24,Slovenian Democratic Party,14.2,Right-wing,National conservatism Nationalism Right-wing populism,https://en.wikipedia.org/wiki/Slovenian_Democratic_Party
2016-02-04,Slovenian Democratic Party,12.3,Right-wing,National conservatism Nationalism Right-wing populism,https://en.wikipedia.org/wiki/Slovenian_Democratic_Party
2016-02-18,Slovenian Democratic Party,21.4,Right-wing,National conservatism Nationalism Right-wing populism,https://en.wikipedia.org/wiki/Slovenian_Democratic_Party
2016-02-28,Slovenian Democratic Party,13.4,Right-wing,National conservatism Nationalism Right-wing populism,https://en.wikipedia.org/wiki/Slovenian_Democratic_Party
2016-03-01,Slovenian Democratic Party,12.8,Right-wing,National conservatism Nationalism Right-wing populism,https://en.wikipedia.org/wiki/Slovenian_Democratic_Party
2016-03-17,Slovenian Democratic Party,16.8,Right-wing,National conservatism Nationalism Right-wing populism,https://en.wikipedia.org/wiki/Slovenian_Democratic_Party
2016-03-27,Slovenian Democratic Party,11.8,Right-wing,National conservatism Nationalism Right-wing populism,https://en.wikipedia.org/wiki/Slovenian_Democratic_Party
2016-04-07,Slovenian Democratic Party,11.7,Right-wing,National conservatism Nationalism Right-wing populism,https://en.wikipedia.org/wiki/Slovenian_Democratic_Party
2016-04-14,Slovenian Democratic Party,16.6,Right-wing,National conservatism Nationalism Right-wing populism,https://en.wikipedia.org/wiki/Slovenian_Democratic_Party
2016-04-23,Slovenian Democratic Party,13.5,Right-wing,National conservatism Nationalism Right-wing populism,https://en.wikipedia.org/wiki/Slovenian_Democratic_Party
2016-05-06,Slovenian Democratic Party,11.0,Right-wing,National conservatism Nationalism Right-wing populism,https://en.wikipedia.org/wiki/Slovenian_Democratic_Party
2016-05-19,Slovenian Democratic Party,12.4,Right-wing,National conservatism Nationalism Right-wing populism,https://en.wikipedia.org/wiki/Slovenian_Democratic_Party
2016-05-22,Slovenian Democratic Party,13.0,Right-wing,National conservatism Nationalism Right-wing populism,https://en.wikipedia.org/wiki/Slovenian_Democratic_Party
2016-06-02,Slovenian Democratic Party,7.3,Right-wing,National conservatism Nationalism Right-wing populism,https://en.wikipedia.org/wiki/Slovenian_Democratic_Party
2016-06-15,Slovenian Democratic Party,14.3,Right-wing,National conservatism Nationalism Right-wing populism,https://en.wikipedia.org/wiki/Slovenian_Democratic_Party
2016-06-26,Slovenian Democratic Party,9.1,Right-wing,National conservatism Nationalism Right-wing populism,https://en.wikipedia.org/wiki/Slovenian_Democratic_Party
2016-07-07,Slovenian Democratic Party,10.5,Right-wing,National conservatism Nationalism Right-wing populism,https://en.wikipedia.org/wiki/Slovenian_Democratic_Party
2016-07-14,Slovenian Democratic Party,14.1,Right-wing,National conservatism Nationalism Right-wing populism,https://en.wikipedia.org/wiki/Slovenian_Democratic_Party
2016-07-22,Slovenian Democratic Party,12.3,Right-wing,National conservatism Nationalism Right-wing populism,https://en.wikipedia.org/wiki/Slovenian_Democratic_Party
2016-08-02,Slovenian Democratic Party,10.9,Right-wing,National conservatism Nationalism Right-wing populism,https://en.wikipedia.org/wiki/Slovenian_Democratic_Party
2016-08-18,Slovenian Democratic Party,11.3,Right-wing,National conservatism Nationalism Right-wing populism,https://en.wikipedia.org/wiki/Slovenian_Democratic_Party
2016-08-28,Slovenian Democratic Party,10.4,Right-wing,National conservatism Nationalism Right-wing populism,https://en.wikipedia.org/wiki/Slovenian_Democratic_Party
2016-09-08,Slovenian Democratic Party,13.0,Right-wing,National conservatism Nationalism Right-wing populism,https://en.wikipedia.org/wiki/Slovenian_Democratic_Party
2016-09-15,Slovenian Democratic Party,13.0,Right-wing,National conservatism Nationalism Right-wing populism,https://en.wikipedia.org/wiki/Slovenian_Democratic_Party
2016-09-25,Slovenian Democratic Party,13.0,Right-wing,National conservatism Nationalism Right-wing populism,https://en.wikipedia.org/wiki/Slovenian_Democratic_Party
2016-10-03,Slovenian Democratic Party,13.3,Right-wing,National conservatism Nationalism Right-wing populism,https://en.wikipedia.org/wiki/Slovenian_Democratic_Party
2016-10-13,Slovenian Democratic Party,13.8,Right-wing,National conservatism Nationalism Right-wing populism,https://en.wikipedia.org/wiki/Slovenian_Democratic_Party
2016-10-23,Slovenian Democratic Party,12.7,Right-wing,National conservatism Nationalism Right-wing populism,https://en.wikipedia.org/wiki/Slovenian_Democratic_Party
2016-10-29,Slovenian Democratic Party,12.2,Right-wing,National conservatism Nationalism Right-wing populism,https://en.wikipedia.org/wiki/Slovenian_Democratic_Party
2016-11-03,Slovenian Democratic Party,12.5,Right-wing,National conservatism Nationalism Right-wing populism,https://en.wikipedia.org/wiki/Slovenian_Democratic_Party
2016-11-10,Slovenian Democratic Party,14.1,Right-wing,National conservatism Nationalism Right-wing populism,https://en.wikipedia.org/wiki/Slovenian_Democratic_Party
2016-11-27,Slovenian Democratic Party,15.0,Right-wing,National conservatism Nationalism Right-wing populism,https://en.wikipedia.org/wiki/Slovenian_Democratic_Party
2016-12-02,Slovenian Democratic Party,15.9,Right-wing,National conservatism Nationalism Right-wing populism,https://en.wikipedia.org/wiki/Slovenian_Democratic_Party
2016-12-02,Slovenian Democratic Party,12.5,Right-wing,National conservatism Nationalism Right-wing populism,https://en.wikipedia.org/wiki/Slovenian_Democratic_Party
2016-12-15,Slovenian Democratic Party,14.0,Right-wing,National conservatism Nationalism Right-wing populism,https://en.wikipedia.org/wiki/Slovenian_Democratic_Party
2016-12-23,Slovenian Democratic Party,12.3,Right-wing,National conservatism Nationalism Right-wing populism,https://en.wikipedia.org/wiki/Slovenian_Democratic_Party
2017-01-04,Slovenian Democratic Party,14.3,Right-wing,National conservatism Nationalism Right-wing populism,https://en.wikipedia.org/wiki/Slovenian_Democratic_Party
2017-01-08,Slovenian Democratic Party,16.3,Right-wing,National conservatism Nationalism Right-wing populism,https://en.wikipedia.org/wiki/Slovenian_Democratic_Party
2017-01-12,Slovenian Democratic Party,12.7,Right-wing,National conservatism Nationalism Right-wing populism,https://en.wikipedia.org/wiki/Slovenian_Democratic_Party
2017-01-22,Slovenian Democratic Party,11.1,Right-wing,National conservatism Nationalism Right-wing populism,https://en.wikipedia.org/wiki/Slovenian_Democratic_Party
2017-02-03,Slovenian Democratic Party,13.2,Right-wing,National conservatism Nationalism Right-wing populism,https://en.wikipedia.org/wiki/Slovenian_Democratic_Party
2017-02-09,Slovenian Democratic Party,13.7,Right-wing,National conservatism Nationalism Right-wing populism,https://en.wikipedia.org/wiki/Slovenian_Democratic_Party
2017-02-16,Slovenian Democratic Party,12.9,Right-wing,National conservatism Nationalism Right-wing populism,https://en.wikipedia.org/wiki/Slovenian_Democratic_Party
2017-02-24,Slovenian Democratic Party,10.3,Right-wing,National conservatism Nationalism Right-wing populism,https://en.wikipedia.org/wiki/Slovenian_Democratic_Party
2017-03-02,Slovenian Democratic Party,12.9,Right-wing,National conservatism Nationalism Right-wing populism,https://en.wikipedia.org/wiki/Slovenian_Democratic_Party
2017-03-09,Slovenian Democratic Party,13.1,Right-wing,National conservatism Nationalism Right-wing populism,https://en.wikipedia.org/wiki/Slovenian_Democratic_Party
2017-03-16,Slovenian Democratic Party,14.0,Right-wing,National conservatism Nationalism Right-wing populism,https://en.wikipedia.org/wiki/Slovenian_Democratic_Party
2017-03-24,Slovenian Democratic Party,11.9,Right-wing,National conservatism Nationalism Right-wing populism,https://en.wikipedia.org/wiki/Slovenian_Democratic_Party
2017-04-05,Slovenian Democratic Party,14.2,Right-wing,National conservatism Nationalism Right-wing populism,https://en.wikipedia.org/wiki/Slovenian_Democratic_Party
2017-04-13,Slovenian Democratic Party,17.6,Right-wing,National conservatism Nationalism Right-wing populism,https://en.wikipedia.org/wiki/Slovenian_Democratic_Party
2017-04-20,Slovenian Democratic Party,13.9,Right-wing,National conservatism Nationalism Right-wing populism,https://en.wikipedia.org/wiki/Slovenian_Democratic_Party
2017-04-21,Slovenian Democratic Party,12.3,Right-wing,National conservatism Nationalism Right-wing populism,https://en.wikipedia.org/wiki/Slovenian_Democratic_Party
2017-05-05,Slovenian Democratic Party,13.8,Right-wing,National conservatism Nationalism Right-wing populism,https://en.wikipedia.org/wiki/Slovenian_Democratic_Party
2017-05-11,Slovenian Democratic Party,14.1,Right-wing,National conservatism Nationalism Right-wing populism,https://en.wikipedia.org/wiki/Slovenian_Democratic_Party
2017-05-12,Slovenian Democratic Party,17.6,Right-wing,National conservatism Nationalism Right-wing populism,https://en.wikipedia.org/wiki/Slovenian_Democratic_Party
2017-05-28,Slovenian Democratic Party,12.7,Right-wing,National conservatism Nationalism Right-wing populism,https://en.wikipedia.org/wiki/Slovenian_Democratic_Party
2017-06-02,Slovenian Democratic Party,17.9,Right-wing,National conservatism Nationalism Right-wing populism,https://en.wikipedia.org/wiki/Slovenian_Democratic_Party
2017-06-02,Slovenian Democratic Party,14.8,Right-wing,National conservatism Nationalism Right-wing populism,https://en.wikipedia.org/wiki/Slovenian_Democratic_Party
2017-06-15,Slovenian Democratic Party,14.9,Right-wing,National conservatism Nationalism Right-wing populism,https://en.wikipedia.org/wiki/Slovenian_Democratic_Party
2017-06-25,Slovenian Democratic Party,11.6,Right-wing,National conservatism Nationalism Right-wing populism,https://en.wikipedia.org/wiki/Slovenian_Democratic_Party
2017-07-06,Slovenian Democratic Party,15.5,Right-wing,National conservatism Nationalism Right-wing populism,https://en.wikipedia.org/wiki/Slovenian_Democratic_Party
2017-07-06,Slovenian Democratic Party,12.8,Right-wing,National conservatism Nationalism Right-wing populism,https://en.wikipedia.org/wiki/Slovenian_Democratic_Party
2017-07-13,Slovenian Democratic Party,13.0,Right-wing,National conservatism Nationalism Right-wing populism,https://en.wikipedia.org/wiki/Slovenian_Democratic_Party
2017-07-21,Slovenian Democratic Party,13.4,Right-wing,National conservatism Nationalism Right-wing populism,https://en.wikipedia.org/wiki/Slovenian_Democratic_Party
2017-08-02,Slovenian Democratic Party,15.3,Right-wing,National conservatism Nationalism Right-wing populism,https://en.wikipedia.org/wiki/Slovenian_Democratic_Party
2017-08-09,Slovenian Democratic Party,13.5,Right-wing,National conservatism Nationalism Right-wing populism,https://en.wikipedia.org/wiki/Slovenian_Democratic_Party
2017-08-11,Slovenian Democratic Party,16.8,Right-wing,National conservatism Nationalism Right-wing populism,https://en.wikipedia.org/wiki/Slovenian_Democratic_Party
2017-08-26,Slovenian Democratic Party,13.1,Right-wing,National conservatism Nationalism Right-wing populism,https://en.wikipedia.org/wiki/Slovenian_Democratic_Party
2017-09-07,Slovenian Democratic Party,18.6,Right-wing,National conservatism Nationalism Right-wing populism,https://en.wikipedia.org/wiki/Slovenian_Democratic_Party
2017-09-13,Slovenian Democratic Party,14.3,Right-wing,National conservatism Nationalism Right-wing populism,https://en.wikipedia.org/wiki/Slovenian_Democratic_Party
2017-09-14,Slovenian Democratic Party,14.2,Right-wing,National conservatism Nationalism Right-wing populism,https://en.wikipedia.org/wiki/Slovenian_Democratic_Party
2017-09-23,Slovenian Democratic Party,12.5,Right-wing,National conservatism Nationalism Right-wing populism,https://en.wikipedia.org/wiki/Slovenian_Democratic_Party
2017-10-05,Slovenian Democratic Party,15.0,Right-wing,National conservatism Nationalism Right-wing populism,https://en.wikipedia.org/wiki/Slovenian_Democratic_Party
2017-10-06,Slovenian Democratic Party,15.6,Right-wing,National conservatism Nationalism Right-wing populism,https://en.wikipedia.org/wiki/Slovenian_Democratic_Party
2017-11-08,Slovenian Democratic Party,13.8,Right-wing,National conservatism Nationalism Right-wing populism,https://en.wikipedia.org/wiki/Slovenian_Democratic_Party
2017-11-08,Slovenian Democratic Party,15.8,Right-wing,National conservatism Nationalism Right-wing populism,https://en.wikipedia.org/wiki/Slovenian_Democratic_Party
2017-11-11,Slovenian Democratic Party,13.9,Right-wing,National conservatism Nationalism Right-wing populism,https://en.wikipedia.org/wiki/Slovenian_Democratic_Party
2017-11-16,Slovenian Democratic Party,13.6,Right-wing,National conservatism Nationalism Right-wing populism,https://en.wikipedia.org/wiki/Slovenian_Democratic_Party
2017-12-07,Slovenian Democratic Party,12.2,Right-wing,National conservatism Nationalism Right-wing populism,https://en.wikipedia.org/wiki/Slovenian_Democratic_Party
2017-12-14,Slovenian Democratic Party,12.9,Right-wing,National conservatism Nationalism Right-wing populism,https://en.wikipedia.org/wiki/Slovenian_Democratic_Party
2017-12-25,Slovenian Democratic Party,10.6,Right-wing,National conservatism Nationalism Right-wing populism,https://en.wikipedia.org/wiki/Slovenian_Democratic_Party
2018-01-06,Slovenian Democratic Party,15.8,Right-wing,National conservatism Nationalism Right-wing populism,https://en.wikipedia.org/wiki/Slovenian_Democratic_Party
2018-01-11,Slovenian Democratic Party,16.1,Right-wing,National conservatism Nationalism Right-wing populism,https://en.wikipedia.org/wiki/Slovenian_Democratic_Party
2018-01-18,Slovenian Democratic Party,11.9,Right-wing,National conservatism Nationalism Right-wing populism,https://en.wikipedia.org/wiki/Slovenian_Democratic_Party
2018-01-28,Slovenian Democratic Party,8.7,Right-wing,National conservatism Nationalism Right-wing populism,https://en.wikipedia.org/wiki/Slovenian_Democratic_Party
2018-02-05,Slovenian Democratic Party,16.9,Right-wing,National conservatism Nationalism Right-wing populism,https://en.wikipedia.org/wiki/Slovenian_Democratic_Party
2018-02-06,Slovenian Democratic Party,11.4,Right-wing,National conservatism Nationalism Right-wing populism,https://en.wikipedia.org/wiki/Slovenian_Democratic_Party
2018-02-11,Slovenian Democratic Party,13.2,Right-wing,National conservatism Nationalism Right-wing populism,https://en.wikipedia.org/wiki/Slovenian_Democratic_Party
2018-02-15,Slovenian Democratic Party,11.8,Right-wing,National conservatism Nationalism Right-wing populism,https://en.wikipedia.org/wiki/Slovenian_Democratic_Party
2018-02-25,Slovenian Democratic Party,10.6,Right-wing,National conservatism Nationalism Right-wing populism,https://en.wikipedia.org/wiki/Slovenian_Democratic_Party
2018-03-08,Slovenian Democratic Party,14.1,Right-wing,National conservatism Nationalism Right-wing populism,https://en.wikipedia.org/wiki/Slovenian_Democratic_Party
2018-03-14,Slovenian Democratic Party,18.3,Right-wing,National conservatism Nationalism Right-wing populism,https://en.wikipedia.org/wiki/Slovenian_Democratic_Party
2018-03-15,Slovenian Democratic Party,11.7,Right-wing,National conservatism Nationalism Right-wing populism,https://en.wikipedia.org/wiki/Slovenian_Democratic_Party
2018-03-25,Slovenian Democratic Party,10.8,Right-wing,National conservatism Nationalism Right-wing populism,https://en.wikipedia.org/wiki/Slovenian_Democratic_Party
2018-04-03,Slovenian Democratic Party,17.9,Right-wing,National conservatism Nationalism Right-wing populism,https://en.wikipedia.org/wiki/Slovenian_Democratic_Party
2018-04-05,Slovenian Democratic Party,12.7,Right-wing,National conservatism Nationalism Right-wing populism,https://en.wikipedia.org/wiki/Slovenian_Democratic_Party
2018-04-11,Slovenian Democratic Party,11.6,Right-wing,National conservatism Nationalism Right-wing populism,https://en.wikipedia.org/wiki/Slovenian_Democratic_Party
2018-04-22,Slovenian Democratic Party,17.1,Right-wing,National conservatism Nationalism Right-wing populism,https://en.wikipedia.org/wiki/Slovenian_Democratic_Party
2018-04-22,Slovenian Democratic Party,13.5,Right-wing,National conservatism Nationalism Right-wing populism,https://en.wikipedia.org/wiki/Slovenian_Democratic_Party
2018-05-05,Slovenian Democratic Party,17.2,Right-wing,National conservatism Nationalism Right-wing populism,https://en.wikipedia.org/wiki/Slovenian_Democratic_Party
2018-05-07,Slovenian Democratic Party,13.6,Right-wing,National conservatism Nationalism Right-wing populism,https://en.wikipedia.org/wiki/Slovenian_Democratic_Party
2018-05-09,Slovenian Democratic Party,12.6,Right-wing,National conservatism Nationalism Right-wing populism,https://en.wikipedia.org/wiki/Slovenian_Democratic_Party
2018-05-10,Slovenian Democratic Party,19.6,Right-wing,National conservatism Nationalism Right-wing populism,https://en.wikipedia.org/wiki/Slovenian_Democratic_Party
2018-05-10,Slovenian Democratic Party,15.7,Right-wing,National conservatism Nationalism Right-wing populism,https://en.wikipedia.org/wiki/Slovenian_Democratic_Party
2018-05-15,Slovenian Democratic Party,15.5,Right-wing,National conservatism Nationalism Right-wing populism,https://en.wikipedia.org/wiki/Slovenian_Democratic_Party
2018-05-17,Slovenian Democratic Party,15.4,Right-wing,National conservatism Nationalism Right-wing populism,https://en.wikipedia.org/wiki/Slovenian_Democratic_Party
2018-05-17,Slovenian Democratic Party,17.2,Right-wing,National conservatism Nationalism Right-wing populism,https://en.wikipedia.org/wiki/Slovenian_Democratic_Party
2018-05-17,Slovenian Democratic Party,15.4,Right-wing,National conservatism Nationalism Right-wing populism,https://en.wikipedia.org/wiki/Slovenian_Democratic_Party
2018-05-20,Slovenian Democratic Party,14.9,Right-wing,National conservatism Nationalism Right-wing populism,https://en.wikipedia.org/wiki/Slovenian_Democratic_Party
2018-05-22,Slovenian Democratic Party,14.7,Right-wing,National conservatism Nationalism Right-wing populism,https://en.wikipedia.org/wiki/Slovenian_Democratic_Party
2018-05-22,Slovenian Democratic Party,18.9,Right-wing,National conservatism Nationalism Right-wing populism,https://en.wikipedia.org/wiki/Slovenian_Democratic_Party
2018-05-22,Slovenian Democratic Party,25.6,Right-wing,National conservatism Nationalism Right-wing populism,https://en.wikipedia.org/wiki/Slovenian_Democratic_Party
2018-05-23,Slovenian Democratic Party,15.6,Right-wing,National conservatism Nationalism Right-wing populism,https://en.wikipedia.org/wiki/Slovenian_Democratic_Party
2018-05-25,Slovenian Democratic Party,15.6,Right-wing,National conservatism Nationalism Right-wing populism,https://en.wikipedia.org/wiki/Slovenian_Democratic_Party
2018-05-25,Slovenian Democratic Party,15.0,Right-wing,National conservatism Nationalism Right-wing populism,https://en.wikipedia.org/wiki/Slovenian_Democratic_Party
2018-05-27,Slovenian Democratic Party,13.8,Right-wing,National conservatism Nationalism Right-wing populism,https://en.wikipedia.org/wiki/Slovenian_Democratic_Party
2018-05-29,Slovenian Democratic Party,16.5,Right-wing,National conservatism Nationalism Right-wing populism,https://en.wikipedia.org/wiki/Slovenian_Democratic_Party
2018-05-29,Slovenian Democratic Party,18.1,Right-wing,National conservatism Nationalism Right-wing populism,https://en.wikipedia.org/wiki/Slovenian_Democratic_Party
2018-05-29,Slovenian Democratic Party,25.5,Right-wing,National conservatism Nationalism Right-wing populism,https://en.wikipedia.org/wiki/Slovenian_Democratic_Party
2018-05-30,Slovenian Democratic Party,16.3,Right-wing,National conservatism Nationalism Right-wing populism,https://en.wikipedia.org/wiki/Slovenian_Democratic_Party
2018-05-31,Slovenian Democratic Party,16.5,Right-wing,National conservatism Nationalism Right-wing populism,https://en.wikipedia.org/wiki/Slovenian_Democratic_Party
2018-05-31,Slovenian Democratic Party,15.1,Right-wing,National conservatism Nationalism Right-wing populism,https://en.wikipedia.org/wiki/Slovenian_Democratic_Party
2018-05-31,Slovenian Democratic Party,26.1,Right-wing,National conservatism Nationalism Right-wing populism,https://en.wikipedia.org/wiki/Slovenian_Democratic_Party
2018-05-31,Slovenian Democratic Party,23.7,Right-wing,National conservatism Nationalism Right-wing populism,https://en.wikipedia.org/wiki/Slovenian_Democratic_Party
2018-06-03,Slovenian Democratic Party,24.4,Right-wing,National conservatism Nationalism Right-wing populism,https://en.wikipedia.org/wiki/Slovenian_Democratic_Party
2018-06-03,Slovenian Democratic Party,24.9,Right-wing,National conservatism Nationalism Right-wing populism,https://en.wikipedia.org/wiki/Slovenian_Democratic_Party
2018-06-03,Slovenian Democratic Party,24.9,Right-wing,National conservatism Nationalism Right-wing populism,https://en.wikipedia.org/wiki/Slovenian_Democratic_Party
2018-06-06,Slovenian Democratic Party,23.0,Right-wing,National conservatism Nationalism Right-wing populism,https://en.wikipedia.org/wiki/Slovenian_Democratic_Party
2018-06-14,Slovenian Democratic Party,25.1,Right-wing,National conservatism Nationalism Right-wing populism,https://en.wikipedia.org/wiki/Slovenian_Democratic_Party
2018-06-20,Slovenian Democratic Party,21.5,Right-wing,National conservatism Nationalism Right-wing populism,https://en.wikipedia.org/wiki/Slovenian_Democratic_Party
2018-07-12,Slovenian Democratic Party,25.3,Right-wing,National conservatism Nationalism Right-wing populism,https://en.wikipedia.org/wiki/Slovenian_Democratic_Party
2018-08-15,Slovenian Democratic Party,24.0,Right-wing,National conservatism Nationalism Right-wing populism,https://en.wikipedia.org/wiki/Slovenian_Democratic_Party
2018-08-26,Slovenian Democratic Party,20.9,Right-wing,National conservatism Nationalism Right-wing populism,https://en.wikipedia.org/wiki/Slovenian_Democratic_Party
2018-09-06,Slovenian Democratic Party,17.9,Right-wing,National conservatism Nationalism Right-wing populism,https://en.wikipedia.org/wiki/Slovenian_Democratic_Party
2018-09-13,Slovenian Democratic Party,23.7,Right-wing,National conservatism Nationalism Right-wing populism,https://en.wikipedia.org/wiki/Slovenian_Democratic_Party
2018-09-23,Slovenian Democratic Party,18.3,Right-wing,National conservatism Nationalism Right-wing populism,https://en.wikipedia.org/wiki/Slovenian_Democratic_Party
2018-10-11,Slovenian Democratic Party,18.6,Right-wing,National conservatism Nationalism Right-wing populism,https://en.wikipedia.org/wiki/Slovenian_Democratic_Party
2018-11-20,Slovenian Democratic Party,18.0,Right-wing,National conservatism Nationalism Right-wing populism,https://en.wikipedia.org/wiki/Slovenian_Democratic_Party
2018-11-22,Slovenian Democratic Party,18.3,Right-wing,National conservatism Nationalism Right-wing populism,https://en.wikipedia.org/wiki/Slovenian_Democratic_Party
2018-12-06,Slovenian Democratic Party,18.1,Right-wing,National conservatism Nationalism Right-wing populism,https://en.wikipedia.org/wiki/Slovenian_Democratic_Party
2018-12-13,Slovenian Democratic Party,18.7,Right-wing,National conservatism Nationalism Right-wing populism,https://en.wikipedia.org/wiki/Slovenian_Democratic_Party
2019-01-10,Slovenian Democratic Party,16.2,Right-wing,National conservatism Nationalism Right-wing populism,https://en.wikipedia.org/wiki/Slovenian_Democratic_Party
2019-01-10,Slovenian Democratic Party,16.9,Right-wing,National conservatism Nationalism Right-wing populism,https://en.wikipedia.org/wiki/Slovenian_Democratic_Party
2019-02-06,Slovenian Democratic Party,15.1,Right-wing,National conservatism Nationalism Right-wing populism,https://en.wikipedia.org/wiki/Slovenian_Democratic_Party
2019-02-14,Slovenian Democratic Party,11.6,Right-wing,National conservatism Nationalism Right-wing populism,https://en.wikipedia.org/wiki/Slovenian_Democratic_Party
2019-03-07,Slovenian Democratic Party,16.0,Right-wing,National conservatism Nationalism Right-wing populism,https://en.wikipedia.org/wiki/Slovenian_Democratic_Party
2019-03-14,Slovenian Democratic Party,13.7,Right-wing,National conservatism Nationalism Right-wing populism,https://en.wikipedia.org/wiki/Slovenian_Democratic_Party
2019-04-04,Slovenian Democratic Party,18.9,Right-wing,National conservatism Nationalism Right-wing populism,https://en.wikipedia.org/wiki/Slovenian_Democratic_Party
2019-04-11,Slovenian Democratic Party,14.2,Right-wing,National conservatism Nationalism Right-wing populism,https://en.wikipedia.org/wiki/Slovenian_Democratic_Party
2019-05-16,Slovenian Democratic Party,17.2,Right-wing,National conservatism Nationalism Right-wing populism,https://en.wikipedia.org/wiki/Slovenian_Democratic_Party
2019-05-23,Slovenian Democratic Party,14.2,Right-wing,National conservatism Nationalism Right-wing populism,https://en.wikipedia.org/wiki/Slovenian_Democratic_Party
2019-06-13,Slovenian Democratic Party,18.1,Right-wing,National conservatism Nationalism Right-wing populism,https://en.wikipedia.org/wiki/Slovenian_Democratic_Party
2019-07-11,Slovenian Democratic Party,14.3,Right-wing,National conservatism Nationalism Right-wing populism,https://en.wikipedia.org/wiki/Slovenian_Democratic_Party
2019-07-11,Slovenian Democratic Party,17.7,Right-wing,National conservatism Nationalism Right-wing populism,https://en.wikipedia.org/wiki/Slovenian_Democratic_Party
2019-08-08,Slovenian Democratic Party,14.2,Right-wing,National conservatism Nationalism Right-wing populism,https://en.wikipedia.org/wiki/Slovenian_Democratic_Party
2019-08-14,Slovenian Democratic Party,15.5,Right-wing,National conservatism Nationalism Right-wing populism,https://en.wikipedia.org/wiki/Slovenian_Democratic_Party
2019-08-25,Slovenian Democratic Party,15.6,Right-wing,National conservatism Nationalism Right-wing populism,https://en.wikipedia.org/wiki/Slovenian_Democratic_Party
2019-09-05,Slovenian Democratic Party,14.7,Right-wing,National conservatism Nationalism Right-wing populism,https://en.wikipedia.org/wiki/Slovenian_Democratic_Party
2019-09-12,Slovenian Democratic Party,15.5,Right-wing,National conservatism Nationalism Right-wing populism,https://en.wikipedia.org/wiki/Slovenian_Democratic_Party
2019-09-22,Slovenian Democratic Party,14.9,Right-wing,National conservatism Nationalism Right-wing populism,https://en.wikipedia.org/wiki/Slovenian_Democratic_Party
2019-10-10,Slovenian Democratic Party,15.7,Right-wing,National conservatism Nationalism Right-wing populism,https://en.wikipedia.org/wiki/Slovenian_Democratic_Party
2019-10-17,Slovenian Democratic Party,14.7,Right-wing,National conservatism Nationalism Right-wing populism,https://en.wikipedia.org/wiki/Slovenian_Democratic_Party
2019-11-07,Slovenian Democratic Party,15.2,Right-wing,National conservatism Nationalism Right-wing populism,https://en.wikipedia.org/wiki/Slovenian_Democratic_Party
2019-11-07,Slovenian Democratic Party,24.8,Right-wing,National conservatism Nationalism Right-wing populism,https://en.wikipedia.org/wiki/Slovenian_Democratic_Party
2019-11-14,Slovenian Democratic Party,13.5,Right-wing,National conservatism Nationalism Right-wing populism,https://en.wikipedia.org/wiki/Slovenian_Democratic_Party
2019-11-24,Slovenian Democratic Party,13.8,Right-wing,National conservatism Nationalism Right-wing populism,https://en.wikipedia.org/wiki/Slovenian_Democratic_Party
2019-12-05,Slovenian Democratic Party,16.3,Right-wing,National conservatism Nationalism Right-wing populism,https://en.wikipedia.org/wiki/Slovenian_Democratic_Party
2019-12-05,Slovenian Democratic Party,17.6,Right-wing,National conservatism Nationalism Right-wing populism,https://en.wikipedia.org/wiki/Slovenian_Democratic_Party
2019-12-12,Slovenian Democratic Party,16.6,Right-wing,National conservatism Nationalism Right-wing populism,https://en.wikipedia.org/wiki/Slovenian_Democratic_Party
2020-01-09,Slovenian Democratic Party,13.3,Right-wing,National conservatism Nationalism Right-wing populism,https://en.wikipedia.org/wiki/Slovenian_Democratic_Party
2020-01-16,Slovenian Democratic Party,23.0,Right-wing,National conservatism Nationalism Right-wing populism,https://en.wikipedia.org/wiki/Slovenian_Democratic_Party
2020-01-16,Slovenian Democratic Party,16.9,Right-wing,National conservatism Nationalism Right-wing populism,https://en.wikipedia.org/wiki/Slovenian_Democratic_Party
2020-01-29,Slovenian Democratic Party,17.4,Right-wing,National conservatism Nationalism Right-wing populism,https://en.wikipedia.org/wiki/Slovenian_Democratic_Party
2020-02-03,Slovenian Democratic Party,18.2,Right-wing,National conservatism Nationalism Right-wing populism,https://en.wikipedia.org/wiki/Slovenian_Democratic_Party
2020-02-05,Slovenian Democratic Party,18.3,Right-wing,National conservatism Nationalism Right-wing populism,https://en.wikipedia.org/wiki/Slovenian_Democratic_Party
2020-02-13,Slovenian Democratic Party,19.6,Right-wing,National conservatism Nationalism Right-wing populism,https://en.wikipedia.org/wiki/Slovenian_Democratic_Party
2020-02-13,Slovenian Democratic Party,20.1,Right-wing,National conservatism Nationalism Right-wing populism,https://en.wikipedia.org/wiki/Slovenian_Democratic_Party
2020-02-20,Slovenian Democratic Party,22.4,Right-wing,National conservatism Nationalism Right-wing populism,https://en.wikipedia.org/wiki/Slovenian_Democratic_Party
2020-02-28,Slovenian Democratic Party,20.4,Right-wing,National conservatism Nationalism Right-wing populism,https://en.wikipedia.org/wiki/Slovenian_Democratic_Party
2020-03-05,Slovenian Democratic Party,19.6,Right-wing,National conservatism Nationalism Right-wing populism,https://en.wikipedia.org/wiki/Slovenian_Democratic_Party
2020-03-12,Slovenian Democratic Party,23.5,Right-wing,National conservatism Nationalism Right-wing populism,https://en.wikipedia.org/wiki/Slovenian_Democratic_Party
2020-03-19,Slovenian Democratic Party,20.0,Right-wing,National conservatism Nationalism Right-wing populism,https://en.wikipedia.org/wiki/Slovenian_Democratic_Party
2020-04-09,Slovenian Democratic Party,18.7,Right-wing,National conservatism Nationalism Right-wing populism,https://en.wikipedia.org/wiki/Slovenian_Democratic_Party
2020-04-16,Slovenian Democratic Party,22.5,Right-wing,National conservatism Nationalism Right-wing populism,https://en.wikipedia.org/wiki/Slovenian_Democratic_Party
2020-05-08,Slovenian Democratic Party,16.3,Right-wing,National conservatism Nationalism Right-wing populism,https://en.wikipedia.org/wiki/Slovenian_Democratic_Party
2020-05-08,Slovenian Democratic Party,30.6,Right-wing,National conservatism Nationalism Right-wing populism,https://en.wikipedia.org/wiki/Slovenian_Democratic_Party
2020-05-13,Slovenian Democratic Party,22.1,Right-wing,National conservatism Nationalism Right-wing populism,https://en.wikipedia.org/wiki/Slovenian_Democratic_Party
2020-05-21,Slovenian Democratic Party,18.5,Right-wing,National conservatism Nationalism Right-wing populism,https://en.wikipedia.org/wiki/Slovenian_Democratic_Party
2020-05-22,Slovenian Democratic Party,22.7,Right-wing,National conservatism Nationalism Right-wing populism,https://en.wikipedia.org/wiki/Slovenian_Democratic_Party
2020-06-04,Slovenian Democratic Party,18.8,Right-wing,National conservatism Nationalism Right-wing populism,https://en.wikipedia.org/wiki/Slovenian_Democratic_Party
2020-06-11,Slovenian Democratic Party,22.7,Right-wing,National conservatism Nationalism Right-wing populism,https://en.wikipedia.org/wiki/Slovenian_Democratic_Party
2020-06-17,Slovenian Democratic Party,22.3,Right-wing,National conservatism Nationalism Right-wing populism,https://en.wikipedia.org/wiki/Slovenian_Democratic_Party
2020-07-02,Slovenian Democratic Party,22.4,Right-wing,National conservatism Nationalism Right-wing populism,https://en.wikipedia.org/wiki/Slovenian_Democratic_Party
2020-07-09,Slovenian Democratic Party,18.5,Right-wing,National conservatism Nationalism Right-wing populism,https://en.wikipedia.org/wiki/Slovenian_Democratic_Party
2020-07-16,Slovenian Democratic Party,22.7,Right-wing,National conservatism Nationalism Right-wing populism,https://en.wikipedia.org/wiki/Slovenian_Democratic_Party
2020-08-06,Slovenian Democratic Party,19.5,Right-wing,National conservatism Nationalism Right-wing populism,https://en.wikipedia.org/wiki/Slovenian_Democratic_Party
2020-08-13,Slovenian Democratic Party,23.2,Right-wing,National conservatism Nationalism Right-wing populism,https://en.wikipedia.org/wiki/Slovenian_Democratic_Party
2020-08-24,Slovenian Democratic Party,20.9,Right-wing,National conservatism Nationalism Right-wing populism,https://en.wikipedia.org/wiki/Slovenian_Democratic_Party
2020-08-24,Slovenian Democratic Party,18.2,Right-wing,National conservatism Nationalism Right-wing populism,https://en.wikipedia.org/wiki/Slovenian_Democratic_Party
2020-09-10,Slovenian Democratic Party,19.0,Right-wing,National conservatism Nationalism Right-wing populism,https://en.wikipedia.org/wiki/Slovenian_Democratic_Party
2020-09-17,Slovenian Democratic Party,22.1,Right-wing,National conservatism Nationalism Right-wing populism,https://en.wikipedia.org/wiki/Slovenian_Democratic_Party
2020-09-18,Slovenian Democratic Party,22.7,Right-wing,National conservatism Nationalism Right-wing populism,https://en.wikipedia.org/wiki/Slovenian_Democratic_Party
2020-09-28,Slovenian Democratic Party,16.1,Right-wing,National conservatism Nationalism Right-wing populism,https://en.wikipedia.org/wiki/Slovenian_Democratic_Party
2020-10-08,Slovenian Democratic Party,18.7,Right-wing,National conservatism Nationalism Right-wing populism,https://en.wikipedia.org/wiki/Slovenian_Democratic_Party
2020-10-15,Slovenian Democratic Party,21.1,Right-wing,National conservatism Nationalism Right-wing populism,https://en.wikipedia.org/wiki/Slovenian_Democratic_Party
2020-11-04,Slovenian Democratic Party,21.3,Right-wing,National conservatism Nationalism Right-wing populism,https://en.wikipedia.org/wiki/Slovenian_Democratic_Party
2020-11-05,Slovenian Democratic Party,19.6,Right-wing,National conservatism Nationalism Right-wing populism,https://en.wikipedia.org/wiki/Slovenian_Democratic_Party
2020-11-12,Slovenian Democratic Party,20.4,Right-wing,National conservatism Nationalism Right-wing populism,https://en.wikipedia.org/wiki/Slovenian_Democratic_Party
2020-11-23,Slovenian Democratic Party,16.5,Right-wing,National conservatism Nationalism Right-wing populism,https://en.wikipedia.org/wiki/Slovenian_Democratic_Party
2020-12-09,Slovenian Democratic Party,17.4,Right-wing,National conservatism Nationalism Right-wing populism,https://en.wikipedia.org/wiki/Slovenian_Democratic_Party
2020-12-09,Slovenian Democratic Party,16.9,Right-wing,National conservatism Nationalism Right-wing populism,https://en.wikipedia.org/wiki/Slovenian_Democratic_Party
2020-12-17,Slovenian Democratic Party,20.6,Right-wing,National conservatism Nationalism Right-wing populism,https://en.wikipedia.org/wiki/Slovenian_Democratic_Party
2020-12-23,Slovenian Democratic Party,20.9,Right-wing,National conservatism Nationalism Right-wing populism,https://en.wikipedia.org/wiki/Slovenian_Democratic_Party
2021-01-07,Slovenian Democratic Party,13.7,Right-wing,National conservatism Nationalism Right-wing populism,https://en.wikipedia.org/wiki/Slovenian_Democratic_Party
2021-01-14,Slovenian Democratic Party,19.9,Right-wing,National conservatism Nationalism Right-wing populism,https://en.wikipedia.org/wiki/Slovenian_Democratic_Party
2021-01-25,Slovenian Democratic Party,16.9,Right-wing,National conservatism Nationalism Right-wing populism,https://en.wikipedia.org/wiki/Slovenian_Democratic_Party
2021-01-28,Slovenian Democratic Party,23.5,Right-wing,National conservatism Nationalism Right-wing populism,https://en.wikipedia.org/wiki/Slovenian_Democratic_Party
2021-02-11,Slovenian Democratic Party,17.1,Right-wing,National conservatism Nationalism Right-wing populism,https://en.wikipedia.org/wiki/Slovenian_Democratic_Party
2021-02-11,Slovenian Democratic Party,17.2,Right-wing,National conservatism Nationalism Right-wing populism,https://en.wikipedia.org/wiki/Slovenian_Democratic_Party
2021-03-01,Slovenian Democratic Party,18.2,Right-wing,National conservatism Nationalism Right-wing populism,https://en.wikipedia.org/wiki/Slovenian_Democratic_Party
2021-03-04,Slovenian Democratic Party,19.0,Right-wing,National conservatism Nationalism Right-wing populism,https://en.wikipedia.org/wiki/Slovenian_Democratic_Party
2021-03-11,Slovenian Democratic Party,18.9,Right-wing,National conservatism Nationalism Right-wing populism,https://en.wikipedia.org/wiki/Slovenian_Democratic_Party
2021-03-12,Slovenian Democratic Party,16.4,Right-wing,National conservatism Nationalism Right-wing populism,https://en.wikipedia.org/wiki/Slovenian_Democratic_Party
2021-03-25,Slovenian Democratic Party,24.0,Right-wing,National conservatism Nationalism Right-wing populism,https://en.wikipedia.org/wiki/Slovenian_Democratic_Party
2021-03-29,Slovenian Democratic Party,18.7,Right-wing,National conservatism Nationalism Right-wing populism,https://en.wikipedia.org/wiki/Slovenian_Democratic_Party
2021-04-08,Slovenian Democratic Party,15.6,Right-wing,National conservatism Nationalism Right-wing populism,https://en.wikipedia.org/wiki/Slovenian_Democratic_Party
2021-04-14,Slovenian Democratic Party,20.0,Right-wing,National conservatism Nationalism Right-wing populism,https://en.wikipedia.org/wiki/Slovenian_Democratic_Party
2021-04-15,Slovenian Democratic Party,19.0,Right-wing,National conservatism Nationalism Right-wing populism,https://en.wikipedia.org/wiki/Slovenian_Democratic_Party
2021-04-26,Slovenian Democratic Party,17.6,Right-wing,National conservatism Nationalism Right-wing populism,https://en.wikipedia.org/wiki/Slovenian_Democratic_Party
2021-05-05,Slovenian Democratic Party,17.4,Right-wing,National conservatism Nationalism Right-wing populism,https://en.wikipedia.org/wiki/Slovenian_Democratic_Party
2021-05-13,Slovenian Democratic Party,21.0,Right-wing,National conservatism Nationalism Right-wing populism,https://en.wikipedia.org/wiki/Slovenian_Democratic_Party
2021-05-13,Slovenian Democratic Party,18.0,Right-wing,National conservatism Nationalism Right-wing populism,https://en.wikipedia.org/wiki/Slovenian_Democratic_Party
2021-05-24,Slovenian Democratic Party,18.2,Right-wing,National conservatism Nationalism Right-wing populism,https://en.wikipedia.org/wiki/Slovenian_Democratic_Party
2021-05-26,Slovenian Democratic Party,18.0,Right-wing,National conservatism Nationalism Right-wing populism,https://en.wikipedia.org/wiki/Slovenian_Democratic_Party
2021-06-15,Slovenian Democratic Party,22.0,Right-wing,National conservatism Nationalism Right-wing populism,https://en.wikipedia.org/wiki/Slovenian_Democratic_Party
2021-06-18,Slovenian Democratic Party,18.8,Right-wing,National conservatism Nationalism Right-wing populism,https://en.wikipedia.org/wiki/Slovenian_Democratic_Party
2021-09-02,Slovenian Democratic Party,15.4,Right-wing,National conservatism Nationalism Right-wing populism,https://en.wikipedia.org/wiki/Slovenian_Democratic_Party
2021-09-30,Slovenian Democratic Party,17.2,Right-wing,National conservatism Nationalism Right-wing populism,https://en.wikipedia.org/wiki/Slovenian_Democratic_Party
2021-10-15,Slovenian Democratic Party,20.7,Right-wing,National conservatism Nationalism Right-wing populism,https://en.wikipedia.org/wiki/Slovenian_Democratic_Party
2021-11-04,Slovenian Democratic Party,25.4,Right-wing,National conservatism Nationalism Right-wing populism,https://en.wikipedia.org/wiki/Slovenian_Democratic_Party
2021-11-16,Slovenian Democratic Party,19.3,Right-wing,National conservatism Nationalism Right-wing populism,https://en.wikipedia.org/wiki/Slovenian_Democratic_Party
2021-12-02,Slovenian Democratic Party,10.7,Right-wing,National conservatism Nationalism Right-wing populism,https://en.wikipedia.org/wiki/Slovenian_Democratic_Party
2021-12-07,Slovenian Democratic Party,15.2,Right-wing,National conservatism Nationalism Right-wing populism,https://en.wikipedia.org/wiki/Slovenian_Democratic_Party
2021-12-16,Slovenian Democratic Party,20.0,Right-wing,National conservatism Nationalism Right-wing populism,https://en.wikipedia.org/wiki/Slovenian_Democratic_Party
2021-12-29,Slovenian Democratic Party,12.0,Right-wing,National conservatism Nationalism Right-wing populism,https://en.wikipedia.org/wiki/Slovenian_Democratic_Party
2022-01-06,Slovenian Democratic Party,20.7,Right-wing,National conservatism Nationalism Right-wing populism,https://en.wikipedia.org/wiki/Slovenian_Democratic_Party
2022-01-13,Slovenian Democratic Party,15.5,Right-wing,National conservatism Nationalism Right-wing populism,https://en.wikipedia.org/wiki/Slovenian_Democratic_Party
2022-01-27,Slovenian Democratic Party,18.5,Right-wing,National conservatism Nationalism Right-wing populism,https://en.wikipedia.org/wiki/Slovenian_Democratic_Party
2022-01-28,Slovenian Democratic Party,18.4,Right-wing,National conservatism Nationalism Right-wing populism,https://en.wikipedia.org/wiki/Slovenian_Democratic_Party
2022-02-03,Slovenian Democratic Party,15.0,Right-wing,National conservatism Nationalism Right-wing populism,https://en.wikipedia.org/wiki/Slovenian_Democratic_Party
2022-02-10,Slovenian Democratic Party,15.0,Right-wing,National conservatism Nationalism Right-wing populism,https://en.wikipedia.org/wiki/Slovenian_Democratic_Party
2022-02-10,Slovenian Democratic Party,21.2,Right-wing,National conservatism Nationalism Right-wing populism,https://en.wikipedia.org/wiki/Slovenian_Democratic_Party
2022-02-16,Slovenian Democratic Party,22.9,Right-wing,National conservatism Nationalism Right-wing populism,https://en.wikipedia.org/wiki/Slovenian_Democratic_Party
2022-02-23,Slovenian Democratic Party,19.1,Right-wing,National conservatism Nationalism Right-wing populism,https://en.wikipedia.org/wiki/Slovenian_Democratic_Party
2022-02-24,Slovenian Democratic Party,16.4,Right-wing,National conservatism Nationalism Right-wing populism,https://en.wikipedia.org/wiki/Slovenian_Democratic_Party
2022-02-25,Slovenian Democratic Party,21.0,Right-wing,National conservatism Nationalism Right-wing populism,https://en.wikipedia.org/wiki/Slovenian_Democratic_Party
2022-03-03,Slovenian Democratic Party,18.3,Right-wing,National conservatism Nationalism Right-wing populism,https://en.wikipedia.org/wiki/Slovenian_Democratic_Party
2022-03-10,Slovenian Democratic Party,17.2,Right-wing,National conservatism Nationalism Right-wing populism,https://en.wikipedia.org/wiki/Slovenian_Democratic_Party
2022-03-10,Slovenian Democratic Party,20.2,Right-wing,National conservatism Nationalism Right-wing populism,https://en.wikipedia.org/wiki/Slovenian_Democratic_Party
2022-03-17,Slovenian Democratic Party,22.0,Right-wing,National conservatism Nationalism Right-wing populism,https://en.wikipedia.org/wiki/Slovenian_Democratic_Party
2022-03-23,Slovenian Democratic Party,25.0,Right-wing,National conservatism Nationalism Right-wing populism,https://en.wikipedia.org/wiki/Slovenian_Democratic_Party
2022-03-24,Slovenian Democratic Party,19.5,Right-wing,National conservatism Nationalism Right-wing populism,https://en.wikipedia.org/wiki/Slovenian_Democratic_Party
2022-03-24,Slovenian Democratic Party,16.8,Right-wing,National conservatism Nationalism Right-wing populism,https://en.wikipedia.org/wiki/Slovenian_Democratic_Party
2022-03-31,Slovenian Democratic Party,17.1,Right-wing,National conservatism Nationalism Right-wing populism,https://en.wikipedia.org/wiki/Slovenian_Democratic_Party
2022-03-31,Slovenian Democratic Party,18.7,Right-wing,National conservatism Nationalism Right-wing populism,https://en.wikipedia.org/wiki/Slovenian_Democratic_Party
2022-04-01,Slovenian Democratic Party,34.4,Right-wing,National conservatism Nationalism Right-wing populism,https://en.wikipedia.org/wiki/Slovenian_Democratic_Party
2022-04-06,Slovenian Democratic Party,20.1,Right-wing,National conservatism Nationalism Right-wing populism,https://en.wikipedia.org/wiki/Slovenian_Democratic_Party
2022-04-07,Slovenian Democratic Party,18.6,Right-wing,National conservatism Nationalism Right-wing populism,https://en.wikipedia.org/wiki/Slovenian_Democratic_Party
2022-04-07,Slovenian Democratic Party,18.1,Right-wing,National conservatism Nationalism Right-wing populism,https://en.wikipedia.org/wiki/Slovenian_Democratic_Party
2022-04-13,Slovenian Democratic Party,19.1,Right-wing,National conservatism Nationalism Right-wing populism,https://en.wikipedia.org/wiki/Slovenian_Democratic_Party
2022-04-13,Slovenian Democratic Party,22.3,Right-wing,National conservatism Nationalism Right-wing populism,https://en.wikipedia.org/wiki/Slovenian_Democratic_Party
2022-04-14,Slovenian Democratic Party,18.0,Right-wing,National conservatism Nationalism Right-wing populism,https://en.wikipedia.org/wiki/Slovenian_Democratic_Party
2022-04-14,Slovenian Democratic Party,22.2,Right-wing,National conservatism Nationalism Right-wing populism,https://en.wikipedia.org/wiki/Slovenian_Democratic_Party
2022-04-15,Slovenian Democratic Party,23.1,Right-wing,National conservatism Nationalism Right-wing populism,https://en.wikipedia.org/wiki/Slovenian_Democratic_Party
2022-04-15,Slovenian Democratic Party,19.4,Right-wing,National conservatism Nationalism Right-wing populism,https://en.wikipedia.org/wiki/Slovenian_Democratic_Party
2022-04-16,Slovenian Democratic Party,23.4,Right-wing,National conservatism Nationalism Right-wing populism,https://en.wikipedia.org/wiki/Slovenian_Democratic_Party
2022-04-19,Slovenian Democratic Party,21.7,Right-wing,National conservatism Nationalism Right-wing populism,https://en.wikipedia.org/wiki/Slovenian_Democratic_Party
2022-04-19,Slovenian Democratic Party,23.1,Right-wing,National conservatism Nationalism Right-wing populism,https://en.wikipedia.org/wiki/Slovenian_Democratic_Party
2022-04-20,Slovenian Democratic Party,22.3,Right-wing,National conservatism Nationalism Right-wing populism,https://en.wikipedia.org/wiki/Slovenian_Democratic_Party
2022-04-21,Slovenian Democratic Party,23.6,Right-wing,National conservatism Nationalism Right-wing populism,https://en.wikipedia.org/wiki/Slovenian_Democratic_Party
2022-04-21,Slovenian Democratic Party,22.7,Right-wing,National conservatism Nationalism Right-wing populism,https://en.wikipedia.org/wiki/Slovenian_Democratic_Party
2022-04-21,Slovenian Democratic Party,19.4,Right-wing,National conservatism Nationalism Right-wing populism,https://en.wikipedia.org/wiki/Slovenian_Democratic_Party
2022-04-22,Slovenian Democratic Party,23.5,Right-wing,National conservatism Nationalism Right-wing populism,https://en.wikipedia.org/wiki/Slovenian_Democratic_Party
2022-04-24,Slovenian Democratic Party,22.5,Right-wing,National conservatism Nationalism Right-wing populism,https://en.wikipedia.org/wiki/Slovenian_Democratic_Party
2022-04-24,Slovenian Democratic Party,23.5,Right-wing,National conservatism Nationalism Right-wing populism,https://en.wikipedia.org/wiki/Slovenian_Democratic_Party
2026-03-22,Slovenian Democratic Party,27.9,Right-wing,National conservatism Nationalism Right-wing populism,https://en.wikipedia.org/wiki/Slovenian_Democratic_Party
2026-04-09,Slovenian Democratic Party,27.0,Right-wing,National conservatism Nationalism Right-wing populism,https://en.wikipedia.org/wiki/Slovenian_Democratic_Party
2026-04-10,Slovenian Democratic Party,28.1,Right-wing,National conservatism Nationalism Right-wing populism,https://en.wikipedia.org/wiki/Slovenian_Democratic_Party
2026-04-15,Slovenian Democratic Party,27.9,Right-wing,National conservatism Nationalism Right-wing populism,https://en.wikipedia.org/wiki/Slovenian_Democratic_Party
2026-04-23,Slovenian Democratic Party,29.2,Right-wing,National conservatism Nationalism Right-wing populism,https://en.wikipedia.org/wiki/Slovenian_Democratic_Party
2026-05-07,Slovenian Democratic Party,28.7,Right-wing,National conservatism Nationalism Right-wing populism,https://en.wikipedia.org/wiki/Slovenian_Democratic_Party
2026-05-12,Slovenian Democratic Party,25.0,Right-wing,National conservatism Nationalism Right-wing populism,https://en.wikipedia.org/wiki/Slovenian_Democratic_Party
2026-05-13,Slovenian Democratic Party,25.0,Right-wing,National conservatism Nationalism Right-wing populism,https://en.wikipedia.org/wiki/Slovenian_Democratic_Party
2026-05-20,Slovenian Democratic Party,27.1,Right-wing,National conservatism Nationalism Right-wing populism,https://en.wikipedia.org/wiki/Slovenian_Democratic_Party
2026-05-21,Slovenian Democratic Party,29.2,Right-wing,National conservatism Nationalism Right-wing populism,https://en.wikipedia.org/wiki/Slovenian_Democratic_Party
2014-07-13,Slovenian National Party,2.2,Far-right,Nationalism Right-wing populism,https://en.wikipedia.org/wiki/Slovenian_National_Party
2014-08-07,Slovenian National Party,2.9,Far-right,Nationalism Right-wing populism,https://en.wikipedia.org/wiki/Slovenian_National_Party
2014-09-11,Slovenian National Party,1.7,Far-right,Nationalism Right-wing populism,https://en.wikipedia.org/wiki/Slovenian_National_Party
2014-09-28,Slovenian National Party,0.2,Far-right,Nationalism Right-wing populism,https://en.wikipedia.org/wiki/Slovenian_National_Party
2014-11-20,Slovenian National Party,0.2,Far-right,Nationalism Right-wing populism,https://en.wikipedia.org/wiki/Slovenian_National_Party
2014-11-20,Slovenian National Party,0.9,Far-right,Nationalism Right-wing populism,https://en.wikipedia.org/wiki/Slovenian_National_Party
2014-12-04,Slovenian National Party,0.5,Far-right,Nationalism Right-wing populism,https://en.wikipedia.org/wiki/Slovenian_National_Party
2014-12-21,Slovenian National Party,1.3,Far-right,Nationalism Right-wing populism,https://en.wikipedia.org/wiki/Slovenian_National_Party
2015-01-08,Slovenian National Party,0.6,Far-right,Nationalism Right-wing populism,https://en.wikipedia.org/wiki/Slovenian_National_Party
2015-02-05,Slovenian National Party,0.3,Far-right,Nationalism Right-wing populism,https://en.wikipedia.org/wiki/Slovenian_National_Party
2015-03-05,Slovenian National Party,0.8,Far-right,Nationalism Right-wing populism,https://en.wikipedia.org/wiki/Slovenian_National_Party
2015-03-12,Slovenian National Party,1.0,Far-right,Nationalism Right-wing populism,https://en.wikipedia.org/wiki/Slovenian_National_Party
2015-04-02,Slovenian National Party,0.9,Far-right,Nationalism Right-wing populism,https://en.wikipedia.org/wiki/Slovenian_National_Party
2015-04-16,Slovenian National Party,0.1,Far-right,Nationalism Right-wing populism,https://en.wikipedia.org/wiki/Slovenian_National_Party
2015-05-07,Slovenian National Party,0.2,Far-right,Nationalism Right-wing populism,https://en.wikipedia.org/wiki/Slovenian_National_Party
2015-06-05,Slovenian National Party,2.3,Far-right,Nationalism Right-wing populism,https://en.wikipedia.org/wiki/Slovenian_National_Party
2015-06-10,Slovenian National Party,1.1,Far-right,Nationalism Right-wing populism,https://en.wikipedia.org/wiki/Slovenian_National_Party
2015-07-02,Slovenian National Party,0.5,Far-right,Nationalism Right-wing populism,https://en.wikipedia.org/wiki/Slovenian_National_Party
2015-07-15,Slovenian National Party,0.7,Far-right,Nationalism Right-wing populism,https://en.wikipedia.org/wiki/Slovenian_National_Party
2015-08-06,Slovenian National Party,0.8,Far-right,Nationalism Right-wing populism,https://en.wikipedia.org/wiki/Slovenian_National_Party
2015-08-13,Slovenian National Party,1.5,Far-right,Nationalism Right-wing populism,https://en.wikipedia.org/wiki/Slovenian_National_Party
2015-09-03,Slovenian National Party,0.7,Far-right,Nationalism Right-wing populism,https://en.wikipedia.org/wiki/Slovenian_National_Party
2015-09-10,Slovenian National Party,0.6,Far-right,Nationalism Right-wing populism,https://en.wikipedia.org/wiki/Slovenian_National_Party
2015-10-07,Slovenian National Party,1.8,Far-right,Nationalism Right-wing populism,https://en.wikipedia.org/wiki/Slovenian_National_Party
2015-10-14,Slovenian National Party,0.4,Far-right,Nationalism Right-wing populism,https://en.wikipedia.org/wiki/Slovenian_National_Party
2015-10-30,Slovenian National Party,2.6,Far-right,Nationalism Right-wing populism,https://en.wikipedia.org/wiki/Slovenian_National_Party
2015-11-05,Slovenian National Party,1.7,Far-right,Nationalism Right-wing populism,https://en.wikipedia.org/wiki/Slovenian_National_Party
2015-11-19,Slovenian National Party,1.8,Far-right,Nationalism Right-wing populism,https://en.wikipedia.org/wiki/Slovenian_National_Party
2015-12-06,Slovenian National Party,1.6,Far-right,Nationalism Right-wing populism,https://en.wikipedia.org/wiki/Slovenian_National_Party
2015-12-10,Slovenian National Party,1.8,Far-right,Nationalism Right-wing populism,https://en.wikipedia.org/wiki/Slovenian_National_Party
2015-12-17,Slovenian National Party,1.1,Far-right,Nationalism Right-wing populism,https://en.wikipedia.org/wiki/Slovenian_National_Party
2016-01-07,Slovenian National Party,0.3,Far-right,Nationalism Right-wing populism,https://en.wikipedia.org/wiki/Slovenian_National_Party
2016-02-04,Slovenian National Party,0.5,Far-right,Nationalism Right-wing populism,https://en.wikipedia.org/wiki/Slovenian_National_Party
2016-03-01,Slovenian National Party,1.1,Far-right,Nationalism Right-wing populism,https://en.wikipedia.org/wiki/Slovenian_National_Party
2016-03-17,Slovenian National Party,1.3,Far-right,Nationalism Right-wing populism,https://en.wikipedia.org/wiki/Slovenian_National_Party
2016-04-07,Slovenian National Party,0.4,Far-right,Nationalism Right-wing populism,https://en.wikipedia.org/wiki/Slovenian_National_Party
2016-05-06,Slovenian National Party,0.5,Far-right,Nationalism Right-wing populism,https://en.wikipedia.org/wiki/Slovenian_National_Party
2016-06-02,Slovenian National Party,1.0,Far-right,Nationalism Right-wing populism,https://en.wikipedia.org/wiki/Slovenian_National_Party
2016-07-07,Slovenian National Party,2.6,Far-right,Nationalism Right-wing populism,https://en.wikipedia.org/wiki/Slovenian_National_Party
2016-08-02,Slovenian National Party,1.0,Far-right,Nationalism Right-wing populism,https://en.wikipedia.org/wiki/Slovenian_National_Party
2016-09-08,Slovenian National Party,2.7,Far-right,Nationalism Right-wing populism,https://en.wikipedia.org/wiki/Slovenian_National_Party
2016-10-03,Slovenian National Party,1.9,Far-right,Nationalism Right-wing populism,https://en.wikipedia.org/wiki/Slovenian_National_Party
2016-10-29,Slovenian National Party,0.9,Far-right,Nationalism Right-wing populism,https://en.wikipedia.org/wiki/Slovenian_National_Party
2016-11-03,Slovenian National Party,1.4,Far-right,Nationalism Right-wing populism,https://en.wikipedia.org/wiki/Slovenian_National_Party
2016-11-27,Slovenian National Party,0.7,Far-right,Nationalism Right-wing populism,https://en.wikipedia.org/wiki/Slovenian_National_Party
2016-12-02,Slovenian National Party,1.7,Far-right,Nationalism Right-wing populism,https://en.wikipedia.org/wiki/Slovenian_National_Party
2016-12-02,Slovenian National Party,1.7,Far-right,Nationalism Right-wing populism,https://en.wikipedia.org/wiki/Slovenian_National_Party
2016-12-23,Slovenian National Party,0.2,Far-right,Nationalism Right-wing populism,https://en.wikipedia.org/wiki/Slovenian_National_Party
2017-01-04,Slovenian National Party,2.2,Far-right,Nationalism Right-wing populism,https://en.wikipedia.org/wiki/Slovenian_National_Party
2017-01-08,Slovenian National Party,2.4,Far-right,Nationalism Right-wing populism,https://en.wikipedia.org/wiki/Slovenian_National_Party
2017-01-22,Slovenian National Party,0.9,Far-right,Nationalism Right-wing populism,https://en.wikipedia.org/wiki/Slovenian_National_Party
2017-02-03,Slovenian National Party,2.5,Far-right,Nationalism Right-wing populism,https://en.wikipedia.org/wiki/Slovenian_National_Party
2017-02-09,Slovenian National Party,4.3,Far-right,Nationalism Right-wing populism,https://en.wikipedia.org/wiki/Slovenian_National_Party
2017-02-24,Slovenian National Party,0.5,Far-right,Nationalism Right-wing populism,https://en.wikipedia.org/wiki/Slovenian_National_Party
2017-03-02,Slovenian National Party,2.7,Far-right,Nationalism Right-wing populism,https://en.wikipedia.org/wiki/Slovenian_National_Party
2017-03-09,Slovenian National Party,1.8,Far-right,Nationalism Right-wing populism,https://en.wikipedia.org/wiki/Slovenian_National_Party
2017-03-24,Slovenian National Party,1.6,Far-right,Nationalism Right-wing populism,https://en.wikipedia.org/wiki/Slovenian_National_Party
2017-04-05,Slovenian National Party,2.4,Far-right,Nationalism Right-wing populism,https://en.wikipedia.org/wiki/Slovenian_National_Party
2017-04-13,Slovenian National Party,4.0,Far-right,Nationalism Right-wing populism,https://en.wikipedia.org/wiki/Slovenian_National_Party
2017-04-21,Slovenian National Party,2.4,Far-right,Nationalism Right-wing populism,https://en.wikipedia.org/wiki/Slovenian_National_Party
2017-05-05,Slovenian National Party,4.1,Far-right,Nationalism Right-wing populism,https://en.wikipedia.org/wiki/Slovenian_National_Party
2017-06-02,Slovenian National Party,2.0,Far-right,Nationalism Right-wing populism,https://en.wikipedia.org/wiki/Slovenian_National_Party
2017-06-02,Slovenian National Party,2.2,Far-right,Nationalism Right-wing populism,https://en.wikipedia.org/wiki/Slovenian_National_Party
2017-06-25,Slovenian National Party,1.3,Far-right,Nationalism Right-wing populism,https://en.wikipedia.org/wiki/Slovenian_National_Party
2017-07-06,Slovenian National Party,3.7,Far-right,Nationalism Right-wing populism,https://en.wikipedia.org/wiki/Slovenian_National_Party
2017-07-06,Slovenian National Party,1.0,Far-right,Nationalism Right-wing populism,https://en.wikipedia.org/wiki/Slovenian_National_Party
2017-07-21,Slovenian National Party,2.4,Far-right,Nationalism Right-wing populism,https://en.wikipedia.org/wiki/Slovenian_National_Party
2017-08-02,Slovenian National Party,3.7,Far-right,Nationalism Right-wing populism,https://en.wikipedia.org/wiki/Slovenian_National_Party
2017-08-11,Slovenian National Party,4.0,Far-right,Nationalism Right-wing populism,https://en.wikipedia.org/wiki/Slovenian_National_Party
2017-08-26,Slovenian National Party,1.1,Far-right,Nationalism Right-wing populism,https://en.wikipedia.org/wiki/Slovenian_National_Party
2017-09-13,Slovenian National Party,2.5,Far-right,Nationalism Right-wing populism,https://en.wikipedia.org/wiki/Slovenian_National_Party
2017-09-23,Slovenian National Party,0.7,Far-right,Nationalism Right-wing populism,https://en.wikipedia.org/wiki/Slovenian_National_Party
2017-10-05,Slovenian National Party,1.4,Far-right,Nationalism Right-wing populism,https://en.wikipedia.org/wiki/Slovenian_National_Party
2017-10-06,Slovenian National Party,2.8,Far-right,Nationalism Right-wing populism,https://en.wikipedia.org/wiki/Slovenian_National_Party
2017-11-08,Slovenian National Party,2.5,Far-right,Nationalism Right-wing populism,https://en.wikipedia.org/wiki/Slovenian_National_Party
2017-11-11,Slovenian National Party,2.5,Far-right,Nationalism Right-wing populism,https://en.wikipedia.org/wiki/Slovenian_National_Party
2017-12-25,Slovenian National Party,1.6,Far-right,Nationalism Right-wing populism,https://en.wikipedia.org/wiki/Slovenian_National_Party
2018-01-06,Slovenian National Party,2.6,Far-right,Nationalism Right-wing populism,https://en.wikipedia.org/wiki/Slovenian_National_Party
2018-01-11,Slovenian National Party,3.1,Far-right,Nationalism Right-wing populism,https://en.wikipedia.org/wiki/Slovenian_National_Party
2018-01-28,Slovenian National Party,1.7,Far-right,Nationalism Right-wing populism,https://en.wikipedia.org/wiki/Slovenian_National_Party
2018-02-05,Slovenian National Party,1.5,Far-right,Nationalism Right-wing populism,https://en.wikipedia.org/wiki/Slovenian_National_Party
2018-02-06,Slovenian National Party,1.5,Far-right,Nationalism Right-wing populism,https://en.wikipedia.org/wiki/Slovenian_National_Party
2018-02-11,Slovenian National Party,1.0,Far-right,Nationalism Right-wing populism,https://en.wikipedia.org/wiki/Slovenian_National_Party
2018-02-25,Slovenian National Party,1.1,Far-right,Nationalism Right-wing populism,https://en.wikipedia.org/wiki/Slovenian_National_Party
2018-03-08,Slovenian National Party,1.8,Far-right,Nationalism Right-wing populism,https://en.wikipedia.org/wiki/Slovenian_National_Party
2018-03-14,Slovenian National Party,4.1,Far-right,Nationalism Right-wing populism,https://en.wikipedia.org/wiki/Slovenian_National_Party
2018-03-25,Slovenian National Party,1.3,Far-right,Nationalism Right-wing populism,https://en.wikipedia.org/wiki/Slovenian_National_Party
2018-04-03,Slovenian National Party,2.1,Far-right,Nationalism Right-wing populism,https://en.wikipedia.org/wiki/Slovenian_National_Party
2018-04-22,Slovenian National Party,2.1,Far-right,Nationalism Right-wing populism,https://en.wikipedia.org/wiki/Slovenian_National_Party
2018-04-22,Slovenian National Party,1.1,Far-right,Nationalism Right-wing populism,https://en.wikipedia.org/wiki/Slovenian_National_Party
2018-05-05,Slovenian National Party,1.9,Far-right,Nationalism Right-wing populism,https://en.wikipedia.org/wiki/Slovenian_National_Party
2018-05-07,Slovenian National Party,2.1,Far-right,Nationalism Right-wing populism,https://en.wikipedia.org/wiki/Slovenian_National_Party
2018-05-09,Slovenian National Party,2.3,Far-right,Nationalism Right-wing populism,https://en.wikipedia.org/wiki/Slovenian_National_Party
2018-05-10,Slovenian National Party,1.3,Far-right,Nationalism Right-wing populism,https://en.wikipedia.org/wiki/Slovenian_National_Party
2018-05-10,Slovenian National Party,2.2,Far-right,Nationalism Right-wing populism,https://en.wikipedia.org/wiki/Slovenian_National_Party
2018-05-15,Slovenian National Party,2.9,Far-right,Nationalism Right-wing populism,https://en.wikipedia.org/wiki/Slovenian_National_Party
2018-05-17,Slovenian National Party,2.8,Far-right,Nationalism Right-wing populism,https://en.wikipedia.org/wiki/Slovenian_National_Party
2018-05-17,Slovenian National Party,2.5,Far-right,Nationalism Right-wing populism,https://en.wikipedia.org/wiki/Slovenian_National_Party
2018-05-17,Slovenian National Party,2.8,Far-right,Nationalism Right-wing populism,https://en.wikipedia.org/wiki/Slovenian_National_Party
2018-05-20,Slovenian National Party,3.1,Far-right,Nationalism Right-wing populism,https://en.wikipedia.org/wiki/Slovenian_National_Party
2018-05-22,Slovenian National Party,3.0,Far-right,Nationalism Right-wing populism,https://en.wikipedia.org/wiki/Slovenian_National_Party
2018-05-22,Slovenian National Party,2.1,Far-right,Nationalism Right-wing populism,https://en.wikipedia.org/wiki/Slovenian_National_Party
2018-05-23,Slovenian National Party,1.5,Far-right,Nationalism Right-wing populism,https://en.wikipedia.org/wiki/Slovenian_National_Party
2018-05-25,Slovenian National Party,3.5,Far-right,Nationalism Right-wing populism,https://en.wikipedia.org/wiki/Slovenian_National_Party
2018-05-25,Slovenian National Party,3.4,Far-right,Nationalism Right-wing populism,https://en.wikipedia.org/wiki/Slovenian_National_Party
2018-05-27,Slovenian National Party,4.0,Far-right,Nationalism Right-wing populism,https://en.wikipedia.org/wiki/Slovenian_National_Party
2018-05-29,Slovenian National Party,3.8,Far-right,Nationalism Right-wing populism,https://en.wikipedia.org/wiki/Slovenian_National_Party
2018-05-29,Slovenian National Party,3.0,Far-right,Nationalism Right-wing populism,https://en.wikipedia.org/wiki/Slovenian_National_Party
2018-05-29,Slovenian National Party,2.6,Far-right,Nationalism Right-wing populism,https://en.wikipedia.org/wiki/Slovenian_National_Party
2018-05-30,Slovenian National Party,3.9,Far-right,Nationalism Right-wing populism,https://en.wikipedia.org/wiki/Slovenian_National_Party
2018-05-31,Slovenian National Party,4.1,Far-right,Nationalism Right-wing populism,https://en.wikipedia.org/wiki/Slovenian_National_Party
2018-05-31,Slovenian National Party,3.3,Far-right,Nationalism Right-wing populism,https://en.wikipedia.org/wiki/Slovenian_National_Party
2018-05-31,Slovenian National Party,3.4,Far-right,Nationalism Right-wing populism,https://en.wikipedia.org/wiki/Slovenian_National_Party
2018-05-31,Slovenian National Party,4.0,Far-right,Nationalism Right-wing populism,https://en.wikipedia.org/wiki/Slovenian_National_Party
2018-06-03,Slovenian National Party,4.3,Far-right,Nationalism Right-wing populism,https://en.wikipedia.org/wiki/Slovenian_National_Party
2018-06-03,Slovenian National Party,4.2,Far-right,Nationalism Right-wing populism,https://en.wikipedia.org/wiki/Slovenian_National_Party
2018-06-03,Slovenian National Party,4.2,Far-right,Nationalism Right-wing populism,https://en.wikipedia.org/wiki/Slovenian_National_Party
2018-06-06,Slovenian National Party,3.4,Far-right,Nationalism Right-wing populism,https://en.wikipedia.org/wiki/Slovenian_National_Party
2018-06-14,Slovenian National Party,3.4,Far-right,Nationalism Right-wing populism,https://en.wikipedia.org/wiki/Slovenian_National_Party
2018-06-20,Slovenian National Party,4.2,Far-right,Nationalism Right-wing populism,https://en.wikipedia.org/wiki/Slovenian_National_Party
2018-07-12,Slovenian National Party,2.2,Far-right,Nationalism Right-wing populism,https://en.wikipedia.org/wiki/Slovenian_National_Party
2018-08-15,Slovenian National Party,2.3,Far-right,Nationalism Right-wing populism,https://en.wikipedia.org/wiki/Slovenian_National_Party
2018-08-26,Slovenian National Party,3.1,Far-right,Nationalism Right-wing populism,https://en.wikipedia.org/wiki/Slovenian_National_Party
2018-09-06,Slovenian National Party,3.2,Far-right,Nationalism Right-wing populism,https://en.wikipedia.org/wiki/Slovenian_National_Party
2018-09-13,Slovenian National Party,2.4,Far-right,Nationalism Right-wing populism,https://en.wikipedia.org/wiki/Slovenian_National_Party
2018-09-23,Slovenian National Party,2.6,Far-right,Nationalism Right-wing populism,https://en.wikipedia.org/wiki/Slovenian_National_Party
2018-10-11,Slovenian National Party,3.2,Far-right,Nationalism Right-wing populism,https://en.wikipedia.org/wiki/Slovenian_National_Party
2018-11-20,Slovenian National Party,3.7,Far-right,Nationalism Right-wing populism,https://en.wikipedia.org/wiki/Slovenian_National_Party
2018-11-22,Slovenian National Party,3.8,Far-right,Nationalism Right-wing populism,https://en.wikipedia.org/wiki/Slovenian_National_Party
2018-12-06,Slovenian National Party,3.2,Far-right,Nationalism Right-wing populism,https://en.wikipedia.org/wiki/Slovenian_National_Party
2018-12-13,Slovenian National Party,2.4,Far-right,Nationalism Right-wing populism,https://en.wikipedia.org/wiki/Slovenian_National_Party
2019-01-10,Slovenian National Party,4.1,Far-right,Nationalism Right-wing populism,https://en.wikipedia.org/wiki/Slovenian_National_Party
2019-01-10,Slovenian National Party,1.7,Far-right,Nationalism Right-wing populism,https://en.wikipedia.org/wiki/Slovenian_National_Party
2019-02-06,Slovenian National Party,2.6,Far-right,Nationalism Right-wing populism,https://en.wikipedia.org/wiki/Slovenian_National_Party
2019-02-14,Slovenian National Party,2.5,Far-right,Nationalism Right-wing populism,https://en.wikipedia.org/wiki/Slovenian_National_Party
2019-03-07,Slovenian National Party,2.1,Far-right,Nationalism Right-wing populism,https://en.wikipedia.org/wiki/Slovenian_National_Party
2019-03-14,Slovenian National Party,2.4,Far-right,Nationalism Right-wing populism,https://en.wikipedia.org/wiki/Slovenian_National_Party
2019-04-04,Slovenian National Party,4.2,Far-right,Nationalism Right-wing populism,https://en.wikipedia.org/wiki/Slovenian_National_Party
2019-04-11,Slovenian National Party,1.5,Far-right,Nationalism Right-wing populism,https://en.wikipedia.org/wiki/Slovenian_National_Party
2019-05-16,Slovenian National Party,1.7,Far-right,Nationalism Right-wing populism,https://en.wikipedia.org/wiki/Slovenian_National_Party
2019-05-23,Slovenian National Party,4.0,Far-right,Nationalism Right-wing populism,https://en.wikipedia.org/wiki/Slovenian_National_Party
2019-06-13,Slovenian National Party,1.7,Far-right,Nationalism Right-wing populism,https://en.wikipedia.org/wiki/Slovenian_National_Party
2019-07-11,Slovenian National Party,3.6,Far-right,Nationalism Right-wing populism,https://en.wikipedia.org/wiki/Slovenian_National_Party
2019-07-11,Slovenian National Party,1.9,Far-right,Nationalism Right-wing populism,https://en.wikipedia.org/wiki/Slovenian_National_Party
2019-08-08,Slovenian National Party,3.3,Far-right,Nationalism Right-wing populism,https://en.wikipedia.org/wiki/Slovenian_National_Party
2019-08-14,Slovenian National Party,1.8,Far-right,Nationalism Right-wing populism,https://en.wikipedia.org/wiki/Slovenian_National_Party
2019-08-25,Slovenian National Party,2.3,Far-right,Nationalism Right-wing populism,https://en.wikipedia.org/wiki/Slovenian_National_Party
2019-09-05,Slovenian National Party,2.9,Far-right,Nationalism Right-wing populism,https://en.wikipedia.org/wiki/Slovenian_National_Party
2019-09-12,Slovenian National Party,2.1,Far-right,Nationalism Right-wing populism,https://en.wikipedia.org/wiki/Slovenian_National_Party
2019-09-22,Slovenian National Party,2.9,Far-right,Nationalism Right-wing populism,https://en.wikipedia.org/wiki/Slovenian_National_Party
2019-10-10,Slovenian National Party,3.7,Far-right,Nationalism Right-wing populism,https://en.wikipedia.org/wiki/Slovenian_National_Party
2019-10-17,Slovenian National Party,0.9,Far-right,Nationalism Right-wing populism,https://en.wikipedia.org/wiki/Slovenian_National_Party
2019-11-07,Slovenian National Party,3.2,Far-right,Nationalism Right-wing populism,https://en.wikipedia.org/wiki/Slovenian_National_Party
2019-11-07,Slovenian National Party,2.1,Far-right,Nationalism Right-wing populism,https://en.wikipedia.org/wiki/Slovenian_National_Party
2019-11-14,Slovenian National Party,1.1,Far-right,Nationalism Right-wing populism,https://en.wikipedia.org/wiki/Slovenian_National_Party
2019-11-24,Slovenian National Party,3.6,Far-right,Nationalism Right-wing populism,https://en.wikipedia.org/wiki/Slovenian_National_Party
2019-12-05,Slovenian National Party,2.3,Far-right,Nationalism Right-wing populism,https://en.wikipedia.org/wiki/Slovenian_National_Party
2019-12-05,Slovenian National Party,4.3,Far-right,Nationalism Right-wing populism,https://en.wikipedia.org/wiki/Slovenian_National_Party
2019-12-12,Slovenian National Party,2.5,Far-right,Nationalism Right-wing populism,https://en.wikipedia.org/wiki/Slovenian_National_Party
2020-01-09,Slovenian National Party,3.3,Far-right,Nationalism Right-wing populism,https://en.wikipedia.org/wiki/Slovenian_National_Party
2020-01-16,Slovenian National Party,3.3,Far-right,Nationalism Right-wing populism,https://en.wikipedia.org/wiki/Slovenian_National_Party
2020-01-16,Slovenian National Party,2.3,Far-right,Nationalism Right-wing populism,https://en.wikipedia.org/wiki/Slovenian_National_Party
2020-01-29,Slovenian National Party,3.7,Far-right,Nationalism Right-wing populism,https://en.wikipedia.org/wiki/Slovenian_National_Party
2020-02-03,Slovenian National Party,3.6,Far-right,Nationalism Right-wing populism,https://en.wikipedia.org/wiki/Slovenian_National_Party
2020-02-05,Slovenian National Party,5.4,Far-right,Nationalism Right-wing populism,https://en.wikipedia.org/wiki/Slovenian_National_Party
2020-02-13,Slovenian National Party,2.5,Far-right,Nationalism Right-wing populism,https://en.wikipedia.org/wiki/Slovenian_National_Party
2020-02-13,Slovenian National Party,3.0,Far-right,Nationalism Right-wing populism,https://en.wikipedia.org/wiki/Slovenian_National_Party
2020-02-20,Slovenian National Party,3.0,Far-right,Nationalism Right-wing populism,https://en.wikipedia.org/wiki/Slovenian_National_Party
2020-02-28,Slovenian National Party,3.2,Far-right,Nationalism Right-wing populism,https://en.wikipedia.org/wiki/Slovenian_National_Party
2020-03-05,Slovenian National Party,2.5,Far-right,Nationalism Right-wing populism,https://en.wikipedia.org/wiki/Slovenian_National_Party
2020-03-12,Slovenian National Party,2.8,Far-right,Nationalism Right-wing populism,https://en.wikipedia.org/wiki/Slovenian_National_Party
2020-03-19,Slovenian National Party,3.6,Far-right,Nationalism Right-wing populism,https://en.wikipedia.org/wiki/Slovenian_National_Party
2020-04-09,Slovenian National Party,3.2,Far-right,Nationalism Right-wing populism,https://en.wikipedia.org/wiki/Slovenian_National_Party
2020-04-16,Slovenian National Party,3.5,Far-right,Nationalism Right-wing populism,https://en.wikipedia.org/wiki/Slovenian_National_Party
2020-05-08,Slovenian National Party,1.8,Far-right,Nationalism Right-wing populism,https://en.wikipedia.org/wiki/Slovenian_National_Party
2020-05-08,Slovenian National Party,5.8,Far-right,Nationalism Right-wing populism,https://en.wikipedia.org/wiki/Slovenian_National_Party
2020-05-13,Slovenian National Party,1.8,Far-right,Nationalism Right-wing populism,https://en.wikipedia.org/wiki/Slovenian_National_Party
2020-05-21,Slovenian National Party,2.4,Far-right,Nationalism Right-wing populism,https://en.wikipedia.org/wiki/Slovenian_National_Party
2020-05-22,Slovenian National Party,2.9,Far-right,Nationalism Right-wing populism,https://en.wikipedia.org/wiki/Slovenian_National_Party
2020-06-04,Slovenian National Party,2.0,Far-right,Nationalism Right-wing populism,https://en.wikipedia.org/wiki/Slovenian_National_Party
2020-06-11,Slovenian National Party,1.4,Far-right,Nationalism Right-wing populism,https://en.wikipedia.org/wiki/Slovenian_National_Party
2020-06-17,Slovenian National Party,1.4,Far-right,Nationalism Right-wing populism,https://en.wikipedia.org/wiki/Slovenian_National_Party
2020-07-02,Slovenian National Party,3.1,Far-right,Nationalism Right-wing populism,https://en.wikipedia.org/wiki/Slovenian_National_Party
2020-07-09,Slovenian National Party,2.8,Far-right,Nationalism Right-wing populism,https://en.wikipedia.org/wiki/Slovenian_National_Party
2020-07-16,Slovenian National Party,0.5,Far-right,Nationalism Right-wing populism,https://en.wikipedia.org/wiki/Slovenian_National_Party
2020-08-06,Slovenian National Party,1.6,Far-right,Nationalism Right-wing populism,https://en.wikipedia.org/wiki/Slovenian_National_Party
2020-08-13,Slovenian National Party,2.1,Far-right,Nationalism Right-wing populism,https://en.wikipedia.org/wiki/Slovenian_National_Party
2020-08-24,Slovenian National Party,2.1,Far-right,Nationalism Right-wing populism,https://en.wikipedia.org/wiki/Slovenian_National_Party
2020-08-24,Slovenian National Party,3.0,Far-right,Nationalism Right-wing populism,https://en.wikipedia.org/wiki/Slovenian_National_Party
2020-09-10,Slovenian National Party,1.5,Far-right,Nationalism Right-wing populism,https://en.wikipedia.org/wiki/Slovenian_National_Party
2020-09-17,Slovenian National Party,1.6,Far-right,Nationalism Right-wing populism,https://en.wikipedia.org/wiki/Slovenian_National_Party
2020-09-18,Slovenian National Party,2.3,Far-right,Nationalism Right-wing populism,https://en.wikipedia.org/wiki/Slovenian_National_Party
2020-09-28,Slovenian National Party,3.1,Far-right,Nationalism Right-wing populism,https://en.wikipedia.org/wiki/Slovenian_National_Party
2020-10-08,Slovenian National Party,1.3,Far-right,Nationalism Right-wing populism,https://en.wikipedia.org/wiki/Slovenian_National_Party
2020-10-15,Slovenian National Party,2.1,Far-right,Nationalism Right-wing populism,https://en.wikipedia.org/wiki/Slovenian_National_Party
2020-11-04,Slovenian National Party,2.0,Far-right,Nationalism Right-wing populism,https://en.wikipedia.org/wiki/Slovenian_National_Party
2020-11-05,Slovenian National Party,3.0,Far-right,Nationalism Right-wing populism,https://en.wikipedia.org/wiki/Slovenian_National_Party
2020-11-12,Slovenian National Party,2.0,Far-right,Nationalism Right-wing populism,https://en.wikipedia.org/wiki/Slovenian_National_Party
2020-11-23,Slovenian National Party,2.6,Far-right,Nationalism Right-wing populism,https://en.wikipedia.org/wiki/Slovenian_National_Party
2020-12-09,Slovenian National Party,1.3,Far-right,Nationalism Right-wing populism,https://en.wikipedia.org/wiki/Slovenian_National_Party
2020-12-09,Slovenian National Party,2.3,Far-right,Nationalism Right-wing populism,https://en.wikipedia.org/wiki/Slovenian_National_Party
2020-12-17,Slovenian National Party,2.0,Far-right,Nationalism Right-wing populism,https://en.wikipedia.org/wiki/Slovenian_National_Party
2020-12-23,Slovenian National Party,1.4,Far-right,Nationalism Right-wing populism,https://en.wikipedia.org/wiki/Slovenian_National_Party
2021-01-07,Slovenian National Party,2.0,Far-right,Nationalism Right-wing populism,https://en.wikipedia.org/wiki/Slovenian_National_Party
2021-01-14,Slovenian National Party,1.2,Far-right,Nationalism Right-wing populism,https://en.wikipedia.org/wiki/Slovenian_National_Party
2021-01-25,Slovenian National Party,2.4,Far-right,Nationalism Right-wing populism,https://en.wikipedia.org/wiki/Slovenian_National_Party
2021-01-28,Slovenian National Party,1.5,Far-right,Nationalism Right-wing populism,https://en.wikipedia.org/wiki/Slovenian_National_Party
2021-02-11,Slovenian National Party,1.2,Far-right,Nationalism Right-wing populism,https://en.wikipedia.org/wiki/Slovenian_National_Party
2021-02-11,Slovenian National Party,2.3,Far-right,Nationalism Right-wing populism,https://en.wikipedia.org/wiki/Slovenian_National_Party
2021-03-01,Slovenian National Party,2.3,Far-right,Nationalism Right-wing populism,https://en.wikipedia.org/wiki/Slovenian_National_Party
2021-03-04,Slovenian National Party,3.4,Far-right,Nationalism Right-wing populism,https://en.wikipedia.org/wiki/Slovenian_National_Party
2021-03-11,Slovenian National Party,1.7,Far-right,Nationalism Right-wing populism,https://en.wikipedia.org/wiki/Slovenian_National_Party
2021-03-12,Slovenian National Party,2.1,Far-right,Nationalism Right-wing populism,https://en.wikipedia.org/wiki/Slovenian_National_Party
2021-03-25,Slovenian National Party,2.0,Far-right,Nationalism Right-wing populism,https://en.wikipedia.org/wiki/Slovenian_National_Party
2021-03-29,Slovenian National Party,2.3,Far-right,Nationalism Right-wing populism,https://en.wikipedia.org/wiki/Slovenian_National_Party
2021-04-08,Slovenian National Party,1.9,Far-right,Nationalism Right-wing populism,https://en.wikipedia.org/wiki/Slovenian_National_Party
2021-04-14,Slovenian National Party,2.3,Far-right,Nationalism Right-wing populism,https://en.wikipedia.org/wiki/Slovenian_National_Party
2021-04-15,Slovenian National Party,0.2,Far-right,Nationalism Right-wing populism,https://en.wikipedia.org/wiki/Slovenian_National_Party
2021-04-26,Slovenian National Party,1.4,Far-right,Nationalism Right-wing populism,https://en.wikipedia.org/wiki/Slovenian_National_Party
2021-05-05,Slovenian National Party,2.0,Far-right,Nationalism Right-wing populism,https://en.wikipedia.org/wiki/Slovenian_National_Party
2021-05-13,Slovenian National Party,1.7,Far-right,Nationalism Right-wing populism,https://en.wikipedia.org/wiki/Slovenian_National_Party
2021-05-13,Slovenian National Party,1.0,Far-right,Nationalism Right-wing populism,https://en.wikipedia.org/wiki/Slovenian_National_Party
2021-05-24,Slovenian National Party,1.4,Far-right,Nationalism Right-wing populism,https://en.wikipedia.org/wiki/Slovenian_National_Party
2021-05-26,Slovenian National Party,1.8,Far-right,Nationalism Right-wing populism,https://en.wikipedia.org/wiki/Slovenian_National_Party
2021-06-18,Slovenian National Party,1.5,Far-right,Nationalism Right-wing populism,https://en.wikipedia.org/wiki/Slovenian_National_Party
2021-09-02,Slovenian National Party,3.3,Far-right,Nationalism Right-wing populism,https://en.wikipedia.org/wiki/Slovenian_National_Party
2021-09-30,Slovenian National Party,2.0,Far-right,Nationalism Right-wing populism,https://en.wikipedia.org/wiki/Slovenian_National_Party
2021-10-15,Slovenian National Party,2.7,Far-right,Nationalism Right-wing populism,https://en.wikipedia.org/wiki/Slovenian_National_Party
2021-11-04,Slovenian National Party,1.6,Far-right,Nationalism Right-wing populism,https://en.wikipedia.org/wiki/Slovenian_National_Party
2021-11-16,Slovenian National Party,1.1,Far-right,Nationalism Right-wing populism,https://en.wikipedia.org/wiki/Slovenian_National_Party
2021-12-02,Slovenian National Party,1.2,Far-right,Nationalism Right-wing populism,https://en.wikipedia.org/wiki/Slovenian_National_Party
2021-12-07,Slovenian National Party,0.8,Far-right,Nationalism Right-wing populism,https://en.wikipedia.org/wiki/Slovenian_National_Party
2021-12-16,Slovenian National Party,1.3,Far-right,Nationalism Right-wing populism,https://en.wikipedia.org/wiki/Slovenian_National_Party
2021-12-29,Slovenian National Party,1.7,Far-right,Nationalism Right-wing populism,https://en.wikipedia.org/wiki/Slovenian_National_Party
2022-01-06,Slovenian National Party,1.8,Far-right,Nationalism Right-wing populism,https://en.wikipedia.org/wiki/Slovenian_National_Party
2022-01-13,Slovenian National Party,0.7,Far-right,Nationalism Right-wing populism,https://en.wikipedia.org/wiki/Slovenian_National_Party
2022-01-27,Slovenian National Party,0.2,Far-right,Nationalism Right-wing populism,https://en.wikipedia.org/wiki/Slovenian_National_Party
2022-01-28,Slovenian National Party,2.3,Far-right,Nationalism Right-wing populism,https://en.wikipedia.org/wiki/Slovenian_National_Party
2022-02-03,Slovenian National Party,2.5,Far-right,Nationalism Right-wing populism,https://en.wikipedia.org/wiki/Slovenian_National_Party
2022-02-10,Slovenian National Party,1.9,Far-right,Nationalism Right-wing populism,https://en.wikipedia.org/wiki/Slovenian_National_Party
2022-02-10,Slovenian National Party,0.8,Far-right,Nationalism Right-wing populism,https://en.wikipedia.org/wiki/Slovenian_National_Party
2022-02-16,Slovenian National Party,1.7,Far-right,Nationalism Right-wing populism,https://en.wikipedia.org/wiki/Slovenian_National_Party
2022-02-23,Slovenian National Party,1.0,Far-right,Nationalism Right-wing populism,https://en.wikipedia.org/wiki/Slovenian_National_Party
2022-02-24,Slovenian National Party,1.1,Far-right,Nationalism Right-wing populism,https://en.wikipedia.org/wiki/Slovenian_National_Party
2022-02-25,Slovenian National Party,0.8,Far-right,Nationalism Right-wing populism,https://en.wikipedia.org/wiki/Slovenian_National_Party
2022-03-03,Slovenian National Party,1.7,Far-right,Nationalism Right-wing populism,https://en.wikipedia.org/wiki/Slovenian_National_Party
2022-03-10,Slovenian National Party,1.4,Far-right,Nationalism Right-wing populism,https://en.wikipedia.org/wiki/Slovenian_National_Party
2022-03-10,Slovenian National Party,0.8,Far-right,Nationalism Right-wing populism,https://en.wikipedia.org/wiki/Slovenian_National_Party
2022-03-17,Slovenian National Party,0.8,Far-right,Nationalism Right-wing populism,https://en.wikipedia.org/wiki/Slovenian_National_Party
2022-03-23,Slovenian National Party,0.8,Far-right,Nationalism Right-wing populism,https://en.wikipedia.org/wiki/Slovenian_National_Party
2022-03-24,Slovenian National Party,0.6,Far-right,Nationalism Right-wing populism,https://en.wikipedia.org/wiki/Slovenian_National_Party
2022-03-24,Slovenian National Party,1.9,Far-right,Nationalism Right-wing populism,https://en.wikipedia.org/wiki/Slovenian_National_Party
2022-03-31,Slovenian National Party,1.1,Far-right,Nationalism Right-wing populism,https://en.wikipedia.org/wiki/Slovenian_National_Party
2022-03-31,Slovenian National Party,3.3,Far-right,Nationalism Right-wing populism,https://en.wikipedia.org/wiki/Slovenian_National_Party
2022-04-01,Slovenian National Party,1.4,Far-right,Nationalism Right-wing populism,https://en.wikipedia.org/wiki/Slovenian_National_Party
2022-04-06,Slovenian National Party,1.8,Far-right,Nationalism Right-wing populism,https://en.wikipedia.org/wiki/Slovenian_National_Party
2022-04-07,Slovenian National Party,2.3,Far-right,Nationalism Right-wing populism,https://en.wikipedia.org/wiki/Slovenian_National_Party
2022-04-07,Slovenian National Party,1.2,Far-right,Nationalism Right-wing populism,https://en.wikipedia.org/wiki/Slovenian_National_Party
2022-04-13,Slovenian National Party,1.8,Far-right,Nationalism Right-wing populism,https://en.wikipedia.org/wiki/Slovenian_National_Party
2022-04-13,Slovenian National Party,1.4,Far-right,Nationalism Right-wing populism,https://en.wikipedia.org/wiki/Slovenian_National_Party
2022-04-14,Slovenian National Party,1.6,Far-right,Nationalism Right-wing populism,https://en.wikipedia.org/wiki/Slovenian_National_Party
2022-04-14,Slovenian National Party,1.5,Far-right,Nationalism Right-wing populism,https://en.wikipedia.org/wiki/Slovenian_National_Party
2022-04-15,Slovenian National Party,0.6,Far-right,Nationalism Right-wing populism,https://en.wikipedia.org/wiki/Slovenian_National_Party
2022-04-15,Slovenian National Party,1.1,Far-right,Nationalism Right-wing populism,https://en.wikipedia.org/wiki/Slovenian_National_Party
2022-04-16,Slovenian National Party,0.7,Far-right,Nationalism Right-wing populism,https://en.wikipedia.org/wiki/Slovenian_National_Party
2022-04-19,Slovenian National Party,1.0,Far-right,Nationalism Right-wing populism,https://en.wikipedia.org/wiki/Slovenian_National_Party
2022-04-19,Slovenian National Party,0.8,Far-right,Nationalism Right-wing populism,https://en.wikipedia.org/wiki/Slovenian_National_Party
2022-04-20,Slovenian National Party,1.1,Far-right,Nationalism Right-wing populism,https://en.wikipedia.org/wiki/Slovenian_National_Party
2022-04-21,Slovenian National Party,1.0,Far-right,Nationalism Right-wing populism,https://en.wikipedia.org/wiki/Slovenian_National_Party
2022-04-21,Slovenian National Party,1.5,Far-right,Nationalism Right-wing populism,https://en.wikipedia.org/wiki/Slovenian_National_Party
2022-04-22,Slovenian National Party,1.5,Far-right,Nationalism Right-wing populism,https://en.wikipedia.org/wiki/Slovenian_National_Party
2022-04-24,Slovenian National Party,1.6,Far-right,Nationalism Right-wing populism,https://en.wikipedia.org/wiki/Slovenian_National_Party
2022-04-24,Slovenian National Party,1.5,Far-right,Nationalism Right-wing populism,https://en.wikipedia.org/wiki/Slovenian_National_Party
2026-03-22,Slovenian National Party,2.2,Far-right,Nationalism Right-wing populism,https://en.wikipedia.org/wiki/Slovenian_National_Party
2026-04-09,Slovenian National Party,3.5,Far-right,Nationalism Right-wing populism,https://en.wikipedia.org/wiki/Slovenian_National_Party
2026-04-10,Slovenian National Party,1.8,Far-right,Nationalism Right-wing populism,https://en.wikipedia.org/wiki/Slovenian_National_Party
2026-04-15,Slovenian National Party,2.8,Far-right,Nationalism Right-wing populism,https://en.wikipedia.org/wiki/Slovenian_National_Party
2026-04-23,Slovenian National Party,2.9,Far-right,Nationalism Right-wing populism,https://en.wikipedia.org/wiki/Slovenian_National_Party
2026-05-07,Slovenian National Party,1.3,Far-right,Nationalism Right-wing populism,https://en.wikipedia.org/wiki/Slovenian_National_Party
2026-05-12,Slovenian National Party,2.8,Far-right,Nationalism Right-wing populism,https://en.wikipedia.org/wiki/Slovenian_National_Party
2026-05-13,Slovenian National Party,1.2,Far-right,Nationalism Right-wing populism,https://en.wikipedia.org/wiki/Slovenian_National_Party
2026-05-20,Slovenian National Party,3.5,Far-right,Nationalism Right-wing populism,https://en.wikipedia.org/wiki/Slovenian_National_Party
2026-05-21,Slovenian National Party,3.4,Far-right,Nationalism Right-wing populism,https://en.wikipedia.org/wiki/Slovenian_National_Party
2014-07-13,Slovenian People's Party,3.9,Centre-right,Conservatism Agrarianism Christian democracy Pro-Europeanism,https://en.wikipedia.org/wiki/Slovenian_People%27s_Party
2014-08-07,Slovenian People's Party,4.2,Centre-right,Conservatism Agrarianism Christian democracy Pro-Europeanism,https://en.wikipedia.org/wiki/Slovenian_People%27s_Party
2014-09-11,Slovenian People's Party,2.8,Centre-right,Conservatism Agrarianism Christian democracy Pro-Europeanism,https://en.wikipedia.org/wiki/Slovenian_People%27s_Party
2014-09-11,Slovenian People's Party,2.6,Centre-right,Conservatism Agrarianism Christian democracy Pro-Europeanism,https://en.wikipedia.org/wiki/Slovenian_People%27s_Party
2014-09-28,Slovenian People's Party,2.8,Centre-right,Conservatism Agrarianism Christian democracy Pro-Europeanism,https://en.wikipedia.org/wiki/Slovenian_People%27s_Party
2014-10-09,Slovenian People's Party,3.6,Centre-right,Conservatism Agrarianism Christian democracy Pro-Europeanism,https://en.wikipedia.org/wiki/Slovenian_People%27s_Party
2014-10-26,Slovenian People's Party,1.5,Centre-right,Conservatism Agrarianism Christian democracy Pro-Europeanism,https://en.wikipedia.org/wiki/Slovenian_People%27s_Party
2014-11-05,Slovenian People's Party,2.7,Centre-right,Conservatism Agrarianism Christian democracy Pro-Europeanism,https://en.wikipedia.org/wiki/Slovenian_People%27s_Party
2014-11-20,Slovenian People's Party,1.1,Centre-right,Conservatism Agrarianism Christian democracy Pro-Europeanism,https://en.wikipedia.org/wiki/Slovenian_People%27s_Party
2014-11-20,Slovenian People's Party,1.5,Centre-right,Conservatism Agrarianism Christian democracy Pro-Europeanism,https://en.wikipedia.org/wiki/Slovenian_People%27s_Party
2014-12-04,Slovenian People's Party,3.9,Centre-right,Conservatism Agrarianism Christian democracy Pro-Europeanism,https://en.wikipedia.org/wiki/Slovenian_People%27s_Party
2014-12-17,Slovenian People's Party,1.8,Centre-right,Conservatism Agrarianism Christian democracy Pro-Europeanism,https://en.wikipedia.org/wiki/Slovenian_People%27s_Party
2014-12-21,Slovenian People's Party,1.7,Centre-right,Conservatism Agrarianism Christian democracy Pro-Europeanism,https://en.wikipedia.org/wiki/Slovenian_People%27s_Party
2015-01-08,Slovenian People's Party,3.3,Centre-right,Conservatism Agrarianism Christian democracy Pro-Europeanism,https://en.wikipedia.org/wiki/Slovenian_People%27s_Party
2015-01-21,Slovenian People's Party,2.0,Centre-right,Conservatism Agrarianism Christian democracy Pro-Europeanism,https://en.wikipedia.org/wiki/Slovenian_People%27s_Party
2015-02-05,Slovenian People's Party,1.0,Centre-right,Conservatism Agrarianism Christian democracy Pro-Europeanism,https://en.wikipedia.org/wiki/Slovenian_People%27s_Party
2015-02-12,Slovenian People's Party,1.8,Centre-right,Conservatism Agrarianism Christian democracy Pro-Europeanism,https://en.wikipedia.org/wiki/Slovenian_People%27s_Party
2015-02-22,Slovenian People's Party,2.6,Centre-right,Conservatism Agrarianism Christian democracy Pro-Europeanism,https://en.wikipedia.org/wiki/Slovenian_People%27s_Party
2015-03-05,Slovenian People's Party,1.5,Centre-right,Conservatism Agrarianism Christian democracy Pro-Europeanism,https://en.wikipedia.org/wiki/Slovenian_People%27s_Party
2015-03-12,Slovenian People's Party,2.6,Centre-right,Conservatism Agrarianism Christian democracy Pro-Europeanism,https://en.wikipedia.org/wiki/Slovenian_People%27s_Party
2015-03-22,Slovenian People's Party,3.9,Centre-right,Conservatism Agrarianism Christian democracy Pro-Europeanism,https://en.wikipedia.org/wiki/Slovenian_People%27s_Party
2015-04-02,Slovenian People's Party,1.2,Centre-right,Conservatism Agrarianism Christian democracy Pro-Europeanism,https://en.wikipedia.org/wiki/Slovenian_People%27s_Party
2015-04-16,Slovenian People's Party,0.7,Centre-right,Conservatism Agrarianism Christian democracy Pro-Europeanism,https://en.wikipedia.org/wiki/Slovenian_People%27s_Party
2015-04-26,Slovenian People's Party,2.6,Centre-right,Conservatism Agrarianism Christian democracy Pro-Europeanism,https://en.wikipedia.org/wiki/Slovenian_People%27s_Party
2015-05-07,Slovenian People's Party,1.8,Centre-right,Conservatism Agrarianism Christian democracy Pro-Europeanism,https://en.wikipedia.org/wiki/Slovenian_People%27s_Party
2015-05-14,Slovenian People's Party,2.6,Centre-right,Conservatism Agrarianism Christian democracy Pro-Europeanism,https://en.wikipedia.org/wiki/Slovenian_People%27s_Party
2015-05-24,Slovenian People's Party,4.3,Centre-right,Conservatism Agrarianism Christian democracy Pro-Europeanism,https://en.wikipedia.org/wiki/Slovenian_People%27s_Party
2015-06-05,Slovenian People's Party,0.6,Centre-right,Conservatism Agrarianism Christian democracy Pro-Europeanism,https://en.wikipedia.org/wiki/Slovenian_People%27s_Party
2015-06-10,Slovenian People's Party,2.2,Centre-right,Conservatism Agrarianism Christian democracy Pro-Europeanism,https://en.wikipedia.org/wiki/Slovenian_People%27s_Party
2015-06-28,Slovenian People's Party,2.6,Centre-right,Conservatism Agrarianism Christian democracy Pro-Europeanism,https://en.wikipedia.org/wiki/Slovenian_People%27s_Party
2015-07-02,Slovenian People's Party,2.4,Centre-right,Conservatism Agrarianism Christian democracy Pro-Europeanism,https://en.wikipedia.org/wiki/Slovenian_People%27s_Party
2015-07-15,Slovenian People's Party,1.0,Centre-right,Conservatism Agrarianism Christian democracy Pro-Europeanism,https://en.wikipedia.org/wiki/Slovenian_People%27s_Party
2015-07-26,Slovenian People's Party,2.8,Centre-right,Conservatism Agrarianism Christian democracy Pro-Europeanism,https://en.wikipedia.org/wiki/Slovenian_People%27s_Party
2015-08-06,Slovenian People's Party,1.5,Centre-right,Conservatism Agrarianism Christian democracy Pro-Europeanism,https://en.wikipedia.org/wiki/Slovenian_People%27s_Party
2015-08-13,Slovenian People's Party,1.3,Centre-right,Conservatism Agrarianism Christian democracy Pro-Europeanism,https://en.wikipedia.org/wiki/Slovenian_People%27s_Party
2015-08-23,Slovenian People's Party,2.7,Centre-right,Conservatism Agrarianism Christian democracy Pro-Europeanism,https://en.wikipedia.org/wiki/Slovenian_People%27s_Party
2015-09-03,Slovenian People's Party,1.1,Centre-right,Conservatism Agrarianism Christian democracy Pro-Europeanism,https://en.wikipedia.org/wiki/Slovenian_People%27s_Party
2015-09-10,Slovenian People's Party,2.3,Centre-right,Conservatism Agrarianism Christian democracy Pro-Europeanism,https://en.wikipedia.org/wiki/Slovenian_People%27s_Party
2015-09-27,Slovenian People's Party,2.8,Centre-right,Conservatism Agrarianism Christian democracy Pro-Europeanism,https://en.wikipedia.org/wiki/Slovenian_People%27s_Party
2015-10-07,Slovenian People's Party,0.8,Centre-right,Conservatism Agrarianism Christian democracy Pro-Europeanism,https://en.wikipedia.org/wiki/Slovenian_People%27s_Party
2015-10-14,Slovenian People's Party,1.4,Centre-right,Conservatism Agrarianism Christian democracy Pro-Europeanism,https://en.wikipedia.org/wiki/Slovenian_People%27s_Party
2015-10-25,Slovenian People's Party,3.5,Centre-right,Conservatism Agrarianism Christian democracy Pro-Europeanism,https://en.wikipedia.org/wiki/Slovenian_People%27s_Party
2015-10-30,Slovenian People's Party,1.9,Centre-right,Conservatism Agrarianism Christian democracy Pro-Europeanism,https://en.wikipedia.org/wiki/Slovenian_People%27s_Party
2015-11-05,Slovenian People's Party,1.6,Centre-right,Conservatism Agrarianism Christian democracy Pro-Europeanism,https://en.wikipedia.org/wiki/Slovenian_People%27s_Party
2015-11-19,Slovenian People's Party,2.8,Centre-right,Conservatism Agrarianism Christian democracy Pro-Europeanism,https://en.wikipedia.org/wiki/Slovenian_People%27s_Party
2015-12-06,Slovenian People's Party,2.9,Centre-right,Conservatism Agrarianism Christian democracy Pro-Europeanism,https://en.wikipedia.org/wiki/Slovenian_People%27s_Party
2015-12-10,Slovenian People's Party,1.5,Centre-right,Conservatism Agrarianism Christian democracy Pro-Europeanism,https://en.wikipedia.org/wiki/Slovenian_People%27s_Party
2015-12-17,Slovenian People's Party,1.1,Centre-right,Conservatism Agrarianism Christian democracy Pro-Europeanism,https://en.wikipedia.org/wiki/Slovenian_People%27s_Party
2015-12-27,Slovenian People's Party,2.3,Centre-right,Conservatism Agrarianism Christian democracy Pro-Europeanism,https://en.wikipedia.org/wiki/Slovenian_People%27s_Party
2016-01-07,Slovenian People's Party,1.3,Centre-right,Conservatism Agrarianism Christian democracy Pro-Europeanism,https://en.wikipedia.org/wiki/Slovenian_People%27s_Party
2016-01-18,Slovenian People's Party,1.3,Centre-right,Conservatism Agrarianism Christian democracy Pro-Europeanism,https://en.wikipedia.org/wiki/Slovenian_People%27s_Party
2016-01-24,Slovenian People's Party,2.2,Centre-right,Conservatism Agrarianism Christian democracy Pro-Europeanism,https://en.wikipedia.org/wiki/Slovenian_People%27s_Party
2016-02-04,Slovenian People's Party,0.9,Centre-right,Conservatism Agrarianism Christian democracy Pro-Europeanism,https://en.wikipedia.org/wiki/Slovenian_People%27s_Party
2016-02-18,Slovenian People's Party,1.6,Centre-right,Conservatism Agrarianism Christian democracy Pro-Europeanism,https://en.wikipedia.org/wiki/Slovenian_People%27s_Party
2016-02-28,Slovenian People's Party,1.6,Centre-right,Conservatism Agrarianism Christian democracy Pro-Europeanism,https://en.wikipedia.org/wiki/Slovenian_People%27s_Party
2016-03-01,Slovenian People's Party,1.3,Centre-right,Conservatism Agrarianism Christian democracy Pro-Europeanism,https://en.wikipedia.org/wiki/Slovenian_People%27s_Party
2016-03-17,Slovenian People's Party,0.5,Centre-right,Conservatism Agrarianism Christian democracy Pro-Europeanism,https://en.wikipedia.org/wiki/Slovenian_People%27s_Party
2016-03-27,Slovenian People's Party,2.4,Centre-right,Conservatism Agrarianism Christian democracy Pro-Europeanism,https://en.wikipedia.org/wiki/Slovenian_People%27s_Party
2016-04-07,Slovenian People's Party,1.4,Centre-right,Conservatism Agrarianism Christian democracy Pro-Europeanism,https://en.wikipedia.org/wiki/Slovenian_People%27s_Party
2016-04-14,Slovenian People's Party,1.6,Centre-right,Conservatism Agrarianism Christian democracy Pro-Europeanism,https://en.wikipedia.org/wiki/Slovenian_People%27s_Party
2016-04-23,Slovenian People's Party,1.7,Centre-right,Conservatism Agrarianism Christian democracy Pro-Europeanism,https://en.wikipedia.org/wiki/Slovenian_People%27s_Party
2016-05-06,Slovenian People's Party,1.7,Centre-right,Conservatism Agrarianism Christian democracy Pro-Europeanism,https://en.wikipedia.org/wiki/Slovenian_People%27s_Party
2016-05-19,Slovenian People's Party,1.6,Centre-right,Conservatism Agrarianism Christian democracy Pro-Europeanism,https://en.wikipedia.org/wiki/Slovenian_People%27s_Party
2016-05-22,Slovenian People's Party,2.0,Centre-right,Conservatism Agrarianism Christian democracy Pro-Europeanism,https://en.wikipedia.org/wiki/Slovenian_People%27s_Party
2016-06-02,Slovenian People's Party,0.8,Centre-right,Conservatism Agrarianism Christian democracy Pro-Europeanism,https://en.wikipedia.org/wiki/Slovenian_People%27s_Party
2016-06-15,Slovenian People's Party,0.5,Centre-right,Conservatism Agrarianism Christian democracy Pro-Europeanism,https://en.wikipedia.org/wiki/Slovenian_People%27s_Party
2016-06-26,Slovenian People's Party,2.0,Centre-right,Conservatism Agrarianism Christian democracy Pro-Europeanism,https://en.wikipedia.org/wiki/Slovenian_People%27s_Party
2016-07-07,Slovenian People's Party,3.1,Centre-right,Conservatism Agrarianism Christian democracy Pro-Europeanism,https://en.wikipedia.org/wiki/Slovenian_People%27s_Party
2016-07-14,Slovenian People's Party,1.6,Centre-right,Conservatism Agrarianism Christian democracy Pro-Europeanism,https://en.wikipedia.org/wiki/Slovenian_People%27s_Party
2016-07-22,Slovenian People's Party,1.9,Centre-right,Conservatism Agrarianism Christian democracy Pro-Europeanism,https://en.wikipedia.org/wiki/Slovenian_People%27s_Party
2016-08-02,Slovenian People's Party,1.2,Centre-right,Conservatism Agrarianism Christian democracy Pro-Europeanism,https://en.wikipedia.org/wiki/Slovenian_People%27s_Party
2016-08-18,Slovenian People's Party,2.1,Centre-right,Conservatism Agrarianism Christian democracy Pro-Europeanism,https://en.wikipedia.org/wiki/Slovenian_People%27s_Party
2016-08-28,Slovenian People's Party,2.3,Centre-right,Conservatism Agrarianism Christian democracy Pro-Europeanism,https://en.wikipedia.org/wiki/Slovenian_People%27s_Party
2016-09-08,Slovenian People's Party,2.7,Centre-right,Conservatism Agrarianism Christian democracy Pro-Europeanism,https://en.wikipedia.org/wiki/Slovenian_People%27s_Party
2016-09-15,Slovenian People's Party,2.9,Centre-right,Conservatism Agrarianism Christian democracy Pro-Europeanism,https://en.wikipedia.org/wiki/Slovenian_People%27s_Party
2016-09-25,Slovenian People's Party,1.4,Centre-right,Conservatism Agrarianism Christian democracy Pro-Europeanism,https://en.wikipedia.org/wiki/Slovenian_People%27s_Party
2016-10-03,Slovenian People's Party,2.9,Centre-right,Conservatism Agrarianism Christian democracy Pro-Europeanism,https://en.wikipedia.org/wiki/Slovenian_People%27s_Party
2016-10-13,Slovenian People's Party,1.6,Centre-right,Conservatism Agrarianism Christian democracy Pro-Europeanism,https://en.wikipedia.org/wiki/Slovenian_People%27s_Party
2016-10-23,Slovenian People's Party,1.3,Centre-right,Conservatism Agrarianism Christian democracy Pro-Europeanism,https://en.wikipedia.org/wiki/Slovenian_People%27s_Party
2016-10-29,Slovenian People's Party,1.7,Centre-right,Conservatism Agrarianism Christian democracy Pro-Europeanism,https://en.wikipedia.org/wiki/Slovenian_People%27s_Party
2016-11-03,Slovenian People's Party,1.9,Centre-right,Conservatism Agrarianism Christian democracy Pro-Europeanism,https://en.wikipedia.org/wiki/Slovenian_People%27s_Party
2016-11-10,Slovenian People's Party,2.7,Centre-right,Conservatism Agrarianism Christian democracy Pro-Europeanism,https://en.wikipedia.org/wiki/Slovenian_People%27s_Party
2016-11-27,Slovenian People's Party,1.4,Centre-right,Conservatism Agrarianism Christian democracy Pro-Europeanism,https://en.wikipedia.org/wiki/Slovenian_People%27s_Party
2016-12-02,Slovenian People's Party,1.9,Centre-right,Conservatism Agrarianism Christian democracy Pro-Europeanism,https://en.wikipedia.org/wiki/Slovenian_People%27s_Party
2016-12-02,Slovenian People's Party,4.3,Centre-right,Conservatism Agrarianism Christian democracy Pro-Europeanism,https://en.wikipedia.org/wiki/Slovenian_People%27s_Party
2016-12-23,Slovenian People's Party,1.9,Centre-right,Conservatism Agrarianism Christian democracy Pro-Europeanism,https://en.wikipedia.org/wiki/Slovenian_People%27s_Party
2017-01-04,Slovenian People's Party,2.0,Centre-right,Conservatism Agrarianism Christian democracy Pro-Europeanism,https://en.wikipedia.org/wiki/Slovenian_People%27s_Party
2017-01-08,Slovenian People's Party,3.8,Centre-right,Conservatism Agrarianism Christian democracy Pro-Europeanism,https://en.wikipedia.org/wiki/Slovenian_People%27s_Party
2017-01-22,Slovenian People's Party,2.8,Centre-right,Conservatism Agrarianism Christian democracy Pro-Europeanism,https://en.wikipedia.org/wiki/Slovenian_People%27s_Party
2017-02-03,Slovenian People's Party,2.3,Centre-right,Conservatism Agrarianism Christian democracy Pro-Europeanism,https://en.wikipedia.org/wiki/Slovenian_People%27s_Party
2017-02-09,Slovenian People's Party,3.7,Centre-right,Conservatism Agrarianism Christian democracy Pro-Europeanism,https://en.wikipedia.org/wiki/Slovenian_People%27s_Party
2017-02-16,Slovenian People's Party,2.1,Centre-right,Conservatism Agrarianism Christian democracy Pro-Europeanism,https://en.wikipedia.org/wiki/Slovenian_People%27s_Party
2017-02-24,Slovenian People's Party,1.4,Centre-right,Conservatism Agrarianism Christian democracy Pro-Europeanism,https://en.wikipedia.org/wiki/Slovenian_People%27s_Party
2017-03-02,Slovenian People's Party,3.5,Centre-right,Conservatism Agrarianism Christian democracy Pro-Europeanism,https://en.wikipedia.org/wiki/Slovenian_People%27s_Party
2017-03-09,Slovenian People's Party,2.4,Centre-right,Conservatism Agrarianism Christian democracy Pro-Europeanism,https://en.wikipedia.org/wiki/Slovenian_People%27s_Party
2017-03-24,Slovenian People's Party,1.4,Centre-right,Conservatism Agrarianism Christian democracy Pro-Europeanism,https://en.wikipedia.org/wiki/Slovenian_People%27s_Party
2017-04-05,Slovenian People's Party,1.8,Centre-right,Conservatism Agrarianism Christian democracy Pro-Europeanism,https://en.wikipedia.org/wiki/Slovenian_People%27s_Party
2017-04-13,Slovenian People's Party,3.7,Centre-right,Conservatism Agrarianism Christian democracy Pro-Europeanism,https://en.wikipedia.org/wiki/Slovenian_People%27s_Party
2017-04-21,Slovenian People's Party,1.6,Centre-right,Conservatism Agrarianism Christian democracy Pro-Europeanism,https://en.wikipedia.org/wiki/Slovenian_People%27s_Party
2017-05-05,Slovenian People's Party,3.0,Centre-right,Conservatism Agrarianism Christian democracy Pro-Europeanism,https://en.wikipedia.org/wiki/Slovenian_People%27s_Party
2017-05-12,Slovenian People's Party,2.6,Centre-right,Conservatism Agrarianism Christian democracy Pro-Europeanism,https://en.wikipedia.org/wiki/Slovenian_People%27s_Party
2017-06-02,Slovenian People's Party,2.6,Centre-right,Conservatism Agrarianism Christian democracy Pro-Europeanism,https://en.wikipedia.org/wiki/Slovenian_People%27s_Party
2017-06-02,Slovenian People's Party,0.5,Centre-right,Conservatism Agrarianism Christian democracy Pro-Europeanism,https://en.wikipedia.org/wiki/Slovenian_People%27s_Party
2017-06-25,Slovenian People's Party,1.8,Centre-right,Conservatism Agrarianism Christian democracy Pro-Europeanism,https://en.wikipedia.org/wiki/Slovenian_People%27s_Party
2017-07-06,Slovenian People's Party,1.5,Centre-right,Conservatism Agrarianism Christian democracy Pro-Europeanism,https://en.wikipedia.org/wiki/Slovenian_People%27s_Party
2017-07-06,Slovenian People's Party,1.7,Centre-right,Conservatism Agrarianism Christian democracy Pro-Europeanism,https://en.wikipedia.org/wiki/Slovenian_People%27s_Party
2017-07-21,Slovenian People's Party,1.1,Centre-right,Conservatism Agrarianism Christian democracy Pro-Europeanism,https://en.wikipedia.org/wiki/Slovenian_People%27s_Party
2017-08-02,Slovenian People's Party,2.6,Centre-right,Conservatism Agrarianism Christian democracy Pro-Europeanism,https://en.wikipedia.org/wiki/Slovenian_People%27s_Party
2017-08-11,Slovenian People's Party,3.0,Centre-right,Conservatism Agrarianism Christian democracy Pro-Europeanism,https://en.wikipedia.org/wiki/Slovenian_People%27s_Party
2017-08-26,Slovenian People's Party,1.4,Centre-right,Conservatism Agrarianism Christian democracy Pro-Europeanism,https://en.wikipedia.org/wiki/Slovenian_People%27s_Party
2017-09-07,Slovenian People's Party,2.8,Centre-right,Conservatism Agrarianism Christian democracy Pro-Europeanism,https://en.wikipedia.org/wiki/Slovenian_People%27s_Party
2017-09-13,Slovenian People's Party,3.9,Centre-right,Conservatism Agrarianism Christian democracy Pro-Europeanism,https://en.wikipedia.org/wiki/Slovenian_People%27s_Party
2017-09-23,Slovenian People's Party,2.3,Centre-right,Conservatism Agrarianism Christian democracy Pro-Europeanism,https://en.wikipedia.org/wiki/Slovenian_People%27s_Party
2017-10-05,Slovenian People's Party,2.0,Centre-right,Conservatism Agrarianism Christian democracy Pro-Europeanism,https://en.wikipedia.org/wiki/Slovenian_People%27s_Party
2017-10-06,Slovenian People's Party,2.3,Centre-right,Conservatism Agrarianism Christian democracy Pro-Europeanism,https://en.wikipedia.org/wiki/Slovenian_People%27s_Party
2017-11-08,Slovenian People's Party,2.4,Centre-right,Conservatism Agrarianism Christian democracy Pro-Europeanism,https://en.wikipedia.org/wiki/Slovenian_People%27s_Party
2017-11-11,Slovenian People's Party,2.8,Centre-right,Conservatism Agrarianism Christian democracy Pro-Europeanism,https://en.wikipedia.org/wiki/Slovenian_People%27s_Party
2017-12-25,Slovenian People's Party,0.8,Centre-right,Conservatism Agrarianism Christian democracy Pro-Europeanism,https://en.wikipedia.org/wiki/Slovenian_People%27s_Party
2018-01-11,Slovenian People's Party,2.7,Centre-right,Conservatism Agrarianism Christian democracy Pro-Europeanism,https://en.wikipedia.org/wiki/Slovenian_People%27s_Party
2018-01-18,Slovenian People's Party,2.8,Centre-right,Conservatism Agrarianism Christian democracy Pro-Europeanism,https://en.wikipedia.org/wiki/Slovenian_People%27s_Party
2018-01-28,Slovenian People's Party,1.0,Centre-right,Conservatism Agrarianism Christian democracy Pro-Europeanism,https://en.wikipedia.org/wiki/Slovenian_People%27s_Party
2018-02-05,Slovenian People's Party,2.0,Centre-right,Conservatism Agrarianism Christian democracy Pro-Europeanism,https://en.wikipedia.org/wiki/Slovenian_People%27s_Party
2018-02-11,Slovenian People's Party,1.2,Centre-right,Conservatism Agrarianism Christian democracy Pro-Europeanism,https://en.wikipedia.org/wiki/Slovenian_People%27s_Party
2018-02-25,Slovenian People's Party,1.0,Centre-right,Conservatism Agrarianism Christian democracy Pro-Europeanism,https://en.wikipedia.org/wiki/Slovenian_People%27s_Party
2018-03-08,Slovenian People's Party,2.5,Centre-right,Conservatism Agrarianism Christian democracy Pro-Europeanism,https://en.wikipedia.org/wiki/Slovenian_People%27s_Party
2018-03-14,Slovenian People's Party,2.2,Centre-right,Conservatism Agrarianism Christian democracy Pro-Europeanism,https://en.wikipedia.org/wiki/Slovenian_People%27s_Party
2018-03-25,Slovenian People's Party,0.6,Centre-right,Conservatism Agrarianism Christian democracy Pro-Europeanism,https://en.wikipedia.org/wiki/Slovenian_People%27s_Party
2018-04-03,Slovenian People's Party,2.0,Centre-right,Conservatism Agrarianism Christian democracy Pro-Europeanism,https://en.wikipedia.org/wiki/Slovenian_People%27s_Party
2018-04-22,Slovenian People's Party,1.9,Centre-right,Conservatism Agrarianism Christian democracy Pro-Europeanism,https://en.wikipedia.org/wiki/Slovenian_People%27s_Party
2018-04-22,Slovenian People's Party,1.4,Centre-right,Conservatism Agrarianism Christian democracy Pro-Europeanism,https://en.wikipedia.org/wiki/Slovenian_People%27s_Party
2018-05-05,Slovenian People's Party,2.2,Centre-right,Conservatism Agrarianism Christian democracy Pro-Europeanism,https://en.wikipedia.org/wiki/Slovenian_People%27s_Party
2018-05-07,Slovenian People's Party,2.0,Centre-right,Conservatism Agrarianism Christian democracy Pro-Europeanism,https://en.wikipedia.org/wiki/Slovenian_People%27s_Party
2018-05-09,Slovenian People's Party,1.6,Centre-right,Conservatism Agrarianism Christian democracy Pro-Europeanism,https://en.wikipedia.org/wiki/Slovenian_People%27s_Party
2018-05-10,Slovenian People's Party,1.5,Centre-right,Conservatism Agrarianism Christian democracy Pro-Europeanism,https://en.wikipedia.org/wiki/Slovenian_People%27s_Party
2018-05-10,Slovenian People's Party,2.2,Centre-right,Conservatism Agrarianism Christian democracy Pro-Europeanism,https://en.wikipedia.org/wiki/Slovenian_People%27s_Party
2018-05-15,Slovenian People's Party,1.7,Centre-right,Conservatism Agrarianism Christian democracy Pro-Europeanism,https://en.wikipedia.org/wiki/Slovenian_People%27s_Party
2018-05-17,Slovenian People's Party,2.0,Centre-right,Conservatism Agrarianism Christian democracy Pro-Europeanism,https://en.wikipedia.org/wiki/Slovenian_People%27s_Party
2018-05-17,Slovenian People's Party,1.4,Centre-right,Conservatism Agrarianism Christian democracy Pro-Europeanism,https://en.wikipedia.org/wiki/Slovenian_People%27s_Party
2018-05-17,Slovenian People's Party,2.0,Centre-right,Conservatism Agrarianism Christian democracy Pro-Europeanism,https://en.wikipedia.org/wiki/Slovenian_People%27s_Party
2018-05-20,Slovenian People's Party,1.7,Centre-right,Conservatism Agrarianism Christian democracy Pro-Europeanism,https://en.wikipedia.org/wiki/Slovenian_People%27s_Party
2018-05-22,Slovenian People's Party,1.9,Centre-right,Conservatism Agrarianism Christian democracy Pro-Europeanism,https://en.wikipedia.org/wiki/Slovenian_People%27s_Party
2018-05-22,Slovenian People's Party,2.8,Centre-right,Conservatism Agrarianism Christian democracy Pro-Europeanism,https://en.wikipedia.org/wiki/Slovenian_People%27s_Party
2018-05-23,Slovenian People's Party,1.2,Centre-right,Conservatism Agrarianism Christian democracy Pro-Europeanism,https://en.wikipedia.org/wiki/Slovenian_People%27s_Party
2018-05-25,Slovenian People's Party,2.8,Centre-right,Conservatism Agrarianism Christian democracy Pro-Europeanism,https://en.wikipedia.org/wiki/Slovenian_People%27s_Party
2018-05-25,Slovenian People's Party,2.0,Centre-right,Conservatism Agrarianism Christian democracy Pro-Europeanism,https://en.wikipedia.org/wiki/Slovenian_People%27s_Party
2018-05-27,Slovenian People's Party,2.2,Centre-right,Conservatism Agrarianism Christian democracy Pro-Europeanism,https://en.wikipedia.org/wiki/Slovenian_People%27s_Party
2018-05-29,Slovenian People's Party,2.0,Centre-right,Conservatism Agrarianism Christian democracy Pro-Europeanism,https://en.wikipedia.org/wiki/Slovenian_People%27s_Party
2018-05-29,Slovenian People's Party,2.2,Centre-right,Conservatism Agrarianism Christian democracy Pro-Europeanism,https://en.wikipedia.org/wiki/Slovenian_People%27s_Party
2018-05-29,Slovenian People's Party,2.4,Centre-right,Conservatism Agrarianism Christian democracy Pro-Europeanism,https://en.wikipedia.org/wiki/Slovenian_People%27s_Party
2018-05-30,Slovenian People's Party,2.1,Centre-right,Conservatism Agrarianism Christian democracy Pro-Europeanism,https://en.wikipedia.org/wiki/Slovenian_People%27s_Party
2018-05-31,Slovenian People's Party,1.5,Centre-right,Conservatism Agrarianism Christian democracy Pro-Europeanism,https://en.wikipedia.org/wiki/Slovenian_People%27s_Party
2018-05-31,Slovenian People's Party,2.5,Centre-right,Conservatism Agrarianism Christian democracy Pro-Europeanism,https://en.wikipedia.org/wiki/Slovenian_People%27s_Party
2018-05-31,Slovenian People's Party,3.8,Centre-right,Conservatism Agrarianism Christian democracy Pro-Europeanism,https://en.wikipedia.org/wiki/Slovenian_People%27s_Party
2018-05-31,Slovenian People's Party,2.5,Centre-right,Conservatism Agrarianism Christian democracy Pro-Europeanism,https://en.wikipedia.org/wiki/Slovenian_People%27s_Party
2018-06-03,Slovenian People's Party,2.6,Centre-right,Conservatism Agrarianism Christian democracy Pro-Europeanism,https://en.wikipedia.org/wiki/Slovenian_People%27s_Party
2018-06-03,Slovenian People's Party,2.6,Centre-right,Conservatism Agrarianism Christian democracy Pro-Europeanism,https://en.wikipedia.org/wiki/Slovenian_People%27s_Party
2018-06-03,Slovenian People's Party,2.6,Centre-right,Conservatism Agrarianism Christian democracy Pro-Europeanism,https://en.wikipedia.org/wiki/Slovenian_People%27s_Party
2018-08-26,Slovenian People's Party,0.7,Centre-right,Conservatism Agrarianism Christian democracy Pro-Europeanism,https://en.wikipedia.org/wiki/Slovenian_People%27s_Party
2018-09-06,Slovenian People's Party,3.0,Centre-right,Conservatism Agrarianism Christian democracy Pro-Europeanism,https://en.wikipedia.org/wiki/Slovenian_People%27s_Party
2018-09-23,Slovenian People's Party,1.0,Centre-right,Conservatism Agrarianism Christian democracy Pro-Europeanism,https://en.wikipedia.org/wiki/Slovenian_People%27s_Party
2018-11-22,Slovenian People's Party,3.8,Centre-right,Conservatism Agrarianism Christian democracy Pro-Europeanism,https://en.wikipedia.org/wiki/Slovenian_People%27s_Party
2018-12-06,Slovenian People's Party,5.5,Centre-right,Conservatism Agrarianism Christian democracy Pro-Europeanism,https://en.wikipedia.org/wiki/Slovenian_People%27s_Party
2019-01-10,Slovenian People's Party,3.0,Centre-right,Conservatism Agrarianism Christian democracy Pro-Europeanism,https://en.wikipedia.org/wiki/Slovenian_People%27s_Party
2019-01-10,Slovenian People's Party,3.1,Centre-right,Conservatism Agrarianism Christian democracy Pro-Europeanism,https://en.wikipedia.org/wiki/Slovenian_People%27s_Party
2019-02-06,Slovenian People's Party,1.4,Centre-right,Conservatism Agrarianism Christian democracy Pro-Europeanism,https://en.wikipedia.org/wiki/Slovenian_People%27s_Party
2019-02-14,Slovenian People's Party,2.5,Centre-right,Conservatism Agrarianism Christian democracy Pro-Europeanism,https://en.wikipedia.org/wiki/Slovenian_People%27s_Party
2019-03-07,Slovenian People's Party,1.9,Centre-right,Conservatism Agrarianism Christian democracy Pro-Europeanism,https://en.wikipedia.org/wiki/Slovenian_People%27s_Party
2019-03-14,Slovenian People's Party,1.7,Centre-right,Conservatism Agrarianism Christian democracy Pro-Europeanism,https://en.wikipedia.org/wiki/Slovenian_People%27s_Party
2019-04-04,Slovenian People's Party,3.3,Centre-right,Conservatism Agrarianism Christian democracy Pro-Europeanism,https://en.wikipedia.org/wiki/Slovenian_People%27s_Party
2019-04-11,Slovenian People's Party,0.6,Centre-right,Conservatism Agrarianism Christian democracy Pro-Europeanism,https://en.wikipedia.org/wiki/Slovenian_People%27s_Party
2019-05-16,Slovenian People's Party,2.3,Centre-right,Conservatism Agrarianism Christian democracy Pro-Europeanism,https://en.wikipedia.org/wiki/Slovenian_People%27s_Party
2019-05-23,Slovenian People's Party,2.1,Centre-right,Conservatism Agrarianism Christian democracy Pro-Europeanism,https://en.wikipedia.org/wiki/Slovenian_People%27s_Party
2019-06-13,Slovenian People's Party,1.6,Centre-right,Conservatism Agrarianism Christian democracy Pro-Europeanism,https://en.wikipedia.org/wiki/Slovenian_People%27s_Party
2019-07-11,Slovenian People's Party,1.4,Centre-right,Conservatism Agrarianism Christian democracy Pro-Europeanism,https://en.wikipedia.org/wiki/Slovenian_People%27s_Party
2019-07-11,Slovenian People's Party,1.6,Centre-right,Conservatism Agrarianism Christian democracy Pro-Europeanism,https://en.wikipedia.org/wiki/Slovenian_People%27s_Party
2019-08-08,Slovenian People's Party,2.3,Centre-right,Conservatism Agrarianism Christian democracy Pro-Europeanism,https://en.wikipedia.org/wiki/Slovenian_People%27s_Party
2019-08-14,Slovenian People's Party,1.5,Centre-right,Conservatism Agrarianism Christian democracy Pro-Europeanism,https://en.wikipedia.org/wiki/Slovenian_People%27s_Party
2019-08-25,Slovenian People's Party,2.0,Centre-right,Conservatism Agrarianism Christian democracy Pro-Europeanism,https://en.wikipedia.org/wiki/Slovenian_People%27s_Party
2019-09-05,Slovenian People's Party,1.9,Centre-right,Conservatism Agrarianism Christian democracy Pro-Europeanism,https://en.wikipedia.org/wiki/Slovenian_People%27s_Party
2019-09-12,Slovenian People's Party,3.0,Centre-right,Conservatism Agrarianism Christian democracy Pro-Europeanism,https://en.wikipedia.org/wiki/Slovenian_People%27s_Party
2019-09-22,Slovenian People's Party,2.5,Centre-right,Conservatism Agrarianism Christian democracy Pro-Europeanism,https://en.wikipedia.org/wiki/Slovenian_People%27s_Party
2019-10-10,Slovenian People's Party,1.8,Centre-right,Conservatism Agrarianism Christian democracy Pro-Europeanism,https://en.wikipedia.org/wiki/Slovenian_People%27s_Party
2019-10-17,Slovenian People's Party,1.8,Centre-right,Conservatism Agrarianism Christian democracy Pro-Europeanism,https://en.wikipedia.org/wiki/Slovenian_People%27s_Party
2019-11-07,Slovenian People's Party,1.0,Centre-right,Conservatism Agrarianism Christian democracy Pro-Europeanism,https://en.wikipedia.org/wiki/Slovenian_People%27s_Party
2019-11-07,Slovenian People's Party,3.6,Centre-right,Conservatism Agrarianism Christian democracy Pro-Europeanism,https://en.wikipedia.org/wiki/Slovenian_People%27s_Party
2019-11-14,Slovenian People's Party,1.7,Centre-right,Conservatism Agrarianism Christian democracy Pro-Europeanism,https://en.wikipedia.org/wiki/Slovenian_People%27s_Party
2019-11-24,Slovenian People's Party,1.0,Centre-right,Conservatism Agrarianism Christian democracy Pro-Europeanism,https://en.wikipedia.org/wiki/Slovenian_People%27s_Party
2019-12-05,Slovenian People's Party,1.4,Centre-right,Conservatism Agrarianism Christian democracy Pro-Europeanism,https://en.wikipedia.org/wiki/Slovenian_People%27s_Party
2019-12-05,Slovenian People's Party,3.0,Centre-right,Conservatism Agrarianism Christian democracy Pro-Europeanism,https://en.wikipedia.org/wiki/Slovenian_People%27s_Party
2019-12-12,Slovenian People's Party,2.8,Centre-right,Conservatism Agrarianism Christian democracy Pro-Europeanism,https://en.wikipedia.org/wiki/Slovenian_People%27s_Party
2020-01-09,Slovenian People's Party,1.2,Centre-right,Conservatism Agrarianism Christian democracy Pro-Europeanism,https://en.wikipedia.org/wiki/Slovenian_People%27s_Party
2020-01-16,Slovenian People's Party,2.1,Centre-right,Conservatism Agrarianism Christian democracy Pro-Europeanism,https://en.wikipedia.org/wiki/Slovenian_People%27s_Party
2020-01-16,Slovenian People's Party,2.4,Centre-right,Conservatism Agrarianism Christian democracy Pro-Europeanism,https://en.wikipedia.org/wiki/Slovenian_People%27s_Party
2020-01-29,Slovenian People's Party,2.0,Centre-right,Conservatism Agrarianism Christian democracy Pro-Europeanism,https://en.wikipedia.org/wiki/Slovenian_People%27s_Party
2020-02-03,Slovenian People's Party,1.9,Centre-right,Conservatism Agrarianism Christian democracy Pro-Europeanism,https://en.wikipedia.org/wiki/Slovenian_People%27s_Party
2020-02-05,Slovenian People's Party,3.0,Centre-right,Conservatism Agrarianism Christian democracy Pro-Europeanism,https://en.wikipedia.org/wiki/Slovenian_People%27s_Party
2020-02-13,Slovenian People's Party,2.3,Centre-right,Conservatism Agrarianism Christian democracy Pro-Europeanism,https://en.wikipedia.org/wiki/Slovenian_People%27s_Party
2020-02-13,Slovenian People's Party,2.3,Centre-right,Conservatism Agrarianism Christian democracy Pro-Europeanism,https://en.wikipedia.org/wiki/Slovenian_People%27s_Party
2020-02-20,Slovenian People's Party,2.3,Centre-right,Conservatism Agrarianism Christian democracy Pro-Europeanism,https://en.wikipedia.org/wiki/Slovenian_People%27s_Party
2020-02-28,Slovenian People's Party,2.8,Centre-right,Conservatism Agrarianism Christian democracy Pro-Europeanism,https://en.wikipedia.org/wiki/Slovenian_People%27s_Party
2020-03-05,Slovenian People's Party,1.9,Centre-right,Conservatism Agrarianism Christian democracy Pro-Europeanism,https://en.wikipedia.org/wiki/Slovenian_People%27s_Party
2020-03-12,Slovenian People's Party,1.0,Centre-right,Conservatism Agrarianism Christian democracy Pro-Europeanism,https://en.wikipedia.org/wiki/Slovenian_People%27s_Party
2020-03-19,Slovenian People's Party,1.8,Centre-right,Conservatism Agrarianism Christian democracy Pro-Europeanism,https://en.wikipedia.org/wiki/Slovenian_People%27s_Party
2020-04-09,Slovenian People's Party,1.5,Centre-right,Conservatism Agrarianism Christian democracy Pro-Europeanism,https://en.wikipedia.org/wiki/Slovenian_People%27s_Party
2020-04-16,Slovenian People's Party,0.6,Centre-right,Conservatism Agrarianism Christian democracy Pro-Europeanism,https://en.wikipedia.org/wiki/Slovenian_People%27s_Party
2020-05-08,Slovenian People's Party,0.2,Centre-right,Conservatism Agrarianism Christian democracy Pro-Europeanism,https://en.wikipedia.org/wiki/Slovenian_People%27s_Party
2020-05-08,Slovenian People's Party,2.8,Centre-right,Conservatism Agrarianism Christian democracy Pro-Europeanism,https://en.wikipedia.org/wiki/Slovenian_People%27s_Party
2020-05-13,Slovenian People's Party,1.8,Centre-right,Conservatism Agrarianism Christian democracy Pro-Europeanism,https://en.wikipedia.org/wiki/Slovenian_People%27s_Party
2020-05-21,Slovenian People's Party,1.2,Centre-right,Conservatism Agrarianism Christian democracy Pro-Europeanism,https://en.wikipedia.org/wiki/Slovenian_People%27s_Party
2020-05-22,Slovenian People's Party,2.0,Centre-right,Conservatism Agrarianism Christian democracy Pro-Europeanism,https://en.wikipedia.org/wiki/Slovenian_People%27s_Party
2020-06-04,Slovenian People's Party,1.4,Centre-right,Conservatism Agrarianism Christian democracy Pro-Europeanism,https://en.wikipedia.org/wiki/Slovenian_People%27s_Party
2020-06-11,Slovenian People's Party,1.1,Centre-right,Conservatism Agrarianism Christian democracy Pro-Europeanism,https://en.wikipedia.org/wiki/Slovenian_People%27s_Party
2020-06-17,Slovenian People's Party,2.9,Centre-right,Conservatism Agrarianism Christian democracy Pro-Europeanism,https://en.wikipedia.org/wiki/Slovenian_People%27s_Party
2020-07-02,Slovenian People's Party,1.8,Centre-right,Conservatism Agrarianism Christian democracy Pro-Europeanism,https://en.wikipedia.org/wiki/Slovenian_People%27s_Party
2020-07-09,Slovenian People's Party,1.7,Centre-right,Conservatism Agrarianism Christian democracy Pro-Europeanism,https://en.wikipedia.org/wiki/Slovenian_People%27s_Party
2020-07-16,Slovenian People's Party,1.8,Centre-right,Conservatism Agrarianism Christian democracy Pro-Europeanism,https://en.wikipedia.org/wiki/Slovenian_People%27s_Party
2020-08-06,Slovenian People's Party,1.2,Centre-right,Conservatism Agrarianism Christian democracy Pro-Europeanism,https://en.wikipedia.org/wiki/Slovenian_People%27s_Party
2020-08-13,Slovenian People's Party,0.3,Centre-right,Conservatism Agrarianism Christian democracy Pro-Europeanism,https://en.wikipedia.org/wiki/Slovenian_People%27s_Party
2020-08-24,Slovenian People's Party,2.0,Centre-right,Conservatism Agrarianism Christian democracy Pro-Europeanism,https://en.wikipedia.org/wiki/Slovenian_People%27s_Party
2020-08-24,Slovenian People's Party,1.9,Centre-right,Conservatism Agrarianism Christian democracy Pro-Europeanism,https://en.wikipedia.org/wiki/Slovenian_People%27s_Party
2020-09-10,Slovenian People's Party,2.0,Centre-right,Conservatism Agrarianism Christian democracy Pro-Europeanism,https://en.wikipedia.org/wiki/Slovenian_People%27s_Party
2020-09-17,Slovenian People's Party,1.7,Centre-right,Conservatism Agrarianism Christian democracy Pro-Europeanism,https://en.wikipedia.org/wiki/Slovenian_People%27s_Party
2020-09-18,Slovenian People's Party,1.3,Centre-right,Conservatism Agrarianism Christian democracy Pro-Europeanism,https://en.wikipedia.org/wiki/Slovenian_People%27s_Party
2020-09-28,Slovenian People's Party,1.7,Centre-right,Conservatism Agrarianism Christian democracy Pro-Europeanism,https://en.wikipedia.org/wiki/Slovenian_People%27s_Party
2020-10-08,Slovenian People's Party,1.4,Centre-right,Conservatism Agrarianism Christian democracy Pro-Europeanism,https://en.wikipedia.org/wiki/Slovenian_People%27s_Party
2020-10-15,Slovenian People's Party,2.3,Centre-right,Conservatism Agrarianism Christian democracy Pro-Europeanism,https://en.wikipedia.org/wiki/Slovenian_People%27s_Party
2020-11-04,Slovenian People's Party,1.0,Centre-right,Conservatism Agrarianism Christian democracy Pro-Europeanism,https://en.wikipedia.org/wiki/Slovenian_People%27s_Party
2020-11-05,Slovenian People's Party,1.1,Centre-right,Conservatism Agrarianism Christian democracy Pro-Europeanism,https://en.wikipedia.org/wiki/Slovenian_People%27s_Party
2020-11-12,Slovenian People's Party,1.4,Centre-right,Conservatism Agrarianism Christian democracy Pro-Europeanism,https://en.wikipedia.org/wiki/Slovenian_People%27s_Party
2020-11-23,Slovenian People's Party,1.4,Centre-right,Conservatism Agrarianism Christian democracy Pro-Europeanism,https://en.wikipedia.org/wiki/Slovenian_People%27s_Party
2020-12-09,Slovenian People's Party,2.5,Centre-right,Conservatism Agrarianism Christian democracy Pro-Europeanism,https://en.wikipedia.org/wiki/Slovenian_People%27s_Party
2020-12-09,Slovenian People's Party,0.7,Centre-right,Conservatism Agrarianism Christian democracy Pro-Europeanism,https://en.wikipedia.org/wiki/Slovenian_People%27s_Party
2020-12-17,Slovenian People's Party,2.2,Centre-right,Conservatism Agrarianism Christian democracy Pro-Europeanism,https://en.wikipedia.org/wiki/Slovenian_People%27s_Party
2020-12-23,Slovenian People's Party,1.1,Centre-right,Conservatism Agrarianism Christian democracy Pro-Europeanism,https://en.wikipedia.org/wiki/Slovenian_People%27s_Party
2014-07-13,Social Democrats,6.0,Centre-left,Social democracy,https://en.wikipedia.org/wiki/Social_Democrats_(Slovenia)
2014-08-07,Social Democrats,5.3,Centre-left,Social democracy,https://en.wikipedia.org/wiki/Social_Democrats_(Slovenia)
2014-09-11,Social Democrats,5.6,Centre-left,Social democracy,https://en.wikipedia.org/wiki/Social_Democrats_(Slovenia)
2014-09-11,Social Democrats,6.6,Centre-left,Social democracy,https://en.wikipedia.org/wiki/Social_Democrats_(Slovenia)
2014-09-28,Social Democrats,9.7,Centre-left,Social democracy,https://en.wikipedia.org/wiki/Social_Democrats_(Slovenia)
2014-10-09,Social Democrats,9.2,Centre-left,Social democracy,https://en.wikipedia.org/wiki/Social_Democrats_(Slovenia)
2014-10-26,Social Democrats,10.8,Centre-left,Social democracy,https://en.wikipedia.org/wiki/Social_Democrats_(Slovenia)
2014-11-05,Social Democrats,7.2,Centre-left,Social democracy,https://en.wikipedia.org/wiki/Social_Democrats_(Slovenia)
2014-11-20,Social Democrats,4.1,Centre-left,Social democracy,https://en.wikipedia.org/wiki/Social_Democrats_(Slovenia)
2014-11-20,Social Democrats,8.7,Centre-left,Social democracy,https://en.wikipedia.org/wiki/Social_Democrats_(Slovenia)
2014-12-04,Social Democrats,6.4,Centre-left,Social democracy,https://en.wikipedia.org/wiki/Social_Democrats_(Slovenia)
2014-12-17,Social Democrats,5.5,Centre-left,Social democracy,https://en.wikipedia.org/wiki/Social_Democrats_(Slovenia)
2014-12-21,Social Democrats,7.5,Centre-left,Social democracy,https://en.wikipedia.org/wiki/Social_Democrats_(Slovenia)
2015-01-08,Social Democrats,6.6,Centre-left,Social democracy,https://en.wikipedia.org/wiki/Social_Democrats_(Slovenia)
2015-01-21,Social Democrats,9.5,Centre-left,Social democracy,https://en.wikipedia.org/wiki/Social_Democrats_(Slovenia)
2015-02-05,Social Democrats,6.3,Centre-left,Social democracy,https://en.wikipedia.org/wiki/Social_Democrats_(Slovenia)
2015-02-12,Social Democrats,7.6,Centre-left,Social democracy,https://en.wikipedia.org/wiki/Social_Democrats_(Slovenia)
2015-02-22,Social Democrats,5.8,Centre-left,Social democracy,https://en.wikipedia.org/wiki/Social_Democrats_(Slovenia)
2015-03-05,Social Democrats,6.3,Centre-left,Social democracy,https://en.wikipedia.org/wiki/Social_Democrats_(Slovenia)
2015-03-12,Social Democrats,8.4,Centre-left,Social democracy,https://en.wikipedia.org/wiki/Social_Democrats_(Slovenia)
2015-03-22,Social Democrats,6.9,Centre-left,Social democracy,https://en.wikipedia.org/wiki/Social_Democrats_(Slovenia)
2015-04-02,Social Democrats,6.3,Centre-left,Social democracy,https://en.wikipedia.org/wiki/Social_Democrats_(Slovenia)
2015-04-16,Social Democrats,9.6,Centre-left,Social democracy,https://en.wikipedia.org/wiki/Social_Democrats_(Slovenia)
2015-04-26,Social Democrats,5.7,Centre-left,Social democracy,https://en.wikipedia.org/wiki/Social_Democrats_(Slovenia)
2015-05-07,Social Democrats,7.6,Centre-left,Social democracy,https://en.wikipedia.org/wiki/Social_Democrats_(Slovenia)
2015-05-14,Social Democrats,9.2,Centre-left,Social democracy,https://en.wikipedia.org/wiki/Social_Democrats_(Slovenia)
2015-05-24,Social Democrats,7.9,Centre-left,Social democracy,https://en.wikipedia.org/wiki/Social_Democrats_(Slovenia)
2015-06-05,Social Democrats,7.0,Centre-left,Social democracy,https://en.wikipedia.org/wiki/Social_Democrats_(Slovenia)
2015-06-10,Social Democrats,8.5,Centre-left,Social democracy,https://en.wikipedia.org/wiki/Social_Democrats_(Slovenia)
2015-06-28,Social Democrats,5.2,Centre-left,Social democracy,https://en.wikipedia.org/wiki/Social_Democrats_(Slovenia)
2015-07-02,Social Democrats,4.4,Centre-left,Social democracy,https://en.wikipedia.org/wiki/Social_Democrats_(Slovenia)
2015-07-15,Social Democrats,9.5,Centre-left,Social democracy,https://en.wikipedia.org/wiki/Social_Democrats_(Slovenia)
2015-07-26,Social Democrats,3.8,Centre-left,Social democracy,https://en.wikipedia.org/wiki/Social_Democrats_(Slovenia)
2015-08-06,Social Democrats,4.2,Centre-left,Social democracy,https://en.wikipedia.org/wiki/Social_Democrats_(Slovenia)
2015-08-13,Social Democrats,8.9,Centre-left,Social democracy,https://en.wikipedia.org/wiki/Social_Democrats_(Slovenia)
2015-08-23,Social Democrats,8.1,Centre-left,Social democracy,https://en.wikipedia.org/wiki/Social_Democrats_(Slovenia)
2015-09-03,Social Democrats,3.8,Centre-left,Social democracy,https://en.wikipedia.org/wiki/Social_Democrats_(Slovenia)
2015-09-10,Social Democrats,6.3,Centre-left,Social democracy,https://en.wikipedia.org/wiki/Social_Democrats_(Slovenia)
2015-09-27,Social Democrats,5.4,Centre-left,Social democracy,https://en.wikipedia.org/wiki/Social_Democrats_(Slovenia)
2015-10-07,Social Democrats,5.4,Centre-left,Social democracy,https://en.wikipedia.org/wiki/Social_Democrats_(Slovenia)
2015-10-14,Social Democrats,8.5,Centre-left,Social democracy,https://en.wikipedia.org/wiki/Social_Democrats_(Slovenia)
2015-10-25,Social Democrats,3.6,Centre-left,Social democracy,https://en.wikipedia.org/wiki/Social_Democrats_(Slovenia)
2015-10-30,Social Democrats,4.1,Centre-left,Social democracy,https://en.wikipedia.org/wiki/Social_Democrats_(Slovenia)
2015-11-05,Social Democrats,4.5,Centre-left,Social democracy,https://en.wikipedia.org/wiki/Social_Democrats_(Slovenia)
2015-11-19,Social Democrats,8.3,Centre-left,Social democracy,https://en.wikipedia.org/wiki/Social_Democrats_(Slovenia)
2015-11-22,Social Democrats,6.3,Centre-left,Social democracy,https://en.wikipedia.org/wiki/Social_Democrats_(Slovenia)
2015-12-06,Social Democrats,4.9,Centre-left,Social democracy,https://en.wikipedia.org/wiki/Social_Democrats_(Slovenia)
2015-12-10,Social Democrats,7.1,Centre-left,Social democracy,https://en.wikipedia.org/wiki/Social_Democrats_(Slovenia)
2015-12-17,Social Democrats,8.5,Centre-left,Social democracy,https://en.wikipedia.org/wiki/Social_Democrats_(Slovenia)
2015-12-27,Social Democrats,5.7,Centre-left,Social democracy,https://en.wikipedia.org/wiki/Social_Democrats_(Slovenia)
2016-01-07,Social Democrats,6.4,Centre-left,Social democracy,https://en.wikipedia.org/wiki/Social_Democrats_(Slovenia)
2016-01-18,Social Democrats,8.5,Centre-left,Social democracy,https://en.wikipedia.org/wiki/Social_Democrats_(Slovenia)
2016-01-24,Social Democrats,6.4,Centre-left,Social democracy,https://en.wikipedia.org/wiki/Social_Democrats_(Slovenia)
2016-02-04,Social Democrats,4.0,Centre-left,Social democracy,https://en.wikipedia.org/wiki/Social_Democrats_(Slovenia)
2016-02-18,Social Democrats,8.3,Centre-left,Social democracy,https://en.wikipedia.org/wiki/Social_Democrats_(Slovenia)
2016-02-28,Social Democrats,3.1,Centre-left,Social democracy,https://en.wikipedia.org/wiki/Social_Democrats_(Slovenia)
2016-03-01,Social Democrats,4.3,Centre-left,Social democracy,https://en.wikipedia.org/wiki/Social_Democrats_(Slovenia)
2016-03-17,Social Democrats,10.8,Centre-left,Social democracy,https://en.wikipedia.org/wiki/Social_Democrats_(Slovenia)
2016-03-27,Social Democrats,6.2,Centre-left,Social democracy,https://en.wikipedia.org/wiki/Social_Democrats_(Slovenia)
2016-04-07,Social Democrats,5.7,Centre-left,Social democracy,https://en.wikipedia.org/wiki/Social_Democrats_(Slovenia)
2016-04-14,Social Democrats,10.4,Centre-left,Social democracy,https://en.wikipedia.org/wiki/Social_Democrats_(Slovenia)
2016-04-23,Social Democrats,5.5,Centre-left,Social democracy,https://en.wikipedia.org/wiki/Social_Democrats_(Slovenia)
2016-05-06,Social Democrats,4.9,Centre-left,Social democracy,https://en.wikipedia.org/wiki/Social_Democrats_(Slovenia)
2016-05-19,Social Democrats,10.9,Centre-left,Social democracy,https://en.wikipedia.org/wiki/Social_Democrats_(Slovenia)
2016-05-22,Social Democrats,4.4,Centre-left,Social democracy,https://en.wikipedia.org/wiki/Social_Democrats_(Slovenia)
2016-06-02,Social Democrats,4.1,Centre-left,Social democracy,https://en.wikipedia.org/wiki/Social_Democrats_(Slovenia)
2016-06-15,Social Democrats,8.9,Centre-left,Social democracy,https://en.wikipedia.org/wiki/Social_Democrats_(Slovenia)
2016-06-26,Social Democrats,7.7,Centre-left,Social democracy,https://en.wikipedia.org/wiki/Social_Democrats_(Slovenia)
2016-07-07,Social Democrats,8.6,Centre-left,Social democracy,https://en.wikipedia.org/wiki/Social_Democrats_(Slovenia)
2016-07-14,Social Democrats,10.1,Centre-left,Social democracy,https://en.wikipedia.org/wiki/Social_Democrats_(Slovenia)
2016-07-22,Social Democrats,5.8,Centre-left,Social democracy,https://en.wikipedia.org/wiki/Social_Democrats_(Slovenia)
2016-08-02,Social Democrats,7.4,Centre-left,Social democracy,https://en.wikipedia.org/wiki/Social_Democrats_(Slovenia)
2016-08-18,Social Democrats,12.1,Centre-left,Social democracy,https://en.wikipedia.org/wiki/Social_Democrats_(Slovenia)
2016-08-28,Social Democrats,6.4,Centre-left,Social democracy,https://en.wikipedia.org/wiki/Social_Democrats_(Slovenia)
2016-09-08,Social Democrats,10.1,Centre-left,Social democracy,https://en.wikipedia.org/wiki/Social_Democrats_(Slovenia)
2016-09-15,Social Democrats,11.1,Centre-left,Social democracy,https://en.wikipedia.org/wiki/Social_Democrats_(Slovenia)
2016-09-25,Social Democrats,5.0,Centre-left,Social democracy,https://en.wikipedia.org/wiki/Social_Democrats_(Slovenia)
2016-10-03,Social Democrats,9.1,Centre-left,Social democracy,https://en.wikipedia.org/wiki/Social_Democrats_(Slovenia)
2016-10-13,Social Democrats,12.0,Centre-left,Social democracy,https://en.wikipedia.org/wiki/Social_Democrats_(Slovenia)
2016-10-23,Social Democrats,7.7,Centre-left,Social democracy,https://en.wikipedia.org/wiki/Social_Democrats_(Slovenia)
2016-10-29,Social Democrats,6.0,Centre-left,Social democracy,https://en.wikipedia.org/wiki/Social_Democrats_(Slovenia)
2016-11-03,Social Democrats,9.2,Centre-left,Social democracy,https://en.wikipedia.org/wiki/Social_Democrats_(Slovenia)
2016-11-10,Social Democrats,12.5,Centre-left,Social democracy,https://en.wikipedia.org/wiki/Social_Democrats_(Slovenia)
2016-11-27,Social Democrats,4.8,Centre-left,Social democracy,https://en.wikipedia.org/wiki/Social_Democrats_(Slovenia)
2016-12-02,Social Democrats,8.6,Centre-left,Social democracy,https://en.wikipedia.org/wiki/Social_Democrats_(Slovenia)
2016-12-02,Social Democrats,7.4,Centre-left,Social democracy,https://en.wikipedia.org/wiki/Social_Democrats_(Slovenia)
2016-12-15,Social Democrats,11.2,Centre-left,Social democracy,https://en.wikipedia.org/wiki/Social_Democrats_(Slovenia)
2016-12-23,Social Democrats,5.8,Centre-left,Social democracy,https://en.wikipedia.org/wiki/Social_Democrats_(Slovenia)
2017-01-04,Social Democrats,10.9,Centre-left,Social democracy,https://en.wikipedia.org/wiki/Social_Democrats_(Slovenia)
2017-01-08,Social Democrats,8.8,Centre-left,Social democracy,https://en.wikipedia.org/wiki/Social_Democrats_(Slovenia)
2017-01-12,Social Democrats,10.3,Centre-left,Social democracy,https://en.wikipedia.org/wiki/Social_Democrats_(Slovenia)
2017-01-22,Social Democrats,2.8,Centre-left,Social democracy,https://en.wikipedia.org/wiki/Social_Democrats_(Slovenia)
2017-02-03,Social Democrats,9.4,Centre-left,Social democracy,https://en.wikipedia.org/wiki/Social_Democrats_(Slovenia)
2017-02-09,Social Democrats,9.0,Centre-left,Social democracy,https://en.wikipedia.org/wiki/Social_Democrats_(Slovenia)
2017-02-16,Social Democrats,9.6,Centre-left,Social democracy,https://en.wikipedia.org/wiki/Social_Democrats_(Slovenia)
2017-02-24,Social Democrats,4.5,Centre-left,Social democracy,https://en.wikipedia.org/wiki/Social_Democrats_(Slovenia)
2017-03-02,Social Democrats,11.4,Centre-left,Social democracy,https://en.wikipedia.org/wiki/Social_Democrats_(Slovenia)
2017-03-09,Social Democrats,5.1,Centre-left,Social democracy,https://en.wikipedia.org/wiki/Social_Democrats_(Slovenia)
2017-03-16,Social Democrats,10.8,Centre-left,Social democracy,https://en.wikipedia.org/wiki/Social_Democrats_(Slovenia)
2017-03-24,Social Democrats,6.8,Centre-left,Social democracy,https://en.wikipedia.org/wiki/Social_Democrats_(Slovenia)
2017-04-05,Social Democrats,10.3,Centre-left,Social democracy,https://en.wikipedia.org/wiki/Social_Democrats_(Slovenia)
2017-04-13,Social Democrats,11.1,Centre-left,Social democracy,https://en.wikipedia.org/wiki/Social_Democrats_(Slovenia)
2017-04-20,Social Democrats,10.2,Centre-left,Social democracy,https://en.wikipedia.org/wiki/Social_Democrats_(Slovenia)
2017-04-21,Social Democrats,6.6,Centre-left,Social democracy,https://en.wikipedia.org/wiki/Social_Democrats_(Slovenia)
2017-05-05,Social Democrats,12.8,Centre-left,Social democracy,https://en.wikipedia.org/wiki/Social_Democrats_(Slovenia)
2017-05-11,Social Democrats,12.9,Centre-left,Social democracy,https://en.wikipedia.org/wiki/Social_Democrats_(Slovenia)
2017-05-12,Social Democrats,7.8,Centre-left,Social democracy,https://en.wikipedia.org/wiki/Social_Democrats_(Slovenia)
2017-05-28,Social Democrats,9.4,Centre-left,Social democracy,https://en.wikipedia.org/wiki/Social_Democrats_(Slovenia)
2017-06-02,Social Democrats,13.6,Centre-left,Social democracy,https://en.wikipedia.org/wiki/Social_Democrats_(Slovenia)
2017-06-02,Social Democrats,6.4,Centre-left,Social democracy,https://en.wikipedia.org/wiki/Social_Democrats_(Slovenia)
2017-06-15,Social Democrats,11.9,Centre-left,Social democracy,https://en.wikipedia.org/wiki/Social_Democrats_(Slovenia)
2017-06-25,Social Democrats,5.3,Centre-left,Social democracy,https://en.wikipedia.org/wiki/Social_Democrats_(Slovenia)
2017-07-06,Social Democrats,13.1,Centre-left,Social democracy,https://en.wikipedia.org/wiki/Social_Democrats_(Slovenia)
2017-07-06,Social Democrats,9.2,Centre-left,Social democracy,https://en.wikipedia.org/wiki/Social_Democrats_(Slovenia)
2017-07-13,Social Democrats,11.2,Centre-left,Social democracy,https://en.wikipedia.org/wiki/Social_Democrats_(Slovenia)
2017-07-21,Social Democrats,5.3,Centre-left,Social democracy,https://en.wikipedia.org/wiki/Social_Democrats_(Slovenia)
2017-08-02,Social Democrats,10.3,Centre-left,Social democracy,https://en.wikipedia.org/wiki/Social_Democrats_(Slovenia)
2017-08-09,Social Democrats,11.5,Centre-left,Social democracy,https://en.wikipedia.org/wiki/Social_Democrats_(Slovenia)
2017-08-11,Social Democrats,10.8,Centre-left,Social democracy,https://en.wikipedia.org/wiki/Social_Democrats_(Slovenia)
2017-08-26,Social Democrats,7.3,Centre-left,Social democracy,https://en.wikipedia.org/wiki/Social_Democrats_(Slovenia)
2017-09-07,Social Democrats,12.5,Centre-left,Social democracy,https://en.wikipedia.org/wiki/Social_Democrats_(Slovenia)
2017-09-13,Social Democrats,11.8,Centre-left,Social democracy,https://en.wikipedia.org/wiki/Social_Democrats_(Slovenia)
2017-09-14,Social Democrats,13.0,Centre-left,Social democracy,https://en.wikipedia.org/wiki/Social_Democrats_(Slovenia)
2017-09-23,Social Democrats,7.3,Centre-left,Social democracy,https://en.wikipedia.org/wiki/Social_Democrats_(Slovenia)
2017-10-05,Social Democrats,16.4,Centre-left,Social democracy,https://en.wikipedia.org/wiki/Social_Democrats_(Slovenia)
2017-10-06,Social Democrats,10.3,Centre-left,Social democracy,https://en.wikipedia.org/wiki/Social_Democrats_(Slovenia)
2017-11-08,Social Democrats,19.8,Centre-left,Social democracy,https://en.wikipedia.org/wiki/Social_Democrats_(Slovenia)
2017-11-08,Social Democrats,11.2,Centre-left,Social democracy,https://en.wikipedia.org/wiki/Social_Democrats_(Slovenia)
2017-11-11,Social Democrats,11.8,Centre-left,Social democracy,https://en.wikipedia.org/wiki/Social_Democrats_(Slovenia)
2017-11-16,Social Democrats,13.1,Centre-left,Social democracy,https://en.wikipedia.org/wiki/Social_Democrats_(Slovenia)
2017-12-07,Social Democrats,12.6,Centre-left,Social democracy,https://en.wikipedia.org/wiki/Social_Democrats_(Slovenia)
2017-12-14,Social Democrats,11.9,Centre-left,Social democracy,https://en.wikipedia.org/wiki/Social_Democrats_(Slovenia)
2017-12-25,Social Democrats,10.3,Centre-left,Social democracy,https://en.wikipedia.org/wiki/Social_Democrats_(Slovenia)
2018-01-06,Social Democrats,12.1,Centre-left,Social democracy,https://en.wikipedia.org/wiki/Social_Democrats_(Slovenia)
2018-01-11,Social Democrats,14.8,Centre-left,Social democracy,https://en.wikipedia.org/wiki/Social_Democrats_(Slovenia)
2018-01-18,Social Democrats,13.7,Centre-left,Social democracy,https://en.wikipedia.org/wiki/Social_Democrats_(Slovenia)
2018-01-28,Social Democrats,8.3,Centre-left,Social democracy,https://en.wikipedia.org/wiki/Social_Democrats_(Slovenia)
2018-02-05,Social Democrats,20.7,Centre-left,Social democracy,https://en.wikipedia.org/wiki/Social_Democrats_(Slovenia)
2018-02-06,Social Democrats,13.1,Centre-left,Social democracy,https://en.wikipedia.org/wiki/Social_Democrats_(Slovenia)
2018-02-11,Social Democrats,13.4,Centre-left,Social democracy,https://en.wikipedia.org/wiki/Social_Democrats_(Slovenia)
2018-02-15,Social Democrats,12.6,Centre-left,Social democracy,https://en.wikipedia.org/wiki/Social_Democrats_(Slovenia)
2018-02-25,Social Democrats,8.5,Centre-left,Social democracy,https://en.wikipedia.org/wiki/Social_Democrats_(Slovenia)
2018-03-08,Social Democrats,13.4,Centre-left,Social democracy,https://en.wikipedia.org/wiki/Social_Democrats_(Slovenia)
2018-03-14,Social Democrats,12.9,Centre-left,Social democracy,https://en.wikipedia.org/wiki/Social_Democrats_(Slovenia)
2018-03-15,Social Democrats,12.7,Centre-left,Social democracy,https://en.wikipedia.org/wiki/Social_Democrats_(Slovenia)
2018-03-25,Social Democrats,8.8,Centre-left,Social democracy,https://en.wikipedia.org/wiki/Social_Democrats_(Slovenia)
2018-04-03,Social Democrats,16.8,Centre-left,Social democracy,https://en.wikipedia.org/wiki/Social_Democrats_(Slovenia)
2018-04-05,Social Democrats,12.0,Centre-left,Social democracy,https://en.wikipedia.org/wiki/Social_Democrats_(Slovenia)
2018-04-11,Social Democrats,12.2,Centre-left,Social democracy,https://en.wikipedia.org/wiki/Social_Democrats_(Slovenia)
2018-04-22,Social Democrats,18.0,Centre-left,Social democracy,https://en.wikipedia.org/wiki/Social_Democrats_(Slovenia)
2018-04-22,Social Democrats,8.5,Centre-left,Social democracy,https://en.wikipedia.org/wiki/Social_Democrats_(Slovenia)
2018-05-05,Social Democrats,10.5,Centre-left,Social democracy,https://en.wikipedia.org/wiki/Social_Democrats_(Slovenia)
2018-05-07,Social Democrats,13.4,Centre-left,Social democracy,https://en.wikipedia.org/wiki/Social_Democrats_(Slovenia)
2018-05-09,Social Democrats,10.6,Centre-left,Social democracy,https://en.wikipedia.org/wiki/Social_Democrats_(Slovenia)
2018-05-10,Social Democrats,11.5,Centre-left,Social democracy,https://en.wikipedia.org/wiki/Social_Democrats_(Slovenia)
2018-05-10,Social Democrats,7.2,Centre-left,Social democracy,https://en.wikipedia.org/wiki/Social_Democrats_(Slovenia)
2018-05-15,Social Democrats,6.8,Centre-left,Social democracy,https://en.wikipedia.org/wiki/Social_Democrats_(Slovenia)
2018-05-17,Social Democrats,6.5,Centre-left,Social democracy,https://en.wikipedia.org/wiki/Social_Democrats_(Slovenia)
2018-05-17,Social Democrats,6.8,Centre-left,Social democracy,https://en.wikipedia.org/wiki/Social_Democrats_(Slovenia)
2018-05-17,Social Democrats,6.5,Centre-left,Social democracy,https://en.wikipedia.org/wiki/Social_Democrats_(Slovenia)
2018-05-20,Social Democrats,6.5,Centre-left,Social democracy,https://en.wikipedia.org/wiki/Social_Democrats_(Slovenia)
2018-05-22,Social Democrats,4.9,Centre-left,Social democracy,https://en.wikipedia.org/wiki/Social_Democrats_(Slovenia)
2018-05-22,Social Democrats,11.2,Centre-left,Social democracy,https://en.wikipedia.org/wiki/Social_Democrats_(Slovenia)
2018-05-22,Social Democrats,16.1,Centre-left,Social democracy,https://en.wikipedia.org/wiki/Social_Democrats_(Slovenia)
2018-05-23,Social Democrats,8.4,Centre-left,Social democracy,https://en.wikipedia.org/wiki/Social_Democrats_(Slovenia)
2018-05-25,Social Democrats,5.6,Centre-left,Social democracy,https://en.wikipedia.org/wiki/Social_Democrats_(Slovenia)
2018-05-25,Social Democrats,4.8,Centre-left,Social democracy,https://en.wikipedia.org/wiki/Social_Democrats_(Slovenia)
2018-05-27,Social Democrats,9.5,Centre-left,Social democracy,https://en.wikipedia.org/wiki/Social_Democrats_(Slovenia)
2018-05-29,Social Democrats,5.4,Centre-left,Social democracy,https://en.wikipedia.org/wiki/Social_Democrats_(Slovenia)
2018-05-29,Social Democrats,5.0,Centre-left,Social democracy,https://en.wikipedia.org/wiki/Social_Democrats_(Slovenia)
2018-05-29,Social Democrats,12.5,Centre-left,Social democracy,https://en.wikipedia.org/wiki/Social_Democrats_(Slovenia)
2018-05-30,Social Democrats,5.5,Centre-left,Social democracy,https://en.wikipedia.org/wiki/Social_Democrats_(Slovenia)
2018-05-31,Social Democrats,5.6,Centre-left,Social democracy,https://en.wikipedia.org/wiki/Social_Democrats_(Slovenia)
2018-05-31,Social Democrats,11.5,Centre-left,Social democracy,https://en.wikipedia.org/wiki/Social_Democrats_(Slovenia)
2018-05-31,Social Democrats,12.8,Centre-left,Social democracy,https://en.wikipedia.org/wiki/Social_Democrats_(Slovenia)
2018-05-31,Social Democrats,7.8,Centre-left,Social democracy,https://en.wikipedia.org/wiki/Social_Democrats_(Slovenia)
2018-06-03,Social Democrats,9.3,Centre-left,Social democracy,https://en.wikipedia.org/wiki/Social_Democrats_(Slovenia)
2018-06-03,Social Democrats,9.9,Centre-left,Social democracy,https://en.wikipedia.org/wiki/Social_Democrats_(Slovenia)
2018-06-03,Social Democrats,9.9,Centre-left,Social democracy,https://en.wikipedia.org/wiki/Social_Democrats_(Slovenia)
2018-06-06,Social Democrats,8.8,Centre-left,Social democracy,https://en.wikipedia.org/wiki/Social_Democrats_(Slovenia)
2018-06-14,Social Democrats,9.2,Centre-left,Social democracy,https://en.wikipedia.org/wiki/Social_Democrats_(Slovenia)
2018-06-20,Social Democrats,9.3,Centre-left,Social democracy,https://en.wikipedia.org/wiki/Social_Democrats_(Slovenia)
2018-07-12,Social Democrats,8.8,Centre-left,Social democracy,https://en.wikipedia.org/wiki/Social_Democrats_(Slovenia)
2018-08-15,Social Democrats,10.1,Centre-left,Social democracy,https://en.wikipedia.org/wiki/Social_Democrats_(Slovenia)
2018-08-26,Social Democrats,6.9,Centre-left,Social democracy,https://en.wikipedia.org/wiki/Social_Democrats_(Slovenia)
2018-09-06,Social Democrats,6.6,Centre-left,Social democracy,https://en.wikipedia.org/wiki/Social_Democrats_(Slovenia)
2018-09-13,Social Democrats,9.8,Centre-left,Social democracy,https://en.wikipedia.org/wiki/Social_Democrats_(Slovenia)
2018-09-23,Social Democrats,8.1,Centre-left,Social democracy,https://en.wikipedia.org/wiki/Social_Democrats_(Slovenia)
2018-10-11,Social Democrats,7.0,Centre-left,Social democracy,https://en.wikipedia.org/wiki/Social_Democrats_(Slovenia)
2018-11-20,Social Democrats,14.7,Centre-left,Social democracy,https://en.wikipedia.org/wiki/Social_Democrats_(Slovenia)
2018-11-22,Social Democrats,8.9,Centre-left,Social democracy,https://en.wikipedia.org/wiki/Social_Democrats_(Slovenia)
2018-12-06,Social Democrats,10.5,Centre-left,Social democracy,https://en.wikipedia.org/wiki/Social_Democrats_(Slovenia)
2018-12-13,Social Democrats,12.3,Centre-left,Social democracy,https://en.wikipedia.org/wiki/Social_Democrats_(Slovenia)
2019-01-10,Social Democrats,6.5,Centre-left,Social democracy,https://en.wikipedia.org/wiki/Social_Democrats_(Slovenia)
2019-01-10,Social Democrats,11.7,Centre-left,Social democracy,https://en.wikipedia.org/wiki/Social_Democrats_(Slovenia)
2019-02-06,Social Democrats,5.8,Centre-left,Social democracy,https://en.wikipedia.org/wiki/Social_Democrats_(Slovenia)
2019-02-14,Social Democrats,8.9,Centre-left,Social democracy,https://en.wikipedia.org/wiki/Social_Democrats_(Slovenia)
2019-03-07,Social Democrats,6.7,Centre-left,Social democracy,https://en.wikipedia.org/wiki/Social_Democrats_(Slovenia)
2019-03-14,Social Democrats,8.1,Centre-left,Social democracy,https://en.wikipedia.org/wiki/Social_Democrats_(Slovenia)
2019-04-04,Social Democrats,7.1,Centre-left,Social democracy,https://en.wikipedia.org/wiki/Social_Democrats_(Slovenia)
2019-04-11,Social Democrats,9.6,Centre-left,Social democracy,https://en.wikipedia.org/wiki/Social_Democrats_(Slovenia)
2019-05-16,Social Democrats,11.0,Centre-left,Social democracy,https://en.wikipedia.org/wiki/Social_Democrats_(Slovenia)
2019-05-23,Social Democrats,8.7,Centre-left,Social democracy,https://en.wikipedia.org/wiki/Social_Democrats_(Slovenia)
2019-06-13,Social Democrats,9.8,Centre-left,Social democracy,https://en.wikipedia.org/wiki/Social_Democrats_(Slovenia)
2019-07-11,Social Democrats,7.8,Centre-left,Social democracy,https://en.wikipedia.org/wiki/Social_Democrats_(Slovenia)
2019-07-11,Social Democrats,10.0,Centre-left,Social democracy,https://en.wikipedia.org/wiki/Social_Democrats_(Slovenia)
2019-08-08,Social Democrats,7.2,Centre-left,Social democracy,https://en.wikipedia.org/wiki/Social_Democrats_(Slovenia)
2019-08-14,Social Democrats,10.0,Centre-left,Social democracy,https://en.wikipedia.org/wiki/Social_Democrats_(Slovenia)
2019-08-25,Social Democrats,6.9,Centre-left,Social democracy,https://en.wikipedia.org/wiki/Social_Democrats_(Slovenia)
2019-09-05,Social Democrats,6.4,Centre-left,Social democracy,https://en.wikipedia.org/wiki/Social_Democrats_(Slovenia)
2019-09-12,Social Democrats,9.8,Centre-left,Social democracy,https://en.wikipedia.org/wiki/Social_Democrats_(Slovenia)
2019-09-22,Social Democrats,7.0,Centre-left,Social democracy,https://en.wikipedia.org/wiki/Social_Democrats_(Slovenia)
2019-10-10,Social Democrats,6.0,Centre-left,Social democracy,https://en.wikipedia.org/wiki/Social_Democrats_(Slovenia)
2019-10-17,Social Democrats,10.4,Centre-left,Social democracy,https://en.wikipedia.org/wiki/Social_Democrats_(Slovenia)
2019-11-07,Social Democrats,6.0,Centre-left,Social democracy,https://en.wikipedia.org/wiki/Social_Democrats_(Slovenia)
2019-11-07,Social Democrats,6.6,Centre-left,Social democracy,https://en.wikipedia.org/wiki/Social_Democrats_(Slovenia)
2019-11-14,Social Democrats,7.1,Centre-left,Social democracy,https://en.wikipedia.org/wiki/Social_Democrats_(Slovenia)
2019-11-24,Social Democrats,9.5,Centre-left,Social democracy,https://en.wikipedia.org/wiki/Social_Democrats_(Slovenia)
2019-12-05,Social Democrats,6.3,Centre-left,Social democracy,https://en.wikipedia.org/wiki/Social_Democrats_(Slovenia)
2019-12-05,Social Democrats,7.5,Centre-left,Social democracy,https://en.wikipedia.org/wiki/Social_Democrats_(Slovenia)
2019-12-12,Social Democrats,9.7,Centre-left,Social democracy,https://en.wikipedia.org/wiki/Social_Democrats_(Slovenia)
2020-01-09,Social Democrats,6.0,Centre-left,Social democracy,https://en.wikipedia.org/wiki/Social_Democrats_(Slovenia)
2020-01-16,Social Democrats,6.5,Centre-left,Social democracy,https://en.wikipedia.org/wiki/Social_Democrats_(Slovenia)
2020-01-16,Social Democrats,8.1,Centre-left,Social democracy,https://en.wikipedia.org/wiki/Social_Democrats_(Slovenia)
2020-01-29,Social Democrats,6.7,Centre-left,Social democracy,https://en.wikipedia.org/wiki/Social_Democrats_(Slovenia)
2020-02-03,Social Democrats,7.9,Centre-left,Social democracy,https://en.wikipedia.org/wiki/Social_Democrats_(Slovenia)
2020-02-05,Social Democrats,6.5,Centre-left,Social democracy,https://en.wikipedia.org/wiki/Social_Democrats_(Slovenia)
2020-02-13,Social Democrats,8.2,Centre-left,Social democracy,https://en.wikipedia.org/wiki/Social_Democrats_(Slovenia)
2020-02-13,Social Democrats,6.5,Centre-left,Social democracy,https://en.wikipedia.org/wiki/Social_Democrats_(Slovenia)
2020-02-20,Social Democrats,5.3,Centre-left,Social democracy,https://en.wikipedia.org/wiki/Social_Democrats_(Slovenia)
2020-02-28,Social Democrats,7.8,Centre-left,Social democracy,https://en.wikipedia.org/wiki/Social_Democrats_(Slovenia)
2020-03-05,Social Democrats,6.7,Centre-left,Social democracy,https://en.wikipedia.org/wiki/Social_Democrats_(Slovenia)
2020-03-12,Social Democrats,9.3,Centre-left,Social democracy,https://en.wikipedia.org/wiki/Social_Democrats_(Slovenia)
2020-03-19,Social Democrats,7.3,Centre-left,Social democracy,https://en.wikipedia.org/wiki/Social_Democrats_(Slovenia)
2020-04-09,Social Democrats,8.7,Centre-left,Social democracy,https://en.wikipedia.org/wiki/Social_Democrats_(Slovenia)
2020-04-16,Social Democrats,8.9,Centre-left,Social democracy,https://en.wikipedia.org/wiki/Social_Democrats_(Slovenia)
2020-05-08,Social Democrats,8.4,Centre-left,Social democracy,https://en.wikipedia.org/wiki/Social_Democrats_(Slovenia)
2020-05-08,Social Democrats,12.8,Centre-left,Social democracy,https://en.wikipedia.org/wiki/Social_Democrats_(Slovenia)
2020-05-13,Social Democrats,8.2,Centre-left,Social democracy,https://en.wikipedia.org/wiki/Social_Democrats_(Slovenia)
2020-05-21,Social Democrats,6.6,Centre-left,Social democracy,https://en.wikipedia.org/wiki/Social_Democrats_(Slovenia)
2020-05-22,Social Democrats,7.0,Centre-left,Social democracy,https://en.wikipedia.org/wiki/Social_Democrats_(Slovenia)
2020-06-04,Social Democrats,9.9,Centre-left,Social democracy,https://en.wikipedia.org/wiki/Social_Democrats_(Slovenia)
2020-06-11,Social Democrats,15.2,Centre-left,Social democracy,https://en.wikipedia.org/wiki/Social_Democrats_(Slovenia)
2020-06-17,Social Democrats,9.2,Centre-left,Social democracy,https://en.wikipedia.org/wiki/Social_Democrats_(Slovenia)
2020-07-02,Social Democrats,11.9,Centre-left,Social democracy,https://en.wikipedia.org/wiki/Social_Democrats_(Slovenia)
2020-07-09,Social Democrats,11.7,Centre-left,Social democracy,https://en.wikipedia.org/wiki/Social_Democrats_(Slovenia)
2020-07-16,Social Democrats,14.7,Centre-left,Social democracy,https://en.wikipedia.org/wiki/Social_Democrats_(Slovenia)
2020-08-06,Social Democrats,11.2,Centre-left,Social democracy,https://en.wikipedia.org/wiki/Social_Democrats_(Slovenia)
2020-08-13,Social Democrats,13.9,Centre-left,Social democracy,https://en.wikipedia.org/wiki/Social_Democrats_(Slovenia)
2020-08-24,Social Democrats,11.9,Centre-left,Social democracy,https://en.wikipedia.org/wiki/Social_Democrats_(Slovenia)
2020-08-24,Social Democrats,9.5,Centre-left,Social democracy,https://en.wikipedia.org/wiki/Social_Democrats_(Slovenia)
2020-09-10,Social Democrats,9.9,Centre-left,Social democracy,https://en.wikipedia.org/wiki/Social_Democrats_(Slovenia)
2020-09-17,Social Democrats,13.6,Centre-left,Social democracy,https://en.wikipedia.org/wiki/Social_Democrats_(Slovenia)
2020-09-18,Social Democrats,11.6,Centre-left,Social democracy,https://en.wikipedia.org/wiki/Social_Democrats_(Slovenia)
2020-09-28,Social Democrats,9.3,Centre-left,Social democracy,https://en.wikipedia.org/wiki/Social_Democrats_(Slovenia)
2020-10-08,Social Democrats,9.3,Centre-left,Social democracy,https://en.wikipedia.org/wiki/Social_Democrats_(Slovenia)
2020-10-15,Social Democrats,12.8,Centre-left,Social democracy,https://en.wikipedia.org/wiki/Social_Democrats_(Slovenia)
2020-11-04,Social Democrats,11.1,Centre-left,Social democracy,https://en.wikipedia.org/wiki/Social_Democrats_(Slovenia)
2020-11-05,Social Democrats,11.7,Centre-left,Social democracy,https://en.wikipedia.org/wiki/Social_Democrats_(Slovenia)
2020-11-12,Social Democrats,12.6,Centre-left,Social democracy,https://en.wikipedia.org/wiki/Social_Democrats_(Slovenia)
2020-11-23,Social Democrats,11.0,Centre-left,Social democracy,https://en.wikipedia.org/wiki/Social_Democrats_(Slovenia)
2020-12-09,Social Democrats,7.3,Centre-left,Social democracy,https://en.wikipedia.org/wiki/Social_Democrats_(Slovenia)
2020-12-09,Social Democrats,7.7,Centre-left,Social democracy,https://en.wikipedia.org/wiki/Social_Democrats_(Slovenia)
2020-12-17,Social Democrats,11.8,Centre-left,Social democracy,https://en.wikipedia.org/wiki/Social_Democrats_(Slovenia)
2020-12-23,Social Democrats,8.0,Centre-left,Social democracy,https://en.wikipedia.org/wiki/Social_Democrats_(Slovenia)
2021-01-07,Social Democrats,8.5,Centre-left,Social democracy,https://en.wikipedia.org/wiki/Social_Democrats_(Slovenia)
2021-01-14,Social Democrats,12.6,Centre-left,Social democracy,https://en.wikipedia.org/wiki/Social_Democrats_(Slovenia)
2021-01-25,Social Democrats,9.0,Centre-left,Social democracy,https://en.wikipedia.org/wiki/Social_Democrats_(Slovenia)
2021-01-28,Social Democrats,8.1,Centre-left,Social democracy,https://en.wikipedia.org/wiki/Social_Democrats_(Slovenia)
2021-02-11,Social Democrats,13.1,Centre-left,Social democracy,https://en.wikipedia.org/wiki/Social_Democrats_(Slovenia)
2021-02-11,Social Democrats,9.5,Centre-left,Social democracy,https://en.wikipedia.org/wiki/Social_Democrats_(Slovenia)
2021-03-01,Social Democrats,11.0,Centre-left,Social democracy,https://en.wikipedia.org/wiki/Social_Democrats_(Slovenia)
2021-03-04,Social Democrats,12.1,Centre-left,Social democracy,https://en.wikipedia.org/wiki/Social_Democrats_(Slovenia)
2021-03-11,Social Democrats,12.9,Centre-left,Social democracy,https://en.wikipedia.org/wiki/Social_Democrats_(Slovenia)
2021-03-12,Social Democrats,10.4,Centre-left,Social democracy,https://en.wikipedia.org/wiki/Social_Democrats_(Slovenia)
2021-03-25,Social Democrats,19.0,Centre-left,Social democracy,https://en.wikipedia.org/wiki/Social_Democrats_(Slovenia)
2021-03-29,Social Democrats,10.9,Centre-left,Social democracy,https://en.wikipedia.org/wiki/Social_Democrats_(Slovenia)
2021-04-08,Social Democrats,12.4,Centre-left,Social democracy,https://en.wikipedia.org/wiki/Social_Democrats_(Slovenia)
2021-04-14,Social Democrats,11.3,Centre-left,Social democracy,https://en.wikipedia.org/wiki/Social_Democrats_(Slovenia)
2021-04-15,Social Democrats,13.2,Centre-left,Social democracy,https://en.wikipedia.org/wiki/Social_Democrats_(Slovenia)
2021-04-26,Social Democrats,10.8,Centre-left,Social democracy,https://en.wikipedia.org/wiki/Social_Democrats_(Slovenia)
2021-05-05,Social Democrats,12.2,Centre-left,Social democracy,https://en.wikipedia.org/wiki/Social_Democrats_(Slovenia)
2021-05-13,Social Democrats,11.5,Centre-left,Social democracy,https://en.wikipedia.org/wiki/Social_Democrats_(Slovenia)
2021-05-13,Social Democrats,13.1,Centre-left,Social democracy,https://en.wikipedia.org/wiki/Social_Democrats_(Slovenia)
2021-05-24,Social Democrats,10.0,Centre-left,Social democracy,https://en.wikipedia.org/wiki/Social_Democrats_(Slovenia)
2021-05-26,Social Democrats,8.9,Centre-left,Social democracy,https://en.wikipedia.org/wiki/Social_Democrats_(Slovenia)
2021-06-15,Social Democrats,17.0,Centre-left,Social democracy,https://en.wikipedia.org/wiki/Social_Democrats_(Slovenia)
2021-06-18,Social Democrats,10.8,Centre-left,Social democracy,https://en.wikipedia.org/wiki/Social_Democrats_(Slovenia)
2021-09-02,Social Democrats,10.8,Centre-left,Social democracy,https://en.wikipedia.org/wiki/Social_Democrats_(Slovenia)
2021-09-30,Social Democrats,11.8,Centre-left,Social democracy,https://en.wikipedia.org/wiki/Social_Democrats_(Slovenia)
2021-10-15,Social Democrats,10.7,Centre-left,Social democracy,https://en.wikipedia.org/wiki/Social_Democrats_(Slovenia)
2021-11-04,Social Democrats,15.4,Centre-left,Social democracy,https://en.wikipedia.org/wiki/Social_Democrats_(Slovenia)
2021-11-16,Social Democrats,13.3,Centre-left,Social democracy,https://en.wikipedia.org/wiki/Social_Democrats_(Slovenia)
2021-12-02,Social Democrats,9.8,Centre-left,Social democracy,https://en.wikipedia.org/wiki/Social_Democrats_(Slovenia)
2021-12-07,Social Democrats,13.3,Centre-left,Social democracy,https://en.wikipedia.org/wiki/Social_Democrats_(Slovenia)
2021-12-16,Social Democrats,14.0,Centre-left,Social democracy,https://en.wikipedia.org/wiki/Social_Democrats_(Slovenia)
2021-12-29,Social Democrats,6.2,Centre-left,Social democracy,https://en.wikipedia.org/wiki/Social_Democrats_(Slovenia)
2022-01-06,Social Democrats,7.8,Centre-left,Social democracy,https://en.wikipedia.org/wiki/Social_Democrats_(Slovenia)
2022-01-13,Social Democrats,10.3,Centre-left,Social democracy,https://en.wikipedia.org/wiki/Social_Democrats_(Slovenia)
2022-01-27,Social Democrats,9.9,Centre-left,Social democracy,https://en.wikipedia.org/wiki/Social_Democrats_(Slovenia)
2022-01-28,Social Democrats,6.6,Centre-left,Social democracy,https://en.wikipedia.org/wiki/Social_Democrats_(Slovenia)
2022-02-03,Social Democrats,6.6,Centre-left,Social democracy,https://en.wikipedia.org/wiki/Social_Democrats_(Slovenia)
2022-02-10,Social Democrats,7.0,Centre-left,Social democracy,https://en.wikipedia.org/wiki/Social_Democrats_(Slovenia)
2022-02-10,Social Democrats,8.0,Centre-left,Social democracy,https://en.wikipedia.org/wiki/Social_Democrats_(Slovenia)
2022-02-16,Social Democrats,7.6,Centre-left,Social democracy,https://en.wikipedia.org/wiki/Social_Democrats_(Slovenia)
2022-02-23,Social Democrats,9.9,Centre-left,Social democracy,https://en.wikipedia.org/wiki/Social_Democrats_(Slovenia)
2022-02-24,Social Democrats,8.6,Centre-left,Social democracy,https://en.wikipedia.org/wiki/Social_Democrats_(Slovenia)
2022-02-25,Social Democrats,6.3,Centre-left,Social democracy,https://en.wikipedia.org/wiki/Social_Democrats_(Slovenia)
2022-03-03,Social Democrats,7.7,Centre-left,Social democracy,https://en.wikipedia.org/wiki/Social_Democrats_(Slovenia)
2022-03-10,Social Democrats,8.8,Centre-left,Social democracy,https://en.wikipedia.org/wiki/Social_Democrats_(Slovenia)
2022-03-10,Social Democrats,10.1,Centre-left,Social democracy,https://en.wikipedia.org/wiki/Social_Democrats_(Slovenia)
2022-03-17,Social Democrats,7.2,Centre-left,Social democracy,https://en.wikipedia.org/wiki/Social_Democrats_(Slovenia)
2022-03-23,Social Democrats,7.8,Centre-left,Social democracy,https://en.wikipedia.org/wiki/Social_Democrats_(Slovenia)
2022-03-24,Social Democrats,8.6,Centre-left,Social democracy,https://en.wikipedia.org/wiki/Social_Democrats_(Slovenia)
2022-03-24,Social Democrats,9.4,Centre-left,Social democracy,https://en.wikipedia.org/wiki/Social_Democrats_(Slovenia)
2022-03-31,Social Democrats,10.3,Centre-left,Social democracy,https://en.wikipedia.org/wiki/Social_Democrats_(Slovenia)
2022-03-31,Social Democrats,8.2,Centre-left,Social democracy,https://en.wikipedia.org/wiki/Social_Democrats_(Slovenia)
2022-04-01,Social Democrats,8.8,Centre-left,Social democracy,https://en.wikipedia.org/wiki/Social_Democrats_(Slovenia)
2022-04-06,Social Democrats,8.0,Centre-left,Social democracy,https://en.wikipedia.org/wiki/Social_Democrats_(Slovenia)
2022-04-07,Social Democrats,7.9,Centre-left,Social democracy,https://en.wikipedia.org/wiki/Social_Democrats_(Slovenia)
2022-04-07,Social Democrats,8.3,Centre-left,Social democracy,https://en.wikipedia.org/wiki/Social_Democrats_(Slovenia)
2022-04-13,Social Democrats,8.0,Centre-left,Social democracy,https://en.wikipedia.org/wiki/Social_Democrats_(Slovenia)
2022-04-13,Social Democrats,8.7,Centre-left,Social democracy,https://en.wikipedia.org/wiki/Social_Democrats_(Slovenia)
2022-04-14,Social Democrats,6.9,Centre-left,Social democracy,https://en.wikipedia.org/wiki/Social_Democrats_(Slovenia)
2022-04-14,Social Democrats,8.2,Centre-left,Social democracy,https://en.wikipedia.org/wiki/Social_Democrats_(Slovenia)
2022-04-15,Social Democrats,7.9,Centre-left,Social democracy,https://en.wikipedia.org/wiki/Social_Democrats_(Slovenia)
2022-04-15,Social Democrats,6.5,Centre-left,Social democracy,https://en.wikipedia.org/wiki/Social_Democrats_(Slovenia)
2022-04-16,Social Democrats,7.9,Centre-left,Social democracy,https://en.wikipedia.org/wiki/Social_Democrats_(Slovenia)
2022-04-19,Social Democrats,5.5,Centre-left,Social democracy,https://en.wikipedia.org/wiki/Social_Democrats_(Slovenia)
2022-04-19,Social Democrats,7.8,Centre-left,Social democracy,https://en.wikipedia.org/wiki/Social_Democrats_(Slovenia)
2022-04-20,Social Democrats,7.6,Centre-left,Social democracy,https://en.wikipedia.org/wiki/Social_Democrats_(Slovenia)
2022-04-21,Social Democrats,7.6,Centre-left,Social democracy,https://en.wikipedia.org/wiki/Social_Democrats_(Slovenia)
2022-04-21,Social Democrats,7.3,Centre-left,Social democracy,https://en.wikipedia.org/wiki/Social_Democrats_(Slovenia)
2022-04-21,Social Democrats,5.2,Centre-left,Social democracy,https://en.wikipedia.org/wiki/Social_Democrats_(Slovenia)
2022-04-22,Social Democrats,7.9,Centre-left,Social democracy,https://en.wikipedia.org/wiki/Social_Democrats_(Slovenia)
2022-04-24,Social Democrats,6.6,Centre-left,Social democracy,https://en.wikipedia.org/wiki/Social_Democrats_(Slovenia)
2022-04-24,Social Democrats,6.7,Centre-left,Social democracy,https://en.wikipedia.org/wiki/Social_Democrats_(Slovenia)
2026-03-22,Social Democrats,6.7,Centre-left,Social democracy,https://en.wikipedia.org/wiki/Social_Democrats_(Slovenia)
2026-04-09,Social Democrats,6.4,Centre-left,Social democracy,https://en.wikipedia.org/wiki/Social_Democrats_(Slovenia)
2026-04-10,Social Democrats,7.5,Centre-left,Social democracy,https://en.wikipedia.org/wiki/Social_Democrats_(Slovenia)
2026-04-15,Social Democrats,7.3,Centre-left,Social democracy,https://en.wikipedia.org/wiki/Social_Democrats_(Slovenia)
2026-04-23,Social Democrats,7.1,Centre-left,Social democracy,https://en.wikipedia.org/wiki/Social_Democrats_(Slovenia)
2026-05-07,Social Democrats,5.7,Centre-left,Social democracy,https://en.wikipedia.org/wiki/Social_Democrats_(Slovenia)
2026-05-12,Social Democrats,7.8,Centre-left,Social democracy,https://en.wikipedia.org/wiki/Social_Democrats_(Slovenia)
2026-05-13,Social Democrats,9.3,Centre-left,Social democracy,https://en.wikipedia.org/wiki/Social_Democrats_(Slovenia)
2026-05-20,Social Democrats,10.2,Centre-left,Social democracy,https://en.wikipedia.org/wiki/Social_Democrats_(Slovenia)
2026-05-21,Social Democrats,8.0,Centre-left,Social democracy,https://en.wikipedia.org/wiki/Social_Democrats_(Slovenia)
2014-07-13,The Left,6.0,Left-wing,Democratic socialism Eco-socialism Antimilitarism,https://en.wikipedia.org/wiki/The_Left_(Slovenia)
2014-08-07,The Left,7.7,Left-wing,Democratic socialism Eco-socialism Antimilitarism,https://en.wikipedia.org/wiki/The_Left_(Slovenia)
2014-09-11,The Left,6.4,Left-wing,Democratic socialism Eco-socialism Antimilitarism,https://en.wikipedia.org/wiki/The_Left_(Slovenia)
2014-09-11,The Left,4.8,Left-wing,Democratic socialism Eco-socialism Antimilitarism,https://en.wikipedia.org/wiki/The_Left_(Slovenia)
2014-09-28,The Left,7.4,Left-wing,Democratic socialism Eco-socialism Antimilitarism,https://en.wikipedia.org/wiki/The_Left_(Slovenia)
2014-10-09,The Left,5.7,Left-wing,Democratic socialism Eco-socialism Antimilitarism,https://en.wikipedia.org/wiki/The_Left_(Slovenia)
2014-10-26,The Left,5.2,Left-wing,Democratic socialism Eco-socialism Antimilitarism,https://en.wikipedia.org/wiki/The_Left_(Slovenia)
2014-11-05,The Left,6.6,Left-wing,Democratic socialism Eco-socialism Antimilitarism,https://en.wikipedia.org/wiki/The_Left_(Slovenia)
2014-11-20,The Left,3.7,Left-wing,Democratic socialism Eco-socialism Antimilitarism,https://en.wikipedia.org/wiki/The_Left_(Slovenia)
2014-11-20,The Left,8.0,Left-wing,Democratic socialism Eco-socialism Antimilitarism,https://en.wikipedia.org/wiki/The_Left_(Slovenia)
2014-12-04,The Left,8.5,Left-wing,Democratic socialism Eco-socialism Antimilitarism,https://en.wikipedia.org/wiki/The_Left_(Slovenia)
2014-12-17,The Left,3.8,Left-wing,Democratic socialism Eco-socialism Antimilitarism,https://en.wikipedia.org/wiki/The_Left_(Slovenia)
2014-12-21,The Left,5.9,Left-wing,Democratic socialism Eco-socialism Antimilitarism,https://en.wikipedia.org/wiki/The_Left_(Slovenia)
2015-01-08,The Left,8.6,Left-wing,Democratic socialism Eco-socialism Antimilitarism,https://en.wikipedia.org/wiki/The_Left_(Slovenia)
2015-01-21,The Left,8.0,Left-wing,Democratic socialism Eco-socialism Antimilitarism,https://en.wikipedia.org/wiki/The_Left_(Slovenia)
2015-02-05,The Left,10.3,Left-wing,Democratic socialism Eco-socialism Antimilitarism,https://en.wikipedia.org/wiki/The_Left_(Slovenia)
2015-02-12,The Left,7.9,Left-wing,Democratic socialism Eco-socialism Antimilitarism,https://en.wikipedia.org/wiki/The_Left_(Slovenia)
2015-02-22,The Left,6.4,Left-wing,Democratic socialism Eco-socialism Antimilitarism,https://en.wikipedia.org/wiki/The_Left_(Slovenia)
2015-03-05,The Left,10.3,Left-wing,Democratic socialism Eco-socialism Antimilitarism,https://en.wikipedia.org/wiki/The_Left_(Slovenia)
2015-03-12,The Left,7.9,Left-wing,Democratic socialism Eco-socialism Antimilitarism,https://en.wikipedia.org/wiki/The_Left_(Slovenia)
2015-03-22,The Left,6.6,Left-wing,Democratic socialism Eco-socialism Antimilitarism,https://en.wikipedia.org/wiki/The_Left_(Slovenia)
2015-04-02,The Left,7.4,Left-wing,Democratic socialism Eco-socialism Antimilitarism,https://en.wikipedia.org/wiki/The_Left_(Slovenia)
2015-04-16,The Left,8.1,Left-wing,Democratic socialism Eco-socialism Antimilitarism,https://en.wikipedia.org/wiki/The_Left_(Slovenia)
2015-04-26,The Left,7.5,Left-wing,Democratic socialism Eco-socialism Antimilitarism,https://en.wikipedia.org/wiki/The_Left_(Slovenia)
2015-05-07,The Left,6.7,Left-wing,Democratic socialism Eco-socialism Antimilitarism,https://en.wikipedia.org/wiki/The_Left_(Slovenia)
2015-05-14,The Left,9.6,Left-wing,Democratic socialism Eco-socialism Antimilitarism,https://en.wikipedia.org/wiki/The_Left_(Slovenia)
2015-05-24,The Left,7.0,Left-wing,Democratic socialism Eco-socialism Antimilitarism,https://en.wikipedia.org/wiki/The_Left_(Slovenia)
2015-06-05,The Left,9.0,Left-wing,Democratic socialism Eco-socialism Antimilitarism,https://en.wikipedia.org/wiki/The_Left_(Slovenia)
2015-06-10,The Left,10.9,Left-wing,Democratic socialism Eco-socialism Antimilitarism,https://en.wikipedia.org/wiki/The_Left_(Slovenia)
2015-06-28,The Left,7.5,Left-wing,Democratic socialism Eco-socialism Antimilitarism,https://en.wikipedia.org/wiki/The_Left_(Slovenia)
2015-07-02,The Left,8.4,Left-wing,Democratic socialism Eco-socialism Antimilitarism,https://en.wikipedia.org/wiki/The_Left_(Slovenia)
2015-07-15,The Left,9.5,Left-wing,Democratic socialism Eco-socialism Antimilitarism,https://en.wikipedia.org/wiki/The_Left_(Slovenia)
2015-07-26,The Left,7.3,Left-wing,Democratic socialism Eco-socialism Antimilitarism,https://en.wikipedia.org/wiki/The_Left_(Slovenia)
2015-08-06,The Left,7.4,Left-wing,Democratic socialism Eco-socialism Antimilitarism,https://en.wikipedia.org/wiki/The_Left_(Slovenia)
2015-08-13,The Left,8.8,Left-wing,Democratic socialism Eco-socialism Antimilitarism,https://en.wikipedia.org/wiki/The_Left_(Slovenia)
2015-08-23,The Left,6.3,Left-wing,Democratic socialism Eco-socialism Antimilitarism,https://en.wikipedia.org/wiki/The_Left_(Slovenia)
2015-09-03,The Left,6.2,Left-wing,Democratic socialism Eco-socialism Antimilitarism,https://en.wikipedia.org/wiki/The_Left_(Slovenia)
2015-09-10,The Left,6.2,Left-wing,Democratic socialism Eco-socialism Antimilitarism,https://en.wikipedia.org/wiki/The_Left_(Slovenia)
2015-09-27,The Left,5.2,Left-wing,Democratic socialism Eco-socialism Antimilitarism,https://en.wikipedia.org/wiki/The_Left_(Slovenia)
2015-10-07,The Left,5.9,Left-wing,Democratic socialism Eco-socialism Antimilitarism,https://en.wikipedia.org/wiki/The_Left_(Slovenia)
2015-10-14,The Left,7.4,Left-wing,Democratic socialism Eco-socialism Antimilitarism,https://en.wikipedia.org/wiki/The_Left_(Slovenia)
2015-10-25,The Left,3.9,Left-wing,Democratic socialism Eco-socialism Antimilitarism,https://en.wikipedia.org/wiki/The_Left_(Slovenia)
2015-10-30,The Left,2.4,Left-wing,Democratic socialism Eco-socialism Antimilitarism,https://en.wikipedia.org/wiki/The_Left_(Slovenia)
2015-11-05,The Left,6.8,Left-wing,Democratic socialism Eco-socialism Antimilitarism,https://en.wikipedia.org/wiki/The_Left_(Slovenia)
2015-11-19,The Left,6.2,Left-wing,Democratic socialism Eco-socialism Antimilitarism,https://en.wikipedia.org/wiki/The_Left_(Slovenia)
2015-11-22,The Left,3.6,Left-wing,Democratic socialism Eco-socialism Antimilitarism,https://en.wikipedia.org/wiki/The_Left_(Slovenia)
2015-12-06,The Left,3.9,Left-wing,Democratic socialism Eco-socialism Antimilitarism,https://en.wikipedia.org/wiki/The_Left_(Slovenia)
2015-12-10,The Left,5.1,Left-wing,Democratic socialism Eco-socialism Antimilitarism,https://en.wikipedia.org/wiki/The_Left_(Slovenia)
2015-12-17,The Left,6.1,Left-wing,Democratic socialism Eco-socialism Antimilitarism,https://en.wikipedia.org/wiki/The_Left_(Slovenia)
2015-12-27,The Left,4.1,Left-wing,Democratic socialism Eco-socialism Antimilitarism,https://en.wikipedia.org/wiki/The_Left_(Slovenia)
2016-01-07,The Left,8.6,Left-wing,Democratic socialism Eco-socialism Antimilitarism,https://en.wikipedia.org/wiki/The_Left_(Slovenia)
2016-01-18,The Left,6.6,Left-wing,Democratic socialism Eco-socialism Antimilitarism,https://en.wikipedia.org/wiki/The_Left_(Slovenia)
2016-01-24,The Left,5.4,Left-wing,Democratic socialism Eco-socialism Antimilitarism,https://en.wikipedia.org/wiki/The_Left_(Slovenia)
2016-02-04,The Left,5.2,Left-wing,Democratic socialism Eco-socialism Antimilitarism,https://en.wikipedia.org/wiki/The_Left_(Slovenia)
2016-02-18,The Left,5.3,Left-wing,Democratic socialism Eco-socialism Antimilitarism,https://en.wikipedia.org/wiki/The_Left_(Slovenia)
2016-02-28,The Left,3.8,Left-wing,Democratic socialism Eco-socialism Antimilitarism,https://en.wikipedia.org/wiki/The_Left_(Slovenia)
2016-03-01,The Left,6.8,Left-wing,Democratic socialism Eco-socialism Antimilitarism,https://en.wikipedia.org/wiki/The_Left_(Slovenia)
2016-03-17,The Left,8.7,Left-wing,Democratic socialism Eco-socialism Antimilitarism,https://en.wikipedia.org/wiki/The_Left_(Slovenia)
2016-03-27,The Left,5.1,Left-wing,Democratic socialism Eco-socialism Antimilitarism,https://en.wikipedia.org/wiki/The_Left_(Slovenia)
2016-04-07,The Left,7.3,Left-wing,Democratic socialism Eco-socialism Antimilitarism,https://en.wikipedia.org/wiki/The_Left_(Slovenia)
2016-04-14,The Left,6.5,Left-wing,Democratic socialism Eco-socialism Antimilitarism,https://en.wikipedia.org/wiki/The_Left_(Slovenia)
2016-04-23,The Left,3.7,Left-wing,Democratic socialism Eco-socialism Antimilitarism,https://en.wikipedia.org/wiki/The_Left_(Slovenia)
2016-05-06,The Left,5.3,Left-wing,Democratic socialism Eco-socialism Antimilitarism,https://en.wikipedia.org/wiki/The_Left_(Slovenia)
2016-05-19,The Left,8.0,Left-wing,Democratic socialism Eco-socialism Antimilitarism,https://en.wikipedia.org/wiki/The_Left_(Slovenia)
2016-05-22,The Left,4.5,Left-wing,Democratic socialism Eco-socialism Antimilitarism,https://en.wikipedia.org/wiki/The_Left_(Slovenia)
2016-06-02,The Left,6.7,Left-wing,Democratic socialism Eco-socialism Antimilitarism,https://en.wikipedia.org/wiki/The_Left_(Slovenia)
2016-06-15,The Left,8.1,Left-wing,Democratic socialism Eco-socialism Antimilitarism,https://en.wikipedia.org/wiki/The_Left_(Slovenia)
2016-06-26,The Left,3.5,Left-wing,Democratic socialism Eco-socialism Antimilitarism,https://en.wikipedia.org/wiki/The_Left_(Slovenia)
2016-07-07,The Left,4.6,Left-wing,Democratic socialism Eco-socialism Antimilitarism,https://en.wikipedia.org/wiki/The_Left_(Slovenia)
2016-07-14,The Left,6.7,Left-wing,Democratic socialism Eco-socialism Antimilitarism,https://en.wikipedia.org/wiki/The_Left_(Slovenia)
2016-07-22,The Left,3.6,Left-wing,Democratic socialism Eco-socialism Antimilitarism,https://en.wikipedia.org/wiki/The_Left_(Slovenia)
2016-08-02,The Left,4.5,Left-wing,Democratic socialism Eco-socialism Antimilitarism,https://en.wikipedia.org/wiki/The_Left_(Slovenia)
2016-08-18,The Left,6.9,Left-wing,Democratic socialism Eco-socialism Antimilitarism,https://en.wikipedia.org/wiki/The_Left_(Slovenia)
2016-08-28,The Left,2.4,Left-wing,Democratic socialism Eco-socialism Antimilitarism,https://en.wikipedia.org/wiki/The_Left_(Slovenia)
2016-09-08,The Left,6.6,Left-wing,Democratic socialism Eco-socialism Antimilitarism,https://en.wikipedia.org/wiki/The_Left_(Slovenia)
2016-09-15,The Left,8.1,Left-wing,Democratic socialism Eco-socialism Antimilitarism,https://en.wikipedia.org/wiki/The_Left_(Slovenia)
2016-09-25,The Left,2.0,Left-wing,Democratic socialism Eco-socialism Antimilitarism,https://en.wikipedia.org/wiki/The_Left_(Slovenia)
2016-10-03,The Left,6.3,Left-wing,Democratic socialism Eco-socialism Antimilitarism,https://en.wikipedia.org/wiki/The_Left_(Slovenia)
2016-10-13,The Left,7.9,Left-wing,Democratic socialism Eco-socialism Antimilitarism,https://en.wikipedia.org/wiki/The_Left_(Slovenia)
2016-10-23,The Left,3.2,Left-wing,Democratic socialism Eco-socialism Antimilitarism,https://en.wikipedia.org/wiki/The_Left_(Slovenia)
2016-10-29,The Left,3.0,Left-wing,Democratic socialism Eco-socialism Antimilitarism,https://en.wikipedia.org/wiki/The_Left_(Slovenia)
2016-11-03,The Left,6.6,Left-wing,Democratic socialism Eco-socialism Antimilitarism,https://en.wikipedia.org/wiki/The_Left_(Slovenia)
2016-11-10,The Left,7.0,Left-wing,Democratic socialism Eco-socialism Antimilitarism,https://en.wikipedia.org/wiki/The_Left_(Slovenia)
2016-11-27,The Left,2.5,Left-wing,Democratic socialism Eco-socialism Antimilitarism,https://en.wikipedia.org/wiki/The_Left_(Slovenia)
2016-12-02,The Left,8.4,Left-wing,Democratic socialism Eco-socialism Antimilitarism,https://en.wikipedia.org/wiki/The_Left_(Slovenia)
2016-12-02,The Left,4.7,Left-wing,Democratic socialism Eco-socialism Antimilitarism,https://en.wikipedia.org/wiki/The_Left_(Slovenia)
2016-12-15,The Left,7.2,Left-wing,Democratic socialism Eco-socialism Antimilitarism,https://en.wikipedia.org/wiki/The_Left_(Slovenia)
2016-12-23,The Left,3.6,Left-wing,Democratic socialism Eco-socialism Antimilitarism,https://en.wikipedia.org/wiki/The_Left_(Slovenia)
2017-01-04,The Left,6.7,Left-wing,Democratic socialism Eco-socialism Antimilitarism,https://en.wikipedia.org/wiki/The_Left_(Slovenia)
2017-01-08,The Left,4.2,Left-wing,Democratic socialism Eco-socialism Antimilitarism,https://en.wikipedia.org/wiki/The_Left_(Slovenia)
2017-01-12,The Left,7.0,Left-wing,Democratic socialism Eco-socialism Antimilitarism,https://en.wikipedia.org/wiki/The_Left_(Slovenia)
2017-01-22,The Left,2.8,Left-wing,Democratic socialism Eco-socialism Antimilitarism,https://en.wikipedia.org/wiki/The_Left_(Slovenia)
2017-02-03,The Left,8.2,Left-wing,Democratic socialism Eco-socialism Antimilitarism,https://en.wikipedia.org/wiki/The_Left_(Slovenia)
2017-02-09,The Left,5.5,Left-wing,Democratic socialism Eco-socialism Antimilitarism,https://en.wikipedia.org/wiki/The_Left_(Slovenia)
2017-02-16,The Left,6.0,Left-wing,Democratic socialism Eco-socialism Antimilitarism,https://en.wikipedia.org/wiki/The_Left_(Slovenia)
2017-02-24,The Left,3.1,Left-wing,Democratic socialism Eco-socialism Antimilitarism,https://en.wikipedia.org/wiki/The_Left_(Slovenia)
2017-03-02,The Left,7.9,Left-wing,Democratic socialism Eco-socialism Antimilitarism,https://en.wikipedia.org/wiki/The_Left_(Slovenia)
2017-03-09,The Left,3.5,Left-wing,Democratic socialism Eco-socialism Antimilitarism,https://en.wikipedia.org/wiki/The_Left_(Slovenia)
2017-03-16,The Left,5.8,Left-wing,Democratic socialism Eco-socialism Antimilitarism,https://en.wikipedia.org/wiki/The_Left_(Slovenia)
2017-03-24,The Left,3.4,Left-wing,Democratic socialism Eco-socialism Antimilitarism,https://en.wikipedia.org/wiki/The_Left_(Slovenia)
2017-04-05,The Left,8.5,Left-wing,Democratic socialism Eco-socialism Antimilitarism,https://en.wikipedia.org/wiki/The_Left_(Slovenia)
2017-04-13,The Left,5.5,Left-wing,Democratic socialism Eco-socialism Antimilitarism,https://en.wikipedia.org/wiki/The_Left_(Slovenia)
2017-04-20,The Left,6.5,Left-wing,Democratic socialism Eco-socialism Antimilitarism,https://en.wikipedia.org/wiki/The_Left_(Slovenia)
2017-04-21,The Left,5.1,Left-wing,Democratic socialism Eco-socialism Antimilitarism,https://en.wikipedia.org/wiki/The_Left_(Slovenia)
2017-05-05,The Left,9.2,Left-wing,Democratic socialism Eco-socialism Antimilitarism,https://en.wikipedia.org/wiki/The_Left_(Slovenia)
2017-05-11,The Left,7.9,Left-wing,Democratic socialism Eco-socialism Antimilitarism,https://en.wikipedia.org/wiki/The_Left_(Slovenia)
2017-05-12,The Left,5.2,Left-wing,Democratic socialism Eco-socialism Antimilitarism,https://en.wikipedia.org/wiki/The_Left_(Slovenia)
2017-05-28,The Left,3.8,Left-wing,Democratic socialism Eco-socialism Antimilitarism,https://en.wikipedia.org/wiki/The_Left_(Slovenia)
2017-06-02,The Left,8.6,Left-wing,Democratic socialism Eco-socialism Antimilitarism,https://en.wikipedia.org/wiki/The_Left_(Slovenia)
2017-06-02,The Left,4.2,Left-wing,Democratic socialism Eco-socialism Antimilitarism,https://en.wikipedia.org/wiki/The_Left_(Slovenia)
2017-06-15,The Left,7.8,Left-wing,Democratic socialism Eco-socialism Antimilitarism,https://en.wikipedia.org/wiki/The_Left_(Slovenia)
2017-06-25,The Left,4.6,Left-wing,Democratic socialism Eco-socialism Antimilitarism,https://en.wikipedia.org/wiki/The_Left_(Slovenia)
2017-07-06,The Left,8.9,Left-wing,Democratic socialism Eco-socialism Antimilitarism,https://en.wikipedia.org/wiki/The_Left_(Slovenia)
2017-07-06,The Left,7.1,Left-wing,Democratic socialism Eco-socialism Antimilitarism,https://en.wikipedia.org/wiki/The_Left_(Slovenia)
2017-07-13,The Left,8.5,Left-wing,Democratic socialism Eco-socialism Antimilitarism,https://en.wikipedia.org/wiki/The_Left_(Slovenia)
2017-07-21,The Left,3.9,Left-wing,Democratic socialism Eco-socialism Antimilitarism,https://en.wikipedia.org/wiki/The_Left_(Slovenia)
2017-08-02,The Left,7.3,Left-wing,Democratic socialism Eco-socialism Antimilitarism,https://en.wikipedia.org/wiki/The_Left_(Slovenia)
2017-08-09,The Left,7.2,Left-wing,Democratic socialism Eco-socialism Antimilitarism,https://en.wikipedia.org/wiki/The_Left_(Slovenia)
2017-08-11,The Left,4.8,Left-wing,Democratic socialism Eco-socialism Antimilitarism,https://en.wikipedia.org/wiki/The_Left_(Slovenia)
2017-08-26,The Left,4.9,Left-wing,Democratic socialism Eco-socialism Antimilitarism,https://en.wikipedia.org/wiki/The_Left_(Slovenia)
2017-09-07,The Left,7.7,Left-wing,Democratic socialism Eco-socialism Antimilitarism,https://en.wikipedia.org/wiki/The_Left_(Slovenia)
2017-09-13,The Left,8.5,Left-wing,Democratic socialism Eco-socialism Antimilitarism,https://en.wikipedia.org/wiki/The_Left_(Slovenia)
2017-09-14,The Left,6.3,Left-wing,Democratic socialism Eco-socialism Antimilitarism,https://en.wikipedia.org/wiki/The_Left_(Slovenia)
2017-09-23,The Left,4.7,Left-wing,Democratic socialism Eco-socialism Antimilitarism,https://en.wikipedia.org/wiki/The_Left_(Slovenia)
2017-10-05,The Left,6.7,Left-wing,Democratic socialism Eco-socialism Antimilitarism,https://en.wikipedia.org/wiki/The_Left_(Slovenia)
2017-10-06,The Left,3.3,Left-wing,Democratic socialism Eco-socialism Antimilitarism,https://en.wikipedia.org/wiki/The_Left_(Slovenia)
2017-11-08,The Left,7.5,Left-wing,Democratic socialism Eco-socialism Antimilitarism,https://en.wikipedia.org/wiki/The_Left_(Slovenia)
2017-11-08,The Left,3.3,Left-wing,Democratic socialism Eco-socialism Antimilitarism,https://en.wikipedia.org/wiki/The_Left_(Slovenia)
2017-11-11,The Left,4.7,Left-wing,Democratic socialism Eco-socialism Antimilitarism,https://en.wikipedia.org/wiki/The_Left_(Slovenia)
2017-11-16,The Left,5.4,Left-wing,Democratic socialism Eco-socialism Antimilitarism,https://en.wikipedia.org/wiki/The_Left_(Slovenia)
2017-12-07,The Left,5.3,Left-wing,Democratic socialism Eco-socialism Antimilitarism,https://en.wikipedia.org/wiki/The_Left_(Slovenia)
2017-12-14,The Left,5.1,Left-wing,Democratic socialism Eco-socialism Antimilitarism,https://en.wikipedia.org/wiki/The_Left_(Slovenia)
2017-12-25,The Left,5.7,Left-wing,Democratic socialism Eco-socialism Antimilitarism,https://en.wikipedia.org/wiki/The_Left_(Slovenia)
2018-01-06,The Left,4.8,Left-wing,Democratic socialism Eco-socialism Antimilitarism,https://en.wikipedia.org/wiki/The_Left_(Slovenia)
2018-01-11,The Left,3.5,Left-wing,Democratic socialism Eco-socialism Antimilitarism,https://en.wikipedia.org/wiki/The_Left_(Slovenia)
2018-01-18,The Left,5.2,Left-wing,Democratic socialism Eco-socialism Antimilitarism,https://en.wikipedia.org/wiki/The_Left_(Slovenia)
2018-01-28,The Left,5.4,Left-wing,Democratic socialism Eco-socialism Antimilitarism,https://en.wikipedia.org/wiki/The_Left_(Slovenia)
2018-02-05,The Left,6.3,Left-wing,Democratic socialism Eco-socialism Antimilitarism,https://en.wikipedia.org/wiki/The_Left_(Slovenia)
2018-02-06,The Left,5.5,Left-wing,Democratic socialism Eco-socialism Antimilitarism,https://en.wikipedia.org/wiki/The_Left_(Slovenia)
2018-02-11,The Left,4.5,Left-wing,Democratic socialism Eco-socialism Antimilitarism,https://en.wikipedia.org/wiki/The_Left_(Slovenia)
2018-02-15,The Left,5.4,Left-wing,Democratic socialism Eco-socialism Antimilitarism,https://en.wikipedia.org/wiki/The_Left_(Slovenia)
2018-02-25,The Left,4.5,Left-wing,Democratic socialism Eco-socialism Antimilitarism,https://en.wikipedia.org/wiki/The_Left_(Slovenia)
2018-03-08,The Left,4.9,Left-wing,Democratic socialism Eco-socialism Antimilitarism,https://en.wikipedia.org/wiki/The_Left_(Slovenia)
2018-03-14,The Left,3.2,Left-wing,Democratic socialism Eco-socialism Antimilitarism,https://en.wikipedia.org/wiki/The_Left_(Slovenia)
2018-03-15,The Left,3.6,Left-wing,Democratic socialism Eco-socialism Antimilitarism,https://en.wikipedia.org/wiki/The_Left_(Slovenia)
2018-03-25,The Left,4.2,Left-wing,Democratic socialism Eco-socialism Antimilitarism,https://en.wikipedia.org/wiki/The_Left_(Slovenia)
2018-04-03,The Left,6.7,Left-wing,Democratic socialism Eco-socialism Antimilitarism,https://en.wikipedia.org/wiki/The_Left_(Slovenia)
2018-04-05,The Left,4.9,Left-wing,Democratic socialism Eco-socialism Antimilitarism,https://en.wikipedia.org/wiki/The_Left_(Slovenia)
2018-04-11,The Left,5.0,Left-wing,Democratic socialism Eco-socialism Antimilitarism,https://en.wikipedia.org/wiki/The_Left_(Slovenia)
2018-04-22,The Left,8.2,Left-wing,Democratic socialism Eco-socialism Antimilitarism,https://en.wikipedia.org/wiki/The_Left_(Slovenia)
2018-04-22,The Left,4.1,Left-wing,Democratic socialism Eco-socialism Antimilitarism,https://en.wikipedia.org/wiki/The_Left_(Slovenia)
2018-05-05,The Left,6.4,Left-wing,Democratic socialism Eco-socialism Antimilitarism,https://en.wikipedia.org/wiki/The_Left_(Slovenia)
2018-05-07,The Left,6.7,Left-wing,Democratic socialism Eco-socialism Antimilitarism,https://en.wikipedia.org/wiki/The_Left_(Slovenia)
2018-05-09,The Left,6.5,Left-wing,Democratic socialism Eco-socialism Antimilitarism,https://en.wikipedia.org/wiki/The_Left_(Slovenia)
2018-05-10,The Left,5.0,Left-wing,Democratic socialism Eco-socialism Antimilitarism,https://en.wikipedia.org/wiki/The_Left_(Slovenia)
2018-05-10,The Left,5.5,Left-wing,Democratic socialism Eco-socialism Antimilitarism,https://en.wikipedia.org/wiki/The_Left_(Slovenia)
2018-05-15,The Left,4.4,Left-wing,Democratic socialism Eco-socialism Antimilitarism,https://en.wikipedia.org/wiki/The_Left_(Slovenia)
2018-05-17,The Left,4.8,Left-wing,Democratic socialism Eco-socialism Antimilitarism,https://en.wikipedia.org/wiki/The_Left_(Slovenia)
2018-05-17,The Left,2.7,Left-wing,Democratic socialism Eco-socialism Antimilitarism,https://en.wikipedia.org/wiki/The_Left_(Slovenia)
2018-05-17,The Left,4.8,Left-wing,Democratic socialism Eco-socialism Antimilitarism,https://en.wikipedia.org/wiki/The_Left_(Slovenia)
2018-05-20,The Left,4.5,Left-wing,Democratic socialism Eco-socialism Antimilitarism,https://en.wikipedia.org/wiki/The_Left_(Slovenia)
2018-05-22,The Left,4.0,Left-wing,Democratic socialism Eco-socialism Antimilitarism,https://en.wikipedia.org/wiki/The_Left_(Slovenia)
2018-05-22,The Left,5.4,Left-wing,Democratic socialism Eco-socialism Antimilitarism,https://en.wikipedia.org/wiki/The_Left_(Slovenia)
2018-05-22,The Left,8.5,Left-wing,Democratic socialism Eco-socialism Antimilitarism,https://en.wikipedia.org/wiki/The_Left_(Slovenia)
2018-05-23,The Left,4.6,Left-wing,Democratic socialism Eco-socialism Antimilitarism,https://en.wikipedia.org/wiki/The_Left_(Slovenia)
2018-05-25,The Left,3.6,Left-wing,Democratic socialism Eco-socialism Antimilitarism,https://en.wikipedia.org/wiki/The_Left_(Slovenia)
2018-05-25,The Left,4.1,Left-wing,Democratic socialism Eco-socialism Antimilitarism,https://en.wikipedia.org/wiki/The_Left_(Slovenia)
2018-05-27,The Left,7.8,Left-wing,Democratic socialism Eco-socialism Antimilitarism,https://en.wikipedia.org/wiki/The_Left_(Slovenia)
2018-05-29,The Left,5.7,Left-wing,Democratic socialism Eco-socialism Antimilitarism,https://en.wikipedia.org/wiki/The_Left_(Slovenia)
2018-05-29,The Left,3.8,Left-wing,Democratic socialism Eco-socialism Antimilitarism,https://en.wikipedia.org/wiki/The_Left_(Slovenia)
2018-05-29,The Left,6.6,Left-wing,Democratic socialism Eco-socialism Antimilitarism,https://en.wikipedia.org/wiki/The_Left_(Slovenia)
2018-05-30,The Left,6.8,Left-wing,Democratic socialism Eco-socialism Antimilitarism,https://en.wikipedia.org/wiki/The_Left_(Slovenia)
2018-05-31,The Left,6.9,Left-wing,Democratic socialism Eco-socialism Antimilitarism,https://en.wikipedia.org/wiki/The_Left_(Slovenia)
2018-05-31,The Left,7.9,Left-wing,Democratic socialism Eco-socialism Antimilitarism,https://en.wikipedia.org/wiki/The_Left_(Slovenia)
2018-05-31,The Left,8.3,Left-wing,Democratic socialism Eco-socialism Antimilitarism,https://en.wikipedia.org/wiki/The_Left_(Slovenia)
2018-05-31,The Left,7.9,Left-wing,Democratic socialism Eco-socialism Antimilitarism,https://en.wikipedia.org/wiki/The_Left_(Slovenia)
2018-06-03,The Left,9.5,Left-wing,Democratic socialism Eco-socialism Antimilitarism,https://en.wikipedia.org/wiki/The_Left_(Slovenia)
2018-06-03,The Left,9.3,Left-wing,Democratic socialism Eco-socialism Antimilitarism,https://en.wikipedia.org/wiki/The_Left_(Slovenia)
2018-06-03,The Left,9.3,Left-wing,Democratic socialism Eco-socialism Antimilitarism,https://en.wikipedia.org/wiki/The_Left_(Slovenia)
2018-06-06,The Left,7.5,Left-wing,Democratic socialism Eco-socialism Antimilitarism,https://en.wikipedia.org/wiki/The_Left_(Slovenia)
2018-06-14,The Left,8.8,Left-wing,Democratic socialism Eco-socialism Antimilitarism,https://en.wikipedia.org/wiki/The_Left_(Slovenia)
2018-06-20,The Left,9.9,Left-wing,Democratic socialism Eco-socialism Antimilitarism,https://en.wikipedia.org/wiki/The_Left_(Slovenia)
2018-07-12,The Left,7.6,Left-wing,Democratic socialism Eco-socialism Antimilitarism,https://en.wikipedia.org/wiki/The_Left_(Slovenia)
2018-08-15,The Left,6.8,Left-wing,Democratic socialism Eco-socialism Antimilitarism,https://en.wikipedia.org/wiki/The_Left_(Slovenia)
2018-08-26,The Left,6.4,Left-wing,Democratic socialism Eco-socialism Antimilitarism,https://en.wikipedia.org/wiki/The_Left_(Slovenia)
2018-09-06,The Left,6.9,Left-wing,Democratic socialism Eco-socialism Antimilitarism,https://en.wikipedia.org/wiki/The_Left_(Slovenia)
2018-09-13,The Left,6.2,Left-wing,Democratic socialism Eco-socialism Antimilitarism,https://en.wikipedia.org/wiki/The_Left_(Slovenia)
2018-09-23,The Left,6.1,Left-wing,Democratic socialism Eco-socialism Antimilitarism,https://en.wikipedia.org/wiki/The_Left_(Slovenia)
2018-10-11,The Left,5.0,Left-wing,Democratic socialism Eco-socialism Antimilitarism,https://en.wikipedia.org/wiki/The_Left_(Slovenia)
2018-11-20,The Left,8.1,Left-wing,Democratic socialism Eco-socialism Antimilitarism,https://en.wikipedia.org/wiki/The_Left_(Slovenia)
2018-11-22,The Left,6.1,Left-wing,Democratic socialism Eco-socialism Antimilitarism,https://en.wikipedia.org/wiki/The_Left_(Slovenia)
2018-12-06,The Left,6.7,Left-wing,Democratic socialism Eco-socialism Antimilitarism,https://en.wikipedia.org/wiki/The_Left_(Slovenia)
2018-12-13,The Left,6.9,Left-wing,Democratic socialism Eco-socialism Antimilitarism,https://en.wikipedia.org/wiki/The_Left_(Slovenia)
2019-01-10,The Left,6.8,Left-wing,Democratic socialism Eco-socialism Antimilitarism,https://en.wikipedia.org/wiki/The_Left_(Slovenia)
2019-01-10,The Left,7.1,Left-wing,Democratic socialism Eco-socialism Antimilitarism,https://en.wikipedia.org/wiki/The_Left_(Slovenia)
2019-02-06,The Left,5.9,Left-wing,Democratic socialism Eco-socialism Antimilitarism,https://en.wikipedia.org/wiki/The_Left_(Slovenia)
2019-02-14,The Left,6.2,Left-wing,Democratic socialism Eco-socialism Antimilitarism,https://en.wikipedia.org/wiki/The_Left_(Slovenia)
2019-03-07,The Left,8.1,Left-wing,Democratic socialism Eco-socialism Antimilitarism,https://en.wikipedia.org/wiki/The_Left_(Slovenia)
2019-03-14,The Left,6.2,Left-wing,Democratic socialism Eco-socialism Antimilitarism,https://en.wikipedia.org/wiki/The_Left_(Slovenia)
2019-04-04,The Left,4.7,Left-wing,Democratic socialism Eco-socialism Antimilitarism,https://en.wikipedia.org/wiki/The_Left_(Slovenia)
2019-04-11,The Left,6.4,Left-wing,Democratic socialism Eco-socialism Antimilitarism,https://en.wikipedia.org/wiki/The_Left_(Slovenia)
2019-05-16,The Left,6.1,Left-wing,Democratic socialism Eco-socialism Antimilitarism,https://en.wikipedia.org/wiki/The_Left_(Slovenia)
2019-05-23,The Left,6.2,Left-wing,Democratic socialism Eco-socialism Antimilitarism,https://en.wikipedia.org/wiki/The_Left_(Slovenia)
2019-06-13,The Left,6.1,Left-wing,Democratic socialism Eco-socialism Antimilitarism,https://en.wikipedia.org/wiki/The_Left_(Slovenia)
2019-07-11,The Left,7.7,Left-wing,Democratic socialism Eco-socialism Antimilitarism,https://en.wikipedia.org/wiki/The_Left_(Slovenia)
2019-07-11,The Left,6.1,Left-wing,Democratic socialism Eco-socialism Antimilitarism,https://en.wikipedia.org/wiki/The_Left_(Slovenia)
2019-08-08,The Left,6.5,Left-wing,Democratic socialism Eco-socialism Antimilitarism,https://en.wikipedia.org/wiki/The_Left_(Slovenia)
2019-08-14,The Left,6.2,Left-wing,Democratic socialism Eco-socialism Antimilitarism,https://en.wikipedia.org/wiki/The_Left_(Slovenia)
2019-08-25,The Left,4.8,Left-wing,Democratic socialism Eco-socialism Antimilitarism,https://en.wikipedia.org/wiki/The_Left_(Slovenia)
2019-09-05,The Left,6.4,Left-wing,Democratic socialism Eco-socialism Antimilitarism,https://en.wikipedia.org/wiki/The_Left_(Slovenia)
2019-09-12,The Left,6.9,Left-wing,Democratic socialism Eco-socialism Antimilitarism,https://en.wikipedia.org/wiki/The_Left_(Slovenia)
2019-09-22,The Left,7.5,Left-wing,Democratic socialism Eco-socialism Antimilitarism,https://en.wikipedia.org/wiki/The_Left_(Slovenia)
2019-10-10,The Left,5.3,Left-wing,Democratic socialism Eco-socialism Antimilitarism,https://en.wikipedia.org/wiki/The_Left_(Slovenia)
2019-10-17,The Left,6.2,Left-wing,Democratic socialism Eco-socialism Antimilitarism,https://en.wikipedia.org/wiki/The_Left_(Slovenia)
2019-11-07,The Left,11.2,Left-wing,Democratic socialism Eco-socialism Antimilitarism,https://en.wikipedia.org/wiki/The_Left_(Slovenia)
2019-11-07,The Left,8.9,Left-wing,Democratic socialism Eco-socialism Antimilitarism,https://en.wikipedia.org/wiki/The_Left_(Slovenia)
2019-11-14,The Left,6.6,Left-wing,Democratic socialism Eco-socialism Antimilitarism,https://en.wikipedia.org/wiki/The_Left_(Slovenia)
2019-11-24,The Left,8.8,Left-wing,Democratic socialism Eco-socialism Antimilitarism,https://en.wikipedia.org/wiki/The_Left_(Slovenia)
2019-12-05,The Left,8.4,Left-wing,Democratic socialism Eco-socialism Antimilitarism,https://en.wikipedia.org/wiki/The_Left_(Slovenia)
2019-12-05,The Left,7.0,Left-wing,Democratic socialism Eco-socialism Antimilitarism,https://en.wikipedia.org/wiki/The_Left_(Slovenia)
2019-12-12,The Left,6.5,Left-wing,Democratic socialism Eco-socialism Antimilitarism,https://en.wikipedia.org/wiki/The_Left_(Slovenia)
2020-01-09,The Left,7.0,Left-wing,Democratic socialism Eco-socialism Antimilitarism,https://en.wikipedia.org/wiki/The_Left_(Slovenia)
2020-01-16,The Left,9.2,Left-wing,Democratic socialism Eco-socialism Antimilitarism,https://en.wikipedia.org/wiki/The_Left_(Slovenia)
2020-01-16,The Left,6.0,Left-wing,Democratic socialism Eco-socialism Antimilitarism,https://en.wikipedia.org/wiki/The_Left_(Slovenia)
2020-01-29,The Left,4.6,Left-wing,Democratic socialism Eco-socialism Antimilitarism,https://en.wikipedia.org/wiki/The_Left_(Slovenia)
2020-02-03,The Left,7.9,Left-wing,Democratic socialism Eco-socialism Antimilitarism,https://en.wikipedia.org/wiki/The_Left_(Slovenia)
2020-02-05,The Left,5.2,Left-wing,Democratic socialism Eco-socialism Antimilitarism,https://en.wikipedia.org/wiki/The_Left_(Slovenia)
2020-02-13,The Left,5.3,Left-wing,Democratic socialism Eco-socialism Antimilitarism,https://en.wikipedia.org/wiki/The_Left_(Slovenia)
2020-02-13,The Left,4.9,Left-wing,Democratic socialism Eco-socialism Antimilitarism,https://en.wikipedia.org/wiki/The_Left_(Slovenia)
2020-02-20,The Left,5.4,Left-wing,Democratic socialism Eco-socialism Antimilitarism,https://en.wikipedia.org/wiki/The_Left_(Slovenia)
2020-02-28,The Left,4.7,Left-wing,Democratic socialism Eco-socialism Antimilitarism,https://en.wikipedia.org/wiki/The_Left_(Slovenia)
2020-03-05,The Left,7.0,Left-wing,Democratic socialism Eco-socialism Antimilitarism,https://en.wikipedia.org/wiki/The_Left_(Slovenia)
2020-03-12,The Left,6.4,Left-wing,Democratic socialism Eco-socialism Antimilitarism,https://en.wikipedia.org/wiki/The_Left_(Slovenia)
2020-03-19,The Left,8.8,Left-wing,Democratic socialism Eco-socialism Antimilitarism,https://en.wikipedia.org/wiki/The_Left_(Slovenia)
2020-04-09,The Left,6.6,Left-wing,Democratic socialism Eco-socialism Antimilitarism,https://en.wikipedia.org/wiki/The_Left_(Slovenia)
2020-04-16,The Left,6.2,Left-wing,Democratic socialism Eco-socialism Antimilitarism,https://en.wikipedia.org/wiki/The_Left_(Slovenia)
2020-05-08,The Left,7.9,Left-wing,Democratic socialism Eco-socialism Antimilitarism,https://en.wikipedia.org/wiki/The_Left_(Slovenia)
2020-05-08,The Left,9.5,Left-wing,Democratic socialism Eco-socialism Antimilitarism,https://en.wikipedia.org/wiki/The_Left_(Slovenia)
2020-05-13,The Left,6.1,Left-wing,Democratic socialism Eco-socialism Antimilitarism,https://en.wikipedia.org/wiki/The_Left_(Slovenia)
2020-05-21,The Left,7.3,Left-wing,Democratic socialism Eco-socialism Antimilitarism,https://en.wikipedia.org/wiki/The_Left_(Slovenia)
2020-05-22,The Left,6.3,Left-wing,Democratic socialism Eco-socialism Antimilitarism,https://en.wikipedia.org/wiki/The_Left_(Slovenia)
2020-06-04,The Left,7.1,Left-wing,Democratic socialism Eco-socialism Antimilitarism,https://en.wikipedia.org/wiki/The_Left_(Slovenia)
2020-06-11,The Left,8.2,Left-wing,Democratic socialism Eco-socialism Antimilitarism,https://en.wikipedia.org/wiki/The_Left_(Slovenia)
2020-06-17,The Left,5.9,Left-wing,Democratic socialism Eco-socialism Antimilitarism,https://en.wikipedia.org/wiki/The_Left_(Slovenia)
2020-07-02,The Left,6.5,Left-wing,Democratic socialism Eco-socialism Antimilitarism,https://en.wikipedia.org/wiki/The_Left_(Slovenia)
2020-07-09,The Left,6.6,Left-wing,Democratic socialism Eco-socialism Antimilitarism,https://en.wikipedia.org/wiki/The_Left_(Slovenia)
2020-07-16,The Left,6.7,Left-wing,Democratic socialism Eco-socialism Antimilitarism,https://en.wikipedia.org/wiki/The_Left_(Slovenia)
2020-08-06,The Left,7.1,Left-wing,Democratic socialism Eco-socialism Antimilitarism,https://en.wikipedia.org/wiki/The_Left_(Slovenia)
2020-08-13,The Left,6.6,Left-wing,Democratic socialism Eco-socialism Antimilitarism,https://en.wikipedia.org/wiki/The_Left_(Slovenia)
2020-08-24,The Left,6.8,Left-wing,Democratic socialism Eco-socialism Antimilitarism,https://en.wikipedia.org/wiki/The_Left_(Slovenia)
2020-08-24,The Left,8.0,Left-wing,Democratic socialism Eco-socialism Antimilitarism,https://en.wikipedia.org/wiki/The_Left_(Slovenia)
2020-09-10,The Left,6.2,Left-wing,Democratic socialism Eco-socialism Antimilitarism,https://en.wikipedia.org/wiki/The_Left_(Slovenia)
2020-09-17,The Left,7.2,Left-wing,Democratic socialism Eco-socialism Antimilitarism,https://en.wikipedia.org/wiki/The_Left_(Slovenia)
2020-09-18,The Left,5.3,Left-wing,Democratic socialism Eco-socialism Antimilitarism,https://en.wikipedia.org/wiki/The_Left_(Slovenia)
2020-09-28,The Left,5.9,Left-wing,Democratic socialism Eco-socialism Antimilitarism,https://en.wikipedia.org/wiki/The_Left_(Slovenia)
2020-10-08,The Left,7.9,Left-wing,Democratic socialism Eco-socialism Antimilitarism,https://en.wikipedia.org/wiki/The_Left_(Slovenia)
2020-10-15,The Left,8.0,Left-wing,Democratic socialism Eco-socialism Antimilitarism,https://en.wikipedia.org/wiki/The_Left_(Slovenia)
2020-11-04,The Left,5.9,Left-wing,Democratic socialism Eco-socialism Antimilitarism,https://en.wikipedia.org/wiki/The_Left_(Slovenia)
2020-11-05,The Left,8.5,Left-wing,Democratic socialism Eco-socialism Antimilitarism,https://en.wikipedia.org/wiki/The_Left_(Slovenia)
2020-11-12,The Left,8.2,Left-wing,Democratic socialism Eco-socialism Antimilitarism,https://en.wikipedia.org/wiki/The_Left_(Slovenia)
2020-11-23,The Left,8.7,Left-wing,Democratic socialism Eco-socialism Antimilitarism,https://en.wikipedia.org/wiki/The_Left_(Slovenia)
2020-12-09,The Left,5.6,Left-wing,Democratic socialism Eco-socialism Antimilitarism,https://en.wikipedia.org/wiki/The_Left_(Slovenia)
2020-12-09,The Left,9.4,Left-wing,Democratic socialism Eco-socialism Antimilitarism,https://en.wikipedia.org/wiki/The_Left_(Slovenia)
2020-12-17,The Left,9.1,Left-wing,Democratic socialism Eco-socialism Antimilitarism,https://en.wikipedia.org/wiki/The_Left_(Slovenia)
2020-12-23,The Left,7.2,Left-wing,Democratic socialism Eco-socialism Antimilitarism,https://en.wikipedia.org/wiki/The_Left_(Slovenia)
2021-01-07,The Left,9.6,Left-wing,Democratic socialism Eco-socialism Antimilitarism,https://en.wikipedia.org/wiki/The_Left_(Slovenia)
2021-01-14,The Left,10.1,Left-wing,Democratic socialism Eco-socialism Antimilitarism,https://en.wikipedia.org/wiki/The_Left_(Slovenia)
2021-01-25,The Left,6.9,Left-wing,Democratic socialism Eco-socialism Antimilitarism,https://en.wikipedia.org/wiki/The_Left_(Slovenia)
2021-01-28,The Left,7.7,Left-wing,Democratic socialism Eco-socialism Antimilitarism,https://en.wikipedia.org/wiki/The_Left_(Slovenia)
2021-02-11,The Left,8.8,Left-wing,Democratic socialism Eco-socialism Antimilitarism,https://en.wikipedia.org/wiki/The_Left_(Slovenia)
2021-02-11,The Left,10.0,Left-wing,Democratic socialism Eco-socialism Antimilitarism,https://en.wikipedia.org/wiki/The_Left_(Slovenia)
2021-03-01,The Left,8.2,Left-wing,Democratic socialism Eco-socialism Antimilitarism,https://en.wikipedia.org/wiki/The_Left_(Slovenia)
2021-03-04,The Left,6.6,Left-wing,Democratic socialism Eco-socialism Antimilitarism,https://en.wikipedia.org/wiki/The_Left_(Slovenia)
2021-03-11,The Left,7.7,Left-wing,Democratic socialism Eco-socialism Antimilitarism,https://en.wikipedia.org/wiki/The_Left_(Slovenia)
2021-03-12,The Left,9.0,Left-wing,Democratic socialism Eco-socialism Antimilitarism,https://en.wikipedia.org/wiki/The_Left_(Slovenia)
2021-03-25,The Left,10.0,Left-wing,Democratic socialism Eco-socialism Antimilitarism,https://en.wikipedia.org/wiki/The_Left_(Slovenia)
2021-03-29,The Left,8.3,Left-wing,Democratic socialism Eco-socialism Antimilitarism,https://en.wikipedia.org/wiki/The_Left_(Slovenia)
2021-04-08,The Left,8.4,Left-wing,Democratic socialism Eco-socialism Antimilitarism,https://en.wikipedia.org/wiki/The_Left_(Slovenia)
2021-04-14,The Left,6.4,Left-wing,Democratic socialism Eco-socialism Antimilitarism,https://en.wikipedia.org/wiki/The_Left_(Slovenia)
2021-04-15,The Left,6.9,Left-wing,Democratic socialism Eco-socialism Antimilitarism,https://en.wikipedia.org/wiki/The_Left_(Slovenia)
2021-04-26,The Left,7.9,Left-wing,Democratic socialism Eco-socialism Antimilitarism,https://en.wikipedia.org/wiki/The_Left_(Slovenia)
2021-05-05,The Left,7.6,Left-wing,Democratic socialism Eco-socialism Antimilitarism,https://en.wikipedia.org/wiki/The_Left_(Slovenia)
2021-05-13,The Left,5.0,Left-wing,Democratic socialism Eco-socialism Antimilitarism,https://en.wikipedia.org/wiki/The_Left_(Slovenia)
2021-05-13,The Left,7.3,Left-wing,Democratic socialism Eco-socialism Antimilitarism,https://en.wikipedia.org/wiki/The_Left_(Slovenia)
2021-05-24,The Left,8.4,Left-wing,Democratic socialism Eco-socialism Antimilitarism,https://en.wikipedia.org/wiki/The_Left_(Slovenia)
2021-05-26,The Left,4.8,Left-wing,Democratic socialism Eco-socialism Antimilitarism,https://en.wikipedia.org/wiki/The_Left_(Slovenia)
2021-06-15,The Left,10.0,Left-wing,Democratic socialism Eco-socialism Antimilitarism,https://en.wikipedia.org/wiki/The_Left_(Slovenia)
2021-06-18,The Left,5.3,Left-wing,Democratic socialism Eco-socialism Antimilitarism,https://en.wikipedia.org/wiki/The_Left_(Slovenia)
2021-09-02,The Left,8.5,Left-wing,Democratic socialism Eco-socialism Antimilitarism,https://en.wikipedia.org/wiki/The_Left_(Slovenia)
2021-09-30,The Left,4.3,Left-wing,Democratic socialism Eco-socialism Antimilitarism,https://en.wikipedia.org/wiki/The_Left_(Slovenia)
2021-10-15,The Left,6.3,Left-wing,Democratic socialism Eco-socialism Antimilitarism,https://en.wikipedia.org/wiki/The_Left_(Slovenia)
2021-11-04,The Left,6.7,Left-wing,Democratic socialism Eco-socialism Antimilitarism,https://en.wikipedia.org/wiki/The_Left_(Slovenia)
2021-11-16,The Left,5.2,Left-wing,Democratic socialism Eco-socialism Antimilitarism,https://en.wikipedia.org/wiki/The_Left_(Slovenia)
2021-12-02,The Left,8.6,Left-wing,Democratic socialism Eco-socialism Antimilitarism,https://en.wikipedia.org/wiki/The_Left_(Slovenia)
2021-12-07,The Left,7.5,Left-wing,Democratic socialism Eco-socialism Antimilitarism,https://en.wikipedia.org/wiki/The_Left_(Slovenia)
2021-12-16,The Left,6.6,Left-wing,Democratic socialism Eco-socialism Antimilitarism,https://en.wikipedia.org/wiki/The_Left_(Slovenia)
2021-12-29,The Left,4.4,Left-wing,Democratic socialism Eco-socialism Antimilitarism,https://en.wikipedia.org/wiki/The_Left_(Slovenia)
2022-01-06,The Left,5.9,Left-wing,Democratic socialism Eco-socialism Antimilitarism,https://en.wikipedia.org/wiki/The_Left_(Slovenia)
2022-01-13,The Left,5.9,Left-wing,Democratic socialism Eco-socialism Antimilitarism,https://en.wikipedia.org/wiki/The_Left_(Slovenia)
2022-01-27,The Left,6.1,Left-wing,Democratic socialism Eco-socialism Antimilitarism,https://en.wikipedia.org/wiki/The_Left_(Slovenia)
2022-01-28,The Left,4.7,Left-wing,Democratic socialism Eco-socialism Antimilitarism,https://en.wikipedia.org/wiki/The_Left_(Slovenia)
2022-02-03,The Left,7.0,Left-wing,Democratic socialism Eco-socialism Antimilitarism,https://en.wikipedia.org/wiki/The_Left_(Slovenia)
2022-02-10,The Left,5.1,Left-wing,Democratic socialism Eco-socialism Antimilitarism,https://en.wikipedia.org/wiki/The_Left_(Slovenia)
2022-02-10,The Left,7.5,Left-wing,Democratic socialism Eco-socialism Antimilitarism,https://en.wikipedia.org/wiki/The_Left_(Slovenia)
2022-02-16,The Left,6.3,Left-wing,Democratic socialism Eco-socialism Antimilitarism,https://en.wikipedia.org/wiki/The_Left_(Slovenia)
2022-02-23,The Left,7.9,Left-wing,Democratic socialism Eco-socialism Antimilitarism,https://en.wikipedia.org/wiki/The_Left_(Slovenia)
2022-02-24,The Left,6.1,Left-wing,Democratic socialism Eco-socialism Antimilitarism,https://en.wikipedia.org/wiki/The_Left_(Slovenia)
2022-02-25,The Left,5.2,Left-wing,Democratic socialism Eco-socialism Antimilitarism,https://en.wikipedia.org/wiki/The_Left_(Slovenia)
2022-03-03,The Left,5.6,Left-wing,Democratic socialism Eco-socialism Antimilitarism,https://en.wikipedia.org/wiki/The_Left_(Slovenia)
2022-03-10,The Left,7.6,Left-wing,Democratic socialism Eco-socialism Antimilitarism,https://en.wikipedia.org/wiki/The_Left_(Slovenia)
2022-03-10,The Left,7.5,Left-wing,Democratic socialism Eco-socialism Antimilitarism,https://en.wikipedia.org/wiki/The_Left_(Slovenia)
2022-03-17,The Left,2.7,Left-wing,Democratic socialism Eco-socialism Antimilitarism,https://en.wikipedia.org/wiki/The_Left_(Slovenia)
2022-03-23,The Left,4.3,Left-wing,Democratic socialism Eco-socialism Antimilitarism,https://en.wikipedia.org/wiki/The_Left_(Slovenia)
2022-03-24,The Left,7.9,Left-wing,Democratic socialism Eco-socialism Antimilitarism,https://en.wikipedia.org/wiki/The_Left_(Slovenia)
2022-03-24,The Left,7.2,Left-wing,Democratic socialism Eco-socialism Antimilitarism,https://en.wikipedia.org/wiki/The_Left_(Slovenia)
2022-03-31,The Left,6.1,Left-wing,Democratic socialism Eco-socialism Antimilitarism,https://en.wikipedia.org/wiki/The_Left_(Slovenia)
2022-03-31,The Left,6.4,Left-wing,Democratic socialism Eco-socialism Antimilitarism,https://en.wikipedia.org/wiki/The_Left_(Slovenia)
2022-04-01,The Left,6.0,Left-wing,Democratic socialism Eco-socialism Antimilitarism,https://en.wikipedia.org/wiki/The_Left_(Slovenia)
2022-04-06,The Left,3.4,Left-wing,Democratic socialism Eco-socialism Antimilitarism,https://en.wikipedia.org/wiki/The_Left_(Slovenia)
2022-04-07,The Left,5.8,Left-wing,Democratic socialism Eco-socialism Antimilitarism,https://en.wikipedia.org/wiki/The_Left_(Slovenia)
2022-04-07,The Left,10.1,Left-wing,Democratic socialism Eco-socialism Antimilitarism,https://en.wikipedia.org/wiki/The_Left_(Slovenia)
2022-04-13,The Left,5.8,Left-wing,Democratic socialism Eco-socialism Antimilitarism,https://en.wikipedia.org/wiki/The_Left_(Slovenia)
2022-04-13,The Left,8.8,Left-wing,Democratic socialism Eco-socialism Antimilitarism,https://en.wikipedia.org/wiki/The_Left_(Slovenia)
2022-04-14,The Left,5.3,Left-wing,Democratic socialism Eco-socialism Antimilitarism,https://en.wikipedia.org/wiki/The_Left_(Slovenia)
2022-04-14,The Left,8.2,Left-wing,Democratic socialism Eco-socialism Antimilitarism,https://en.wikipedia.org/wiki/The_Left_(Slovenia)
2022-04-15,The Left,8.0,Left-wing,Democratic socialism Eco-socialism Antimilitarism,https://en.wikipedia.org/wiki/The_Left_(Slovenia)
2022-04-15,The Left,3.4,Left-wing,Democratic socialism Eco-socialism Antimilitarism,https://en.wikipedia.org/wiki/The_Left_(Slovenia)
2022-04-16,The Left,8.1,Left-wing,Democratic socialism Eco-socialism Antimilitarism,https://en.wikipedia.org/wiki/The_Left_(Slovenia)
2022-04-19,The Left,2.7,Left-wing,Democratic socialism Eco-socialism Antimilitarism,https://en.wikipedia.org/wiki/The_Left_(Slovenia)
2022-04-19,The Left,7.7,Left-wing,Democratic socialism Eco-socialism Antimilitarism,https://en.wikipedia.org/wiki/The_Left_(Slovenia)
2022-04-20,The Left,7.2,Left-wing,Democratic socialism Eco-socialism Antimilitarism,https://en.wikipedia.org/wiki/The_Left_(Slovenia)
2022-04-21,The Left,7.4,Left-wing,Democratic socialism Eco-socialism Antimilitarism,https://en.wikipedia.org/wiki/The_Left_(Slovenia)
2022-04-21,The Left,7.2,Left-wing,Democratic socialism Eco-socialism Antimilitarism,https://en.wikipedia.org/wiki/The_Left_(Slovenia)
2022-04-21,The Left,4.0,Left-wing,Democratic socialism Eco-socialism Antimilitarism,https://en.wikipedia.org/wiki/The_Left_(Slovenia)
2022-04-22,The Left,6.9,Left-wing,Democratic socialism Eco-socialism Antimilitarism,https://en.wikipedia.org/wiki/The_Left_(Slovenia)
2022-04-24,The Left,4.4,Left-wing,Democratic socialism Eco-socialism Antimilitarism,https://en.wikipedia.org/wiki/The_Left_(Slovenia)
2022-04-24,The Left,4.4,Left-wing,Democratic socialism Eco-socialism Antimilitarism,https://en.wikipedia.org/wiki/The_Left_(Slovenia)
2022-01-06,Vesna - Green Party,0.7,Centre-left,Green politics Pro-Europeanism,https://en.wikipedia.org/wiki/Vesna_%E2%80%93_Green_Party
2022-01-13,Vesna - Green Party,1.9,Centre-left,Green politics Pro-Europeanism,https://en.wikipedia.org/wiki/Vesna_%E2%80%93_Green_Party
2022-01-27,Vesna - Green Party,0.5,Centre-left,Green politics Pro-Europeanism,https://en.wikipedia.org/wiki/Vesna_%E2%80%93_Green_Party
2022-01-28,Vesna - Green Party,1.0,Centre-left,Green politics Pro-Europeanism,https://en.wikipedia.org/wiki/Vesna_%E2%80%93_Green_Party
2022-02-10,Vesna - Green Party,1.9,Centre-left,Green politics Pro-Europeanism,https://en.wikipedia.org/wiki/Vesna_%E2%80%93_Green_Party
2022-02-10,Vesna - Green Party,0.9,Centre-left,Green politics Pro-Europeanism,https://en.wikipedia.org/wiki/Vesna_%E2%80%93_Green_Party
2022-02-16,Vesna - Green Party,1.7,Centre-left,Green politics Pro-Europeanism,https://en.wikipedia.org/wiki/Vesna_%E2%80%93_Green_Party
2022-02-23,Vesna - Green Party,0.9,Centre-left,Green politics Pro-Europeanism,https://en.wikipedia.org/wiki/Vesna_%E2%80%93_Green_Party
2022-02-24,Vesna - Green Party,0.6,Centre-left,Green politics Pro-Europeanism,https://en.wikipedia.org/wiki/Vesna_%E2%80%93_Green_Party
2022-02-25,Vesna - Green Party,0.9,Centre-left,Green politics Pro-Europeanism,https://en.wikipedia.org/wiki/Vesna_%E2%80%93_Green_Party
2022-03-03,Vesna - Green Party,2.3,Centre-left,Green politics Pro-Europeanism,https://en.wikipedia.org/wiki/Vesna_%E2%80%93_Green_Party
2022-03-10,Vesna - Green Party,0.5,Centre-left,Green politics Pro-Europeanism,https://en.wikipedia.org/wiki/Vesna_%E2%80%93_Green_Party
2022-03-10,Vesna - Green Party,1.3,Centre-left,Green politics Pro-Europeanism,https://en.wikipedia.org/wiki/Vesna_%E2%80%93_Green_Party
2022-03-17,Vesna - Green Party,0.3,Centre-left,Green politics Pro-Europeanism,https://en.wikipedia.org/wiki/Vesna_%E2%80%93_Green_Party
2022-03-23,Vesna - Green Party,0.4,Centre-left,Green politics Pro-Europeanism,https://en.wikipedia.org/wiki/Vesna_%E2%80%93_Green_Party
2022-03-24,Vesna - Green Party,0.8,Centre-left,Green politics Pro-Europeanism,https://en.wikipedia.org/wiki/Vesna_%E2%80%93_Green_Party
2022-03-24,Vesna - Green Party,0.9,Centre-left,Green politics Pro-Europeanism,https://en.wikipedia.org/wiki/Vesna_%E2%80%93_Green_Party
2022-03-31,Vesna - Green Party,0.5,Centre-left,Green politics Pro-Europeanism,https://en.wikipedia.org/wiki/Vesna_%E2%80%93_Green_Party
2022-03-31,Vesna - Green Party,1.0,Centre-left,Green politics Pro-Europeanism,https://en.wikipedia.org/wiki/Vesna_%E2%80%93_Green_Party
2022-04-01,Vesna - Green Party,0.7,Centre-left,Green politics Pro-Europeanism,https://en.wikipedia.org/wiki/Vesna_%E2%80%93_Green_Party
2022-04-06,Vesna - Green Party,0.7,Centre-left,Green politics Pro-Europeanism,https://en.wikipedia.org/wiki/Vesna_%E2%80%93_Green_Party
2022-04-07,Vesna - Green Party,0.9,Centre-left,Green politics Pro-Europeanism,https://en.wikipedia.org/wiki/Vesna_%E2%80%93_Green_Party
2022-04-07,Vesna - Green Party,1.1,Centre-left,Green politics Pro-Europeanism,https://en.wikipedia.org/wiki/Vesna_%E2%80%93_Green_Party
2022-04-13,Vesna - Green Party,1.0,Centre-left,Green politics Pro-Europeanism,https://en.wikipedia.org/wiki/Vesna_%E2%80%93_Green_Party
2022-04-13,Vesna - Green Party,1.1,Centre-left,Green politics Pro-Europeanism,https://en.wikipedia.org/wiki/Vesna_%E2%80%93_Green_Party
2022-04-14,Vesna - Green Party,1.2,Centre-left,Green politics Pro-Europeanism,https://en.wikipedia.org/wiki/Vesna_%E2%80%93_Green_Party
2022-04-14,Vesna - Green Party,1.3,Centre-left,Green politics Pro-Europeanism,https://en.wikipedia.org/wiki/Vesna_%E2%80%93_Green_Party
2022-04-15,Vesna - Green Party,1.4,Centre-left,Green politics Pro-Europeanism,https://en.wikipedia.org/wiki/Vesna_%E2%80%93_Green_Party
2022-04-15,Vesna - Green Party,1.1,Centre-left,Green politics Pro-Europeanism,https://en.wikipedia.org/wiki/Vesna_%E2%80%93_Green_Party
2022-04-16,Vesna - Green Party,1.6,Centre-left,Green politics Pro-Europeanism,https://en.wikipedia.org/wiki/Vesna_%E2%80%93_Green_Party
2022-04-19,Vesna - Green Party,1.3,Centre-left,Green politics Pro-Europeanism,https://en.wikipedia.org/wiki/Vesna_%E2%80%93_Green_Party
2022-04-19,Vesna - Green Party,1.2,Centre-left,Green politics Pro-Europeanism,https://en.wikipedia.org/wiki/Vesna_%E2%80%93_Green_Party
2022-04-20,Vesna - Green Party,1.6,Centre-left,Green politics Pro-Europeanism,https://en.wikipedia.org/wiki/Vesna_%E2%80%93_Green_Party
2022-04-21,Vesna - Green Party,1.9,Centre-left,Green politics Pro-Europeanism,https://en.wikipedia.org/wiki/Vesna_%E2%80%93_Green_Party
2022-04-21,Vesna - Green Party,0.9,Centre-left,Green politics Pro-Europeanism,https://en.wikipedia.org/wiki/Vesna_%E2%80%93_Green_Party
2022-04-21,Vesna - Green Party,1.1,Centre-left,Green politics Pro-Europeanism,https://en.wikipedia.org/wiki/Vesna_%E2%80%93_Green_Party
2022-04-22,Vesna - Green Party,2.3,Centre-left,Green politics Pro-Europeanism,https://en.wikipedia.org/wiki/Vesna_%E2%80%93_Green_Party
2022-04-24,Vesna - Green Party,1.4,Centre-left,Green politics Pro-Europeanism,https://en.wikipedia.org/wiki/Vesna_%E2%80%93_Green_Party
2022-04-24,Vesna - Green Party,1.4,Centre-left,Green politics Pro-Europeanism,https://en.wikipedia.org/wiki/Vesna_%E2%80%93_Green_Party
2016-09-08,Voice for Children and Families,1.0,Right-wing,Christian democracy Political Catholicism Social conservatism Populism,https://en.wikipedia.org/wiki/Voice_for_Children_and_Families
2016-10-29,Voice for Children and Families,2.2,Right-wing,Christian democracy Political Catholicism Social conservatism Populism,https://en.wikipedia.org/wiki/Voice_for_Children_and_Families
2016-11-03,Voice for Children and Families,1.3,Right-wing,Christian democracy Political Catholicism Social conservatism Populism,https://en.wikipedia.org/wiki/Voice_for_Children_and_Families
2016-12-02,Voice for Children and Families,1.8,Right-wing,Christian democracy Political Catholicism Social conservatism Populism,https://en.wikipedia.org/wiki/Voice_for_Children_and_Families
2016-12-02,Voice for Children and Families,1.4,Right-wing,Christian democracy Political Catholicism Social conservatism Populism,https://en.wikipedia.org/wiki/Voice_for_Children_and_Families
2017-01-08,Voice for Children and Families,3.8,Right-wing,Christian democracy Political Catholicism Social conservatism Populism,https://en.wikipedia.org/wiki/Voice_for_Children_and_Families
2017-02-09,Voice for Children and Families,2.4,Right-wing,Christian democracy Political Catholicism Social conservatism Populism,https://en.wikipedia.org/wiki/Voice_for_Children_and_Families
2017-03-09,Voice for Children and Families,0.9,Right-wing,Christian democracy Political Catholicism Social conservatism Populism,https://en.wikipedia.org/wiki/Voice_for_Children_and_Families
2017-04-05,Voice for Children and Families,3.4,Right-wing,Christian democracy Political Catholicism Social conservatism Populism,https://en.wikipedia.org/wiki/Voice_for_Children_and_Families
2017-04-13,Voice for Children and Families,3.8,Right-wing,Christian democracy Political Catholicism Social conservatism Populism,https://en.wikipedia.org/wiki/Voice_for_Children_and_Families
2017-04-21,Voice for Children and Families,2.7,Right-wing,Christian democracy Political Catholicism Social conservatism Populism,https://en.wikipedia.org/wiki/Voice_for_Children_and_Families
2017-05-05,Voice for Children and Families,2.3,Right-wing,Christian democracy Political Catholicism Social conservatism Populism,https://en.wikipedia.org/wiki/Voice_for_Children_and_Families
2017-05-12,Voice for Children and Families,1.4,Right-wing,Christian democracy Political Catholicism Social conservatism Populism,https://en.wikipedia.org/wiki/Voice_for_Children_and_Families
2017-05-28,Voice for Children and Families,3.0,Right-wing,Christian democracy Political Catholicism Social conservatism Populism,https://en.wikipedia.org/wiki/Voice_for_Children_and_Families
2017-06-02,Voice for Children and Families,3.0,Right-wing,Christian democracy Political Catholicism Social conservatism Populism,https://en.wikipedia.org/wiki/Voice_for_Children_and_Families
2017-06-02,Voice for Children and Families,1.7,Right-wing,Christian democracy Political Catholicism Social conservatism Populism,https://en.wikipedia.org/wiki/Voice_for_Children_and_Families
2017-06-25,Voice for Children and Families,0.8,Right-wing,Christian democracy Political Catholicism Social conservatism Populism,https://en.wikipedia.org/wiki/Voice_for_Children_and_Families
2017-07-06,Voice for Children and Families,2.9,Right-wing,Christian democracy Political Catholicism Social conservatism Populism,https://en.wikipedia.org/wiki/Voice_for_Children_and_Families
2017-07-06,Voice for Children and Families,0.7,Right-wing,Christian democracy Political Catholicism Social conservatism Populism,https://en.wikipedia.org/wiki/Voice_for_Children_and_Families
2017-07-21,Voice for Children and Families,1.5,Right-wing,Christian democracy Political Catholicism Social conservatism Populism,https://en.wikipedia.org/wiki/Voice_for_Children_and_Families
2017-08-02,Voice for Children and Families,3.4,Right-wing,Christian democracy Political Catholicism Social conservatism Populism,https://en.wikipedia.org/wiki/Voice_for_Children_and_Families
2017-08-11,Voice for Children and Families,2.2,Right-wing,Christian democracy Political Catholicism Social conservatism Populism,https://en.wikipedia.org/wiki/Voice_for_Children_and_Families
2017-08-26,Voice for Children and Families,1.2,Right-wing,Christian democracy Political Catholicism Social conservatism Populism,https://en.wikipedia.org/wiki/Voice_for_Children_and_Families
2017-09-07,Voice for Children and Families,1.7,Right-wing,Christian democracy Political Catholicism Social conservatism Populism,https://en.wikipedia.org/wiki/Voice_for_Children_and_Families
2017-09-13,Voice for Children and Families,1.7,Right-wing,Christian democracy Political Catholicism Social conservatism Populism,https://en.wikipedia.org/wiki/Voice_for_Children_and_Families
2017-09-23,Voice for Children and Families,0.5,Right-wing,Christian democracy Political Catholicism Social conservatism Populism,https://en.wikipedia.org/wiki/Voice_for_Children_and_Families
2017-10-05,Voice for Children and Families,2.1,Right-wing,Christian democracy Political Catholicism Social conservatism Populism,https://en.wikipedia.org/wiki/Voice_for_Children_and_Families
2017-10-06,Voice for Children and Families,2.1,Right-wing,Christian democracy Political Catholicism Social conservatism Populism,https://en.wikipedia.org/wiki/Voice_for_Children_and_Families
2017-11-08,Voice for Children and Families,2.1,Right-wing,Christian democracy Political Catholicism Social conservatism Populism,https://en.wikipedia.org/wiki/Voice_for_Children_and_Families
2017-11-11,Voice for Children and Families,1.2,Right-wing,Christian democracy Political Catholicism Social conservatism Populism,https://en.wikipedia.org/wiki/Voice_for_Children_and_Families
2017-12-25,Voice for Children and Families,1.6,Right-wing,Christian democracy Political Catholicism Social conservatism Populism,https://en.wikipedia.org/wiki/Voice_for_Children_and_Families
2018-01-11,Voice for Children and Families,0.8,Right-wing,Christian democracy Political Catholicism Social conservatism Populism,https://en.wikipedia.org/wiki/Voice_for_Children_and_Families
2018-01-28,Voice for Children and Families,1.0,Right-wing,Christian democracy Political Catholicism Social conservatism Populism,https://en.wikipedia.org/wiki/Voice_for_Children_and_Families
2018-02-05,Voice for Children and Families,1.7,Right-wing,Christian democracy Political Catholicism Social conservatism Populism,https://en.wikipedia.org/wiki/Voice_for_Children_and_Families
2018-02-11,Voice for Children and Families,1.3,Right-wing,Christian democracy Political Catholicism Social conservatism Populism,https://en.wikipedia.org/wiki/Voice_for_Children_and_Families
2018-03-14,Voice for Children and Families,0.5,Right-wing,Christian democracy Political Catholicism Social conservatism Populism,https://en.wikipedia.org/wiki/Voice_for_Children_and_Families
2018-03-25,Voice for Children and Families,1.0,Right-wing,Christian democracy Political Catholicism Social conservatism Populism,https://en.wikipedia.org/wiki/Voice_for_Children_and_Families
2018-04-03,Voice for Children and Families,1.3,Right-wing,Christian democracy Political Catholicism Social conservatism Populism,https://en.wikipedia.org/wiki/Voice_for_Children_and_Families
2018-04-22,Voice for Children and Families,1.4,Right-wing,Christian democracy Political Catholicism Social conservatism Populism,https://en.wikipedia.org/wiki/Voice_for_Children_and_Families
2018-04-22,Voice for Children and Families,0.6,Right-wing,Christian democracy Political Catholicism Social conservatism Populism,https://en.wikipedia.org/wiki/Voice_for_Children_and_Families
2018-05-05,Voice for Children and Families,0.5,Right-wing,Christian democracy Political Catholicism Social conservatism Populism,https://en.wikipedia.org/wiki/Voice_for_Children_and_Families
2018-05-07,Voice for Children and Families,1.2,Right-wing,Christian democracy Political Catholicism Social conservatism Populism,https://en.wikipedia.org/wiki/Voice_for_Children_and_Families
2018-05-09,Voice for Children and Families,2.0,Right-wing,Christian democracy Political Catholicism Social conservatism Populism,https://en.wikipedia.org/wiki/Voice_for_Children_and_Families
2018-05-10,Voice for Children and Families,0.1,Right-wing,Christian democracy Political Catholicism Social conservatism Populism,https://en.wikipedia.org/wiki/Voice_for_Children_and_Families
2018-05-10,Voice for Children and Families,0.3,Right-wing,Christian democracy Political Catholicism Social conservatism Populism,https://en.wikipedia.org/wiki/Voice_for_Children_and_Families
2018-05-15,Voice for Children and Families,0.4,Right-wing,Christian democracy Political Catholicism Social conservatism Populism,https://en.wikipedia.org/wiki/Voice_for_Children_and_Families
2018-05-17,Voice for Children and Families,0.3,Right-wing,Christian democracy Political Catholicism Social conservatism Populism,https://en.wikipedia.org/wiki/Voice_for_Children_and_Families
2018-05-17,Voice for Children and Families,1.3,Right-wing,Christian democracy Political Catholicism Social conservatism Populism,https://en.wikipedia.org/wiki/Voice_for_Children_and_Families
2018-05-17,Voice for Children and Families,0.3,Right-wing,Christian democracy Political Catholicism Social conservatism Populism,https://en.wikipedia.org/wiki/Voice_for_Children_and_Families
2018-05-22,Voice for Children and Families,0.3,Right-wing,Christian democracy Political Catholicism Social conservatism Populism,https://en.wikipedia.org/wiki/Voice_for_Children_and_Families
2018-05-23,Voice for Children and Families,0.1,Right-wing,Christian democracy Political Catholicism Social conservatism Populism,https://en.wikipedia.org/wiki/Voice_for_Children_and_Families
2018-05-25,Voice for Children and Families,1.9,Right-wing,Christian democracy Political Catholicism Social conservatism Populism,https://en.wikipedia.org/wiki/Voice_for_Children_and_Families
2018-05-25,Voice for Children and Families,0.4,Right-wing,Christian democracy Political Catholicism Social conservatism Populism,https://en.wikipedia.org/wiki/Voice_for_Children_and_Families
2018-05-27,Voice for Children and Families,0.5,Right-wing,Christian democracy Political Catholicism Social conservatism Populism,https://en.wikipedia.org/wiki/Voice_for_Children_and_Families
2018-05-29,Voice for Children and Families,0.1,Right-wing,Christian democracy Political Catholicism Social conservatism Populism,https://en.wikipedia.org/wiki/Voice_for_Children_and_Families
2018-05-30,Voice for Children and Families,0.1,Right-wing,Christian democracy Political Catholicism Social conservatism Populism,https://en.wikipedia.org/wiki/Voice_for_Children_and_Families
2018-05-31,Voice for Children and Families,0.4,Right-wing,Christian democracy Political Catholicism Social conservatism Populism,https://en.wikipedia.org/wiki/Voice_for_Children_and_Families
2018-06-03,Voice for Children and Families,0.3,Right-wing,Christian democracy Political Catholicism Social conservatism Populism,https://en.wikipedia.org/wiki/Voice_for_Children_and_Families
2018-06-03,Voice for Children and Families,0.2,Right-wing,Christian democracy Political Catholicism Social conservatism Populism,https://en.wikipedia.org/wiki/Voice_for_Children_and_Families
2026-03-22,"We, Socialists!",0.5,,Socialism,"https://en.wikipedia.org/wiki/We,_Socialists!"
2026-04-10,"We, Socialists!",0.6,,Socialism,"https://en.wikipedia.org/wiki/We,_Socialists!"
2026-05-12,"We, Socialists!",1.3,,Socialism,"https://en.wikipedia.org/wiki/We,_Socialists!"
